-- phpMyAdmin SQL Dump
-- version 5.2.0
-- https://www.phpmyadmin.net/
--
-- Host: localhost:8889
-- Generation Time: Jul 18, 2026 at 05:24 AM
-- Server version: 5.7.39
-- PHP Version: 8.2.0

SET SQL_MODE = "NO_AUTO_VALUE_ON_ZERO";
START TRANSACTION;
SET time_zone = "+00:00";


/*!40101 SET @OLD_CHARACTER_SET_CLIENT=@@CHARACTER_SET_CLIENT */;
/*!40101 SET @OLD_CHARACTER_SET_RESULTS=@@CHARACTER_SET_RESULTS */;
/*!40101 SET @OLD_COLLATION_CONNECTION=@@COLLATION_CONNECTION */;
/*!40101 SET NAMES utf8mb4 */;

--
-- Database: `quiz_db`
--

-- --------------------------------------------------------

--
-- Table structure for table `answers`
--

CREATE TABLE `answers` (
  `id` int(10) UNSIGNED NOT NULL,
  `topic_id` int(10) UNSIGNED NOT NULL,
  `user_id` int(11) NOT NULL,
  `question_id` int(11) NOT NULL,
  `user_answer` char(191) COLLATE utf8mb4_unicode_ci NOT NULL,
  `answer` char(191) COLLATE utf8mb4_unicode_ci NOT NULL,
  `created_at` timestamp NULL DEFAULT NULL,
  `updated_at` timestamp NULL DEFAULT NULL
) ENGINE=InnoDB DEFAULT CHARSET=utf8mb4 COLLATE=utf8mb4_unicode_ci;

--
-- Dumping data for table `answers`
--

INSERT INTO `answers` (`id`, `topic_id`, `user_id`, `question_id`, `user_answer`, `answer`, `created_at`, `updated_at`) VALUES
(11, 2, 3, 2, 'D', 'D', '2026-07-15 11:46:50', '2026-07-15 11:46:50'),
(12, 2, 3, 7, 'B', 'B', '2026-07-15 11:46:54', '2026-07-15 11:46:54'),
(13, 2, 3, 10, 'D', 'C', '2026-07-15 11:46:57', '2026-07-15 11:46:57'),
(14, 2, 3, 9, 'C', 'B', '2026-07-15 11:46:59', '2026-07-15 11:46:59'),
(15, 2, 3, 4, '0', 'B', '2026-07-15 11:47:02', '2026-07-15 11:47:02'),
(16, 2, 3, 8, 'C', 'C', '2026-07-15 11:47:04', '2026-07-15 11:47:04'),
(17, 2, 3, 5, 'D', 'D', '2026-07-15 11:47:08', '2026-07-15 11:47:08'),
(18, 2, 3, 1, 'C', 'C', '2026-07-15 11:47:11', '2026-07-15 11:47:11'),
(19, 2, 3, 3, 'B', 'B', '2026-07-15 11:47:31', '2026-07-15 11:47:31'),
(20, 2, 3, 6, 'A', 'B', '2026-07-15 11:47:34', '2026-07-15 11:47:34'),
(21, 2, 9, 7, 'A', 'B', '2026-07-15 11:49:34', '2026-07-15 11:49:34'),
(22, 2, 9, 4, 'C', 'B', '2026-07-15 11:49:36', '2026-07-15 11:49:36'),
(23, 2, 9, 10, 'D', 'C', '2026-07-15 11:49:38', '2026-07-15 11:49:38'),
(24, 2, 9, 6, 'D', 'B', '2026-07-15 11:49:40', '2026-07-15 11:49:40'),
(25, 2, 9, 2, 'D', 'D', '2026-07-15 11:49:42', '2026-07-15 11:49:42'),
(26, 2, 9, 5, 'A', 'D', '2026-07-15 11:49:46', '2026-07-15 11:49:46'),
(27, 2, 9, 9, 'C', 'B', '2026-07-15 11:49:49', '2026-07-15 11:49:49'),
(28, 2, 9, 3, 'A', 'B', '2026-07-15 11:49:52', '2026-07-15 11:49:52'),
(29, 2, 9, 1, 'C', 'C', '2026-07-15 11:49:55', '2026-07-15 11:49:55'),
(30, 2, 9, 8, '0', 'C', '2026-07-15 11:49:57', '2026-07-15 11:49:57');

-- --------------------------------------------------------

--
-- Table structure for table `authentication_log`
--

CREATE TABLE `authentication_log` (
  `id` bigint(20) UNSIGNED NOT NULL,
  `user_id` bigint(20) UNSIGNED DEFAULT NULL,
  `ip_address` varchar(45) COLLATE utf8mb4_unicode_ci DEFAULT NULL,
  `user_agent` text COLLATE utf8mb4_unicode_ci,
  `login_at` timestamp NULL DEFAULT NULL,
  `logout_at` timestamp NULL DEFAULT NULL,
  `created_at` timestamp NULL DEFAULT NULL,
  `updated_at` timestamp NULL DEFAULT NULL
) ENGINE=InnoDB DEFAULT CHARSET=utf8mb4 COLLATE=utf8mb4_unicode_ci;

--
-- Dumping data for table `authentication_log`
--

INSERT INTO `authentication_log` (`id`, `user_id`, `ip_address`, `user_agent`, `login_at`, `logout_at`, `created_at`, `updated_at`) VALUES
(1, 45, '::1', 'Mozilla/5.0 (Windows NT 10.0; Win64; x64) AppleWebKit/537.36 (KHTML, like Gecko) Chrome/124.0.0.0 Safari/537.36', NULL, '2024-05-16 06:18:42', NULL, '2024-05-16 06:18:42'),
(2, 53, '::1', 'Mozilla/5.0 (Windows NT 10.0; Win64; x64) AppleWebKit/537.36 (KHTML, like Gecko) Chrome/124.0.0.0 Safari/537.36', '2024-05-12 23:35:29', '2024-05-12 23:38:43', NULL, '2024-05-12 23:38:43'),
(3, 53, '::1', 'Mozilla/5.0 (Windows NT 10.0; Win64; x64) AppleWebKit/537.36 (KHTML, like Gecko) Chrome/124.0.0.0 Safari/537.36', '2024-05-12 23:35:46', NULL, NULL, NULL),
(4, 1, '::1', 'Mozilla/5.0 (Windows NT 10.0; Win64; x64) AppleWebKit/537.36 (KHTML, like Gecko) Chrome/124.0.0.0 Safari/537.36', '2024-05-12 23:36:26', '2024-05-22 05:56:19', NULL, '2024-05-22 05:56:19'),
(5, 53, '::1', 'Mozilla/5.0 (Windows NT 10.0; Win64; x64) AppleWebKit/537.36 (KHTML, like Gecko) Chrome/124.0.0.0 Safari/537.36', '2024-05-12 23:38:39', NULL, NULL, NULL),
(6, 1, '::1', 'Mozilla/5.0 (Windows NT 10.0; Win64; x64) AppleWebKit/537.36 (KHTML, like Gecko) Chrome/124.0.0.0 Safari/537.36', '2024-05-12 23:39:02', NULL, NULL, NULL),
(7, 45, '::1', 'Mozilla/5.0 (Windows NT 10.0; Win64; x64) AppleWebKit/537.36 (KHTML, like Gecko) Chrome/124.0.0.0 Safari/537.36', '2024-05-12 23:39:28', NULL, NULL, NULL),
(8, 1, '::1', 'Mozilla/5.0 (Windows NT 10.0; Win64; x64) AppleWebKit/537.36 (KHTML, like Gecko) Chrome/124.0.0.0 Safari/537.36', '2024-05-12 23:39:51', NULL, NULL, NULL),
(9, 1, '::1', 'Mozilla/5.0 (Windows NT 10.0; Win64; x64) AppleWebKit/537.36 (KHTML, like Gecko) Chrome/124.0.0.0 Safari/537.36', '2024-05-13 00:30:38', NULL, NULL, NULL),
(10, 1, '::1', 'Mozilla/5.0 (Windows NT 10.0; Win64; x64) AppleWebKit/537.36 (KHTML, like Gecko) Chrome/124.0.0.0 Safari/537.36', '2024-05-13 00:39:40', NULL, NULL, NULL),
(11, 1, '::1', 'Mozilla/5.0 (Windows NT 10.0; Win64; x64) AppleWebKit/537.36 (KHTML, like Gecko) Chrome/124.0.0.0 Safari/537.36', '2024-05-13 00:42:25', NULL, NULL, NULL),
(12, 1, '::1', 'Mozilla/5.0 (Windows NT 10.0; Win64; x64) AppleWebKit/537.36 (KHTML, like Gecko) Chrome/124.0.0.0 Safari/537.36', '2024-05-13 01:03:00', NULL, NULL, NULL),
(13, 1, '::1', 'Mozilla/5.0 (Windows NT 10.0; Win64; x64) AppleWebKit/537.36 (KHTML, like Gecko) Chrome/124.0.0.0 Safari/537.36', '2024-05-13 01:08:46', NULL, NULL, NULL),
(14, 1, '::1', 'Mozilla/5.0 (Windows NT 10.0; Win64; x64) AppleWebKit/537.36 (KHTML, like Gecko) Chrome/124.0.0.0 Safari/537.36', '2024-05-13 02:11:42', NULL, NULL, NULL),
(15, 1, '::1', 'Mozilla/5.0 (Windows NT 10.0; Win64; x64) AppleWebKit/537.36 (KHTML, like Gecko) Chrome/124.0.0.0 Safari/537.36', '2024-05-14 23:15:10', NULL, NULL, NULL),
(16, 1, '::1', 'Mozilla/5.0 (Windows NT 10.0; Win64; x64) AppleWebKit/537.36 (KHTML, like Gecko) Chrome/124.0.0.0 Safari/537.36', '2024-05-16 02:45:17', NULL, NULL, NULL),
(17, 45, '::1', 'Mozilla/5.0 (Windows NT 10.0; Win64; x64) AppleWebKit/537.36 (KHTML, like Gecko) Chrome/124.0.0.0 Safari/537.36', '2024-05-16 02:48:49', NULL, NULL, NULL),
(18, 45, '::1', 'Mozilla/5.0 (Windows NT 10.0; Win64; x64) AppleWebKit/537.36 (KHTML, like Gecko) Chrome/124.0.0.0 Safari/537.36', '2024-05-16 02:50:11', NULL, NULL, NULL),
(19, 54, '::1', 'Mozilla/5.0 (Windows NT 10.0; Win64; x64) AppleWebKit/537.36 (KHTML, like Gecko) Chrome/124.0.0.0 Safari/537.36', '2024-05-16 03:05:31', '2024-05-16 03:08:45', NULL, '2024-05-16 03:08:45'),
(20, 1, '::1', 'Mozilla/5.0 (Windows NT 10.0; Win64; x64) AppleWebKit/537.36 (KHTML, like Gecko) Chrome/124.0.0.0 Safari/537.36', '2024-05-16 03:08:59', NULL, NULL, NULL),
(21, 45, '::1', 'Mozilla/5.0 (Windows NT 10.0; Win64; x64) AppleWebKit/537.36 (KHTML, like Gecko) Chrome/124.0.0.0 Safari/537.36', '2024-05-16 03:25:20', NULL, NULL, NULL),
(22, 1, '::1', 'Mozilla/5.0 (Windows NT 10.0; Win64; x64) AppleWebKit/537.36 (KHTML, like Gecko) Chrome/124.0.0.0 Safari/537.36', '2024-05-16 03:27:32', NULL, NULL, NULL),
(23, 45, '::1', 'Mozilla/5.0 (Windows NT 10.0; Win64; x64) AppleWebKit/537.36 (KHTML, like Gecko) Chrome/124.0.0.0 Safari/537.36', '2024-05-16 04:07:27', NULL, NULL, NULL),
(24, 45, '::1', 'Mozilla/5.0 (Windows NT 10.0; Win64; x64) AppleWebKit/537.36 (KHTML, like Gecko) Chrome/124.0.0.0 Safari/537.36', '2024-05-16 04:29:43', NULL, NULL, NULL),
(25, 56, '::1', 'Mozilla/5.0 (Windows NT 10.0; Win64; x64) AppleWebKit/537.36 (KHTML, like Gecko) Chrome/124.0.0.0 Safari/537.36', '2024-05-16 04:49:04', NULL, NULL, NULL),
(26, 1, '::1', 'Mozilla/5.0 (Windows NT 10.0; Win64; x64) AppleWebKit/537.36 (KHTML, like Gecko) Chrome/124.0.0.0 Safari/537.36', '2024-05-16 04:52:23', NULL, NULL, NULL),
(27, 57, '::1', 'Mozilla/5.0 (Windows NT 10.0; Win64; x64) AppleWebKit/537.36 (KHTML, like Gecko) Chrome/124.0.0.0 Safari/537.36', '2024-05-16 04:59:36', NULL, NULL, NULL),
(28, 58, '::1', 'Mozilla/5.0 (Windows NT 10.0; Win64; x64) AppleWebKit/537.36 (KHTML, like Gecko) Chrome/124.0.0.0 Safari/537.36', '2024-05-16 05:04:47', NULL, NULL, NULL),
(29, 59, '::1', 'Mozilla/5.0 (Windows NT 10.0; Win64; x64) AppleWebKit/537.36 (KHTML, like Gecko) Chrome/124.0.0.0 Safari/537.36', '2024-05-16 05:08:08', NULL, NULL, NULL),
(30, 61, '::1', 'Mozilla/5.0 (Windows NT 10.0; Win64; x64) AppleWebKit/537.36 (KHTML, like Gecko) Chrome/124.0.0.0 Safari/537.36', '2024-05-16 05:12:49', NULL, NULL, NULL),
(31, 62, '::1', 'Mozilla/5.0 (Windows NT 10.0; Win64; x64) AppleWebKit/537.36 (KHTML, like Gecko) Chrome/124.0.0.0 Safari/537.36', '2024-05-16 05:14:55', NULL, NULL, NULL),
(32, 60, '::1', 'Mozilla/5.0 (Windows NT 10.0; Win64; x64) AppleWebKit/537.36 (KHTML, like Gecko) Chrome/124.0.0.0 Safari/537.36', '2024-05-16 05:19:08', NULL, NULL, NULL),
(33, 64, '::1', 'Mozilla/5.0 (Windows NT 10.0; Win64; x64) AppleWebKit/537.36 (KHTML, like Gecko) Chrome/124.0.0.0 Safari/537.36', '2024-05-16 05:22:27', '2024-05-16 05:23:21', NULL, '2024-05-16 05:23:21'),
(34, 63, '::1', 'Mozilla/5.0 (Windows NT 10.0; Win64; x64) AppleWebKit/537.36 (KHTML, like Gecko) Chrome/124.0.0.0 Safari/537.36', '2024-05-16 05:23:32', NULL, NULL, NULL),
(35, 65, '::1', 'Mozilla/5.0 (Windows NT 10.0; Win64; x64) AppleWebKit/537.36 (KHTML, like Gecko) Chrome/124.0.0.0 Safari/537.36', '2024-05-16 05:27:16', NULL, NULL, NULL),
(36, 66, '::1', 'Mozilla/5.0 (Windows NT 10.0; Win64; x64) AppleWebKit/537.36 (KHTML, like Gecko) Chrome/124.0.0.0 Safari/537.36', '2024-05-16 05:28:53', NULL, NULL, NULL),
(37, 67, '::1', 'Mozilla/5.0 (Windows NT 10.0; Win64; x64) AppleWebKit/537.36 (KHTML, like Gecko) Chrome/124.0.0.0 Safari/537.36', '2024-05-16 05:38:52', NULL, NULL, NULL),
(38, 68, '::1', 'Mozilla/5.0 (Windows NT 10.0; Win64; x64) AppleWebKit/537.36 (KHTML, like Gecko) Chrome/124.0.0.0 Safari/537.36', '2024-05-16 05:40:52', NULL, NULL, NULL),
(39, 1, '::1', 'Mozilla/5.0 (Windows NT 10.0; Win64; x64) AppleWebKit/537.36 (KHTML, like Gecko) Chrome/124.0.0.0 Safari/537.36', '2024-05-16 05:45:52', NULL, NULL, NULL),
(40, 45, '::1', 'Mozilla/5.0 (Windows NT 10.0; Win64; x64) AppleWebKit/537.36 (KHTML, like Gecko) Chrome/124.0.0.0 Safari/537.36', '2024-05-16 06:18:24', NULL, NULL, NULL),
(41, 1, '::1', 'Mozilla/5.0 (Windows NT 10.0; Win64; x64) AppleWebKit/537.36 (KHTML, like Gecko) Chrome/124.0.0.0 Safari/537.36', '2024-05-16 06:18:57', NULL, NULL, NULL),
(42, 1, '::1', 'Mozilla/5.0 (Windows NT 10.0; Win64; x64) AppleWebKit/537.36 (KHTML, like Gecko) Chrome/124.0.0.0 Safari/537.36', '2024-05-16 06:24:26', NULL, NULL, NULL),
(43, 1, '::1', 'Mozilla/5.0 (Windows NT 10.0; Win64; x64) AppleWebKit/537.36 (KHTML, like Gecko) Chrome/124.0.0.0 Safari/537.36', '2024-05-22 02:21:49', NULL, NULL, NULL),
(44, 1, '::1', 'Mozilla/5.0 (Windows NT 10.0; Win64; x64) AppleWebKit/537.36 (KHTML, like Gecko) Chrome/124.0.0.0 Safari/537.36', '2024-05-22 05:56:52', NULL, NULL, NULL),
(45, 1, '127.0.0.1', 'Mozilla/5.0 (Macintosh; Intel Mac OS X 10_15_7) AppleWebKit/537.36 (KHTML, like Gecko) Chrome/150.0.0.0 Safari/537.36', '2026-07-15 10:00:25', '2026-07-15 11:48:46', NULL, '2026-07-15 11:48:46'),
(46, 3, '127.0.0.1', 'Mozilla/5.0 (Macintosh; Intel Mac OS X 10_15_7) AppleWebKit/537.36 (KHTML, like Gecko) Chrome/150.0.0.0 Safari/537.36', '2026-07-15 10:39:17', '2026-07-15 11:48:31', NULL, '2026-07-15 11:48:31'),
(47, 1, '127.0.0.1', 'Mozilla/5.0 (Macintosh; Intel Mac OS X 10_15_7) AppleWebKit/537.36 (KHTML, like Gecko) Chrome/150.0.0.0 Safari/537.36', '2026-07-15 10:42:49', NULL, NULL, NULL),
(48, 3, '127.0.0.1', 'Mozilla/5.0 (Macintosh; Intel Mac OS X 10_15_7) AppleWebKit/537.36 (KHTML, like Gecko) Chrome/150.0.0.0 Safari/537.36', '2026-07-15 11:39:24', NULL, NULL, NULL),
(49, 1, '127.0.0.1', 'Mozilla/5.0 (Macintosh; Intel Mac OS X 10_15_7) AppleWebKit/537.36 (KHTML, like Gecko) Chrome/150.0.0.0 Safari/537.36', '2026-07-15 11:43:58', NULL, NULL, NULL),
(50, 3, '127.0.0.1', 'Mozilla/5.0 (Macintosh; Intel Mac OS X 10_15_7) AppleWebKit/537.36 (KHTML, like Gecko) Chrome/150.0.0.0 Safari/537.36', '2026-07-15 11:45:33', NULL, NULL, NULL),
(51, 1, '127.0.0.1', 'Mozilla/5.0 (Macintosh; Intel Mac OS X 10_15_7) AppleWebKit/537.36 (KHTML, like Gecko) Chrome/150.0.0.0 Safari/537.36', '2026-07-15 11:48:36', NULL, NULL, NULL),
(52, 9, '127.0.0.1', 'Mozilla/5.0 (Macintosh; Intel Mac OS X 10_15_7) AppleWebKit/537.36 (KHTML, like Gecko) Chrome/150.0.0.0 Safari/537.36', '2026-07-15 11:49:22', '2026-07-15 11:50:08', NULL, '2026-07-15 11:50:08'),
(53, 1, '127.0.0.1', 'Mozilla/5.0 (Macintosh; Intel Mac OS X 10_15_7) AppleWebKit/537.36 (KHTML, like Gecko) Chrome/150.0.0.0 Safari/537.36', '2026-07-15 11:50:11', NULL, NULL, NULL);

-- --------------------------------------------------------

--
-- Table structure for table `configs`
--

CREATE TABLE `configs` (
  `id` int(10) UNSIGNED NOT NULL,
  `MAIL_FROM_NAME` varchar(191) COLLATE utf8mb4_unicode_ci NOT NULL,
  `MAIL_DRIVER` varchar(191) COLLATE utf8mb4_unicode_ci NOT NULL,
  `MAIL_HOST` varchar(191) COLLATE utf8mb4_unicode_ci NOT NULL,
  `MAIL_PORT` varchar(191) COLLATE utf8mb4_unicode_ci NOT NULL,
  `MAIL_USERNAME` varchar(191) COLLATE utf8mb4_unicode_ci NOT NULL,
  `MAIL_FROM_ADDRESS` varchar(191) COLLATE utf8mb4_unicode_ci NOT NULL,
  `MAIL_PASSWORD` varchar(191) COLLATE utf8mb4_unicode_ci NOT NULL,
  `MAIL_ENCRYPTION` varchar(191) COLLATE utf8mb4_unicode_ci DEFAULT NULL,
  `created_at` timestamp NULL DEFAULT NULL,
  `updated_at` timestamp NULL DEFAULT NULL
) ENGINE=InnoDB DEFAULT CHARSET=utf8mb4 COLLATE=utf8mb4_unicode_ci;

-- --------------------------------------------------------

--
-- Table structure for table `copyrighttexts`
--

CREATE TABLE `copyrighttexts` (
  `id` int(10) UNSIGNED NOT NULL,
  `name` varchar(191) COLLATE utf8mb4_unicode_ci NOT NULL,
  `created_at` timestamp NULL DEFAULT NULL,
  `updated_at` timestamp NULL DEFAULT NULL
) ENGINE=InnoDB DEFAULT CHARSET=utf8mb4 COLLATE=utf8mb4_unicode_ci;

--
-- Dumping data for table `copyrighttexts`
--

INSERT INTO `copyrighttexts` (`id`, `name`, `created_at`, `updated_at`) VALUES
(1, '2024 Quick Quiz. All Rights Reserved', NULL, '2024-05-22 05:57:18');

-- --------------------------------------------------------

--
-- Table structure for table `faq`
--

CREATE TABLE `faq` (
  `id` int(10) UNSIGNED NOT NULL,
  `title` varchar(191) COLLATE utf8mb4_unicode_ci NOT NULL,
  `details` longtext COLLATE utf8mb4_unicode_ci NOT NULL,
  `created_at` timestamp NULL DEFAULT NULL,
  `updated_at` timestamp NULL DEFAULT NULL
) ENGINE=InnoDB DEFAULT CHARSET=utf8mb4 COLLATE=utf8mb4_unicode_ci;

-- --------------------------------------------------------

--
-- Table structure for table `migrations`
--

CREATE TABLE `migrations` (
  `id` int(10) UNSIGNED NOT NULL,
  `migration` varchar(191) COLLATE utf8mb4_unicode_ci NOT NULL,
  `batch` int(11) NOT NULL
) ENGINE=InnoDB DEFAULT CHARSET=utf8mb4 COLLATE=utf8mb4_unicode_ci;

--
-- Dumping data for table `migrations`
--

INSERT INTO `migrations` (`id`, `migration`, `batch`) VALUES
(1, '2014_10_12_000000_create_users_table', 1),
(2, '2014_10_12_100000_create_password_resets_table', 1),
(3, '2017_11_23_160102_create_sessions_table', 1),
(4, '2017_11_25_133229_create_settings_table', 1),
(5, '2017_12_03_080242_create_topics_table', 1),
(6, '2017_12_03_080330_create_tests_table', 1),
(7, '2017_12_03_091845_create_questions_table', 1),
(8, '2017_12_03_110511_create_answers_table', 1),
(9, '2017_12_21_085915_add_image_video_column_to_questions', 2),
(12, '2019_02_07_113422_create_f_a_qs_table', 4),
(13, '2019_02_04_122123_create_pages_table', 5),
(14, '2019_02_12_065327_create_copyrighttexts_table', 6),
(17, '2019_02_04_100908_create_social_icons_table', 7),
(18, '2019_02_15_072716_create_config_table', 8),
(19, '2019_02_12_165455_create_topic_user_table', 9);

-- --------------------------------------------------------

--
-- Table structure for table `pages`
--

CREATE TABLE `pages` (
  `id` int(10) UNSIGNED NOT NULL,
  `name` varchar(191) COLLATE utf8mb4_unicode_ci NOT NULL,
  `details` varchar(191) COLLATE utf8mb4_unicode_ci NOT NULL,
  `slug` varchar(191) COLLATE utf8mb4_unicode_ci NOT NULL,
  `status` tinyint(1) NOT NULL,
  `show_in_menu` int(11) NOT NULL DEFAULT '0'
) ENGINE=InnoDB DEFAULT CHARSET=utf8mb4 COLLATE=utf8mb4_unicode_ci;

-- --------------------------------------------------------

--
-- Table structure for table `password_resets`
--

CREATE TABLE `password_resets` (
  `email` varchar(191) COLLATE utf8mb4_unicode_ci NOT NULL,
  `token` varchar(191) COLLATE utf8mb4_unicode_ci NOT NULL,
  `created_at` timestamp NULL DEFAULT NULL
) ENGINE=InnoDB DEFAULT CHARSET=utf8mb4 COLLATE=utf8mb4_unicode_ci;

-- --------------------------------------------------------

--
-- Table structure for table `p_w_a_settings`
--

CREATE TABLE `p_w_a_settings` (
  `id` bigint(20) UNSIGNED NOT NULL,
  `pwa_icon` varchar(191) COLLATE utf8mb4_unicode_ci DEFAULT NULL,
  `pwa_splash_icon` varchar(191) COLLATE utf8mb4_unicode_ci DEFAULT NULL,
  `created_at` timestamp NULL DEFAULT NULL,
  `updated_at` timestamp NULL DEFAULT NULL
) ENGINE=InnoDB DEFAULT CHARSET=utf8mb4 COLLATE=utf8mb4_unicode_ci;

-- --------------------------------------------------------

--
-- Table structure for table `questions`
--

CREATE TABLE `questions` (
  `id` int(10) UNSIGNED NOT NULL,
  `topic_id` int(10) UNSIGNED NOT NULL,
  `question` text COLLATE utf8mb4_unicode_ci NOT NULL,
  `a` varchar(191) COLLATE utf8mb4_unicode_ci NOT NULL,
  `b` varchar(191) COLLATE utf8mb4_unicode_ci NOT NULL,
  `c` varchar(191) COLLATE utf8mb4_unicode_ci NOT NULL,
  `d` varchar(191) COLLATE utf8mb4_unicode_ci NOT NULL,
  `e` varchar(191) COLLATE utf8mb4_unicode_ci DEFAULT NULL,
  `f` varchar(191) COLLATE utf8mb4_unicode_ci DEFAULT NULL,
  `answer` varchar(191) COLLATE utf8mb4_unicode_ci NOT NULL,
  `code_snippet` text COLLATE utf8mb4_unicode_ci,
  `answer_exp` text COLLATE utf8mb4_unicode_ci,
  `created_at` timestamp NULL DEFAULT NULL,
  `updated_at` timestamp NULL DEFAULT NULL,
  `question_img` varchar(191) COLLATE utf8mb4_unicode_ci DEFAULT NULL,
  `question_video_link` varchar(191) COLLATE utf8mb4_unicode_ci DEFAULT NULL,
  `question_audio` longtext COLLATE utf8mb4_unicode_ci
) ENGINE=InnoDB DEFAULT CHARSET=utf8mb4 COLLATE=utf8mb4_unicode_ci;

--
-- Dumping data for table `questions`
--

INSERT INTO `questions` (`id`, `topic_id`, `question`, `a`, `b`, `c`, `d`, `e`, `f`, `answer`, `code_snippet`, `answer_exp`, `created_at`, `updated_at`, `question_img`, `question_video_link`, `question_audio`) VALUES
(1, 2, 'พยัญชนะไทยมีทั้งหมดกี่ตัว?', '40 ตัว', '42 ตัว', '44 ตัว', '46 ตัว', NULL, NULL, 'C', NULL, 'พยัญชนะไทยมีทั้งหมด 44 ตัว ตั้งแต่ ก.ไก่ ถึง ฮ.นกฮูก', '2026-07-15 18:40:53', '2026-07-15 18:40:53', NULL, NULL, NULL),
(2, 2, 'ข้อใดคือสระในภาษาไทย?', 'ก', 'ะ', 'า', 'ทั้ง B และ C เป็นสระ', NULL, NULL, 'D', NULL, '\"ะ\" คือสระอะ และ \"า\" คือสระอา ส่วน \"ก\" เป็นพยัญชนะ', '2026-07-15 18:40:53', '2026-07-15 18:40:53', NULL, NULL, NULL),
(3, 2, 'พยัญชนะตัวแรกของภาษาไทยคือตัวอะไร?', 'ข.ไข่', 'ก.ไก่', 'ค.ควาย', 'ฮ.นกฮูก', NULL, NULL, 'B', NULL, 'พยัญชนะตัวแรกคือ ก.ไก่ และตัวสุดท้ายคือ ฮ.นกฮูก', '2026-07-15 18:40:53', '2026-07-15 18:40:53', NULL, NULL, NULL),
(4, 2, 'คำว่า \"บ้าน\" ประสมด้วยสระอะไร?', 'สระอะ', 'สระอา', 'สระอำ', 'สระอู', NULL, NULL, 'B', NULL, 'คำว่า \"บ้าน\" (บ + า + น + ไม้โท) ประสมด้วยสระอา', '2026-07-15 18:40:53', '2026-07-15 18:40:53', NULL, NULL, NULL),
(5, 2, 'ตัวอักษรใดทำหน้าที่เป็นได้ทั้งพยัญชนะและสระ?', 'อ.อ่าง', 'ย.ยักษ์', 'ว.แหวน', 'ถูกทุกข้อ', NULL, NULL, 'D', NULL, 'อ, ย, ว สามารถทำหน้าที่เป็นสระร่วมได้ เช่น สระออ (พ่อ), สระเอีย (เรียน), สระอัว (ตัว)', '2026-07-15 18:40:53', '2026-07-15 18:40:53', NULL, NULL, NULL),
(6, 2, 'คำในข้อใดสะกดด้วย \"สระอี\"?', 'กิน', 'ตี', 'ดำ', 'มือ', NULL, NULL, 'B', NULL, 'คำว่า \"ตี\" (ต + อี) สะกดด้วยสระอี', '2026-07-15 18:40:53', '2026-07-15 18:40:53', NULL, NULL, NULL),
(7, 2, 'พยัญชนะตัวสุดท้ายของภาษาไทยคือตัวใด?', 'อ.อ่าง', 'ฮ.นกฮูก', 'ร.เรือ', 'ล.ลิง', NULL, NULL, 'B', NULL, 'พยัญชนะตัวที่ 44 ซึ่งเป็นตัวสุดท้ายคือ ฮ.นกฮูก', '2026-07-15 18:40:53', '2026-07-15 18:40:53', NULL, NULL, NULL),
(8, 2, 'สระในข้อใดเป็น \"สระเสียงยาว\"?', 'สระอะ', 'สระอิ', 'สระอา', 'สระอุ', NULL, NULL, 'C', NULL, 'สระอาเป็นสระเสียงยาวคู่กับสระอะซึ่งเป็นสระเสียงสั้น', '2026-07-15 18:40:53', '2026-07-15 18:40:53', NULL, NULL, NULL),
(9, 2, 'คำว่า \"กิน\" ประสมด้วยสระใด?', 'สระอี', 'สระอิ', 'สระอุ', 'สระอือ', NULL, NULL, 'B', NULL, 'คำว่า \"กิน\" (ก + อิ + น) ประสมด้วยสระอิ', '2026-07-15 18:40:53', '2026-07-15 18:40:53', NULL, NULL, NULL),
(10, 2, 'ข้อใดมีเสียงสระเหมือนกับคำว่า \"มือ\"?', 'ดึง', 'ดู', 'ถือ', 'มา', NULL, NULL, 'C', NULL, 'คำว่า \"มือ\" และ \"ถือ\" ประสมด้วยสระอือเหมือนกัน', '2026-07-15 18:40:53', '2026-07-15 18:40:53', NULL, NULL, NULL);

-- --------------------------------------------------------

--
-- Table structure for table `sessions`
--

CREATE TABLE `sessions` (
  `id` varchar(191) COLLATE utf8mb4_unicode_ci NOT NULL,
  `user_id` int(10) UNSIGNED DEFAULT NULL,
  `ip_address` varchar(45) COLLATE utf8mb4_unicode_ci DEFAULT NULL,
  `user_agent` text COLLATE utf8mb4_unicode_ci,
  `payload` text COLLATE utf8mb4_unicode_ci NOT NULL,
  `last_activity` int(11) NOT NULL
) ENGINE=InnoDB DEFAULT CHARSET=utf8mb4 COLLATE=utf8mb4_unicode_ci;

-- --------------------------------------------------------

--
-- Table structure for table `settings`
--

CREATE TABLE `settings` (
  `id` int(10) UNSIGNED NOT NULL,
  `logo` varchar(191) COLLATE utf8mb4_unicode_ci DEFAULT NULL,
  `favicon` varchar(191) COLLATE utf8mb4_unicode_ci DEFAULT NULL,
  `welcome_txt` varchar(191) COLLATE utf8mb4_unicode_ci NOT NULL DEFAULT 'Quick Quiz',
  `userquiz` tinyint(1) DEFAULT '0',
  `w_email` varchar(50) COLLATE utf8mb4_unicode_ci DEFAULT NULL,
  `currency_code` varchar(50) COLLATE utf8mb4_unicode_ci DEFAULT NULL,
  `currency_symbol` varchar(50) COLLATE utf8mb4_unicode_ci DEFAULT NULL,
  `google_login` tinyint(1) DEFAULT '0',
  `fb_login` tinyint(1) DEFAULT '0',
  `gitlab_login` tinyint(1) DEFAULT '0',
  `right_setting` tinyint(1) DEFAULT NULL,
  `element_setting` tinyint(1) DEFAULT NULL,
  `wel_mail` tinyint(1) NOT NULL DEFAULT '0',
  `coming_soon` tinyint(1) NOT NULL DEFAULT '0',
  `comingsoon_enabled_ip` varchar(191) COLLATE utf8mb4_unicode_ci DEFAULT NULL,
  `created_at` timestamp NULL DEFAULT NULL,
  `updated_at` timestamp NULL DEFAULT NULL
) ENGINE=InnoDB DEFAULT CHARSET=utf8mb4 COLLATE=utf8mb4_unicode_ci;

--
-- Dumping data for table `settings`
--

INSERT INTO `settings` (`id`, `logo`, `favicon`, `welcome_txt`, `userquiz`, `w_email`, `currency_code`, `currency_symbol`, `google_login`, `fb_login`, `gitlab_login`, `right_setting`, `element_setting`, `wel_mail`, `coming_soon`, `comingsoon_enabled_ip`, `created_at`, `updated_at`) VALUES
(1, 'logo_1512974578qq2.png', 'favicon.ico', 'Quick Quiz', NULL, 'test@gmail.com', 'USD', 'fa fa-dollar', 0, 0, 0, 0, 0, 0, 0, NULL, NULL, '2019-05-26 00:34:27');

-- --------------------------------------------------------

--
-- Table structure for table `social_icons`
--

CREATE TABLE `social_icons` (
  `id` int(10) UNSIGNED NOT NULL,
  `title` varchar(191) COLLATE utf8mb4_unicode_ci NOT NULL,
  `url` varchar(191) COLLATE utf8mb4_unicode_ci NOT NULL,
  `icon` varchar(191) COLLATE utf8mb4_unicode_ci NOT NULL,
  `status` tinyint(1) NOT NULL
) ENGINE=InnoDB DEFAULT CHARSET=utf8mb4 COLLATE=utf8mb4_unicode_ci;

-- --------------------------------------------------------

--
-- Table structure for table `tbl_gallery`
--

CREATE TABLE `tbl_gallery` (
  `id` int(11) NOT NULL,
  `cat_id` int(11) NOT NULL,
  `video_title` varchar(255) NOT NULL,
  `video_url` varchar(500) NOT NULL,
  `video_id` varchar(255) NOT NULL,
  `video_thumbnail` varchar(255) NOT NULL,
  `video_duration` varchar(255) NOT NULL,
  `video_description` text NOT NULL,
  `video_type` varchar(45) NOT NULL,
  `video_status` int(11) NOT NULL DEFAULT '1',
  `size` varchar(255) NOT NULL,
  `total_views` int(11) NOT NULL DEFAULT '0',
  `date_time` timestamp NOT NULL DEFAULT CURRENT_TIMESTAMP
) ENGINE=InnoDB DEFAULT CHARSET=utf8mb4;

--
-- Dumping data for table `tbl_gallery`
--
NSERT INTO `tbl_gallery` (`id`, `cat_id`, `video_title`, `video_url`, `video_id`, `video_thumbnail`, `video_duration`, `video_description`, `video_type`, `video_status`, `size`, `total_views`, `date_time`) VALUES
(4, 4, 'Satu Indonesiaku Persembahan untuk Negeri', 'https://www.youtube.com/watch?v=fcIML2MI_U0', 'fcIML2MI_U0', '', '7:18', '<p><strong>Lorem Ipsum</strong>&nbsp;is simply dummy text of the printing and typesetting industry. Lorem Ipsum has been the industry&#39;s standard dummy text ever since the 1500s, when an unknown printer took a galley of type and scrambled it to make a type specimen book. It has survived not only five centuries, but also the leap into electronic typesetting, remaining essentially unchanged. It was popularised in the 1960s with the release of Letraset sheets containing Lorem Ipsum passages, and more recently with desktop publishing software like Aldus PageMaker including versions of Lorem Ipsum.</p>\r\n', 'youtube', 1, '', 10, '2018-02-12 07:01:54'),
(5, 5, 'Crazy Football High Level Skills', 'https://www.youtube.com/watch?v=jIuwP1tLRnM', 'jIuwP1tLRnM', '', '6:07', '<p><strong>Lorem Ipsum</strong>&nbsp;is simply dummy text of the printing and typesetting industry. Lorem Ipsum has been the industry&#39;s standard dummy text ever since the 1500s, when an unknown printer took a galley of type and scrambled it to make a type specimen book. It has survived not only five centuries, but also the leap into electronic typesetting, remaining essentially unchanged. It was popularised in the 1960s with the release of Letraset sheets containing Lorem Ipsum passages, and more recently with desktop publishing software like Aldus PageMaker including versions of Lorem Ipsum.</p>\r\n', 'youtube', 1, '', 4, '2018-02-12 07:01:54'),
(6, 4, 'Jalani Mimpi Video Clip of Noah Band', 'https://www.youtube.com/watch?v=MhaWRStfP_c', 'MhaWRStfP_c', '', '04:02', '<p>Lorem Ipsum&nbsp;is simply dummy text of the printing and typesetting industry. Lorem Ipsum has been the industry&#39;s standard dummy text ever since the 1500s, when an unknown printer took a galley of type and scrambled it to make a type specimen book. It has survived not only five centuries, but also the leap into electronic typesetting, remaining essentially unchanged. It was popularised in the 1960s with the release of Letraset sheets containing Lorem Ipsum passages, and more recently with desktop publishing software like Aldus PageMaker including versions of Lorem Ipsum.</p>\r\n\r\n<p>Lorem Ipsum&nbsp;is simply dummy text of the printing and typesetting industry. Lorem Ipsum has been the industry&#39;s standard dummy text ever since the 1500s, when an unknown printer took a galley of type and scrambled it to make a type specimen book. It has survived not only five centuries, but also the leap into electronic typesetting, remaining essentially unchanged. It was popularised in the 1960s with the release of Letraset sheets containing Lorem Ipsum passages, and more recently with desktop publishing software like Aldus PageMaker including versions of Lorem Ipsum.</p>\r\n', 'youtube', 1, '', 8, '2018-02-12 07:01:54'),
(7, 1, 'Tujhme Rab Dikhta Hai by Shreya Ghoshal', 'https://www.youtube.com/watch?v=KQc3bAItPEw', 'KQc3bAItPEw', '', '02:09', '<p>Lorem Ipsum&nbsp;is simply dummy text of the printing and typesetting industry. Lorem Ipsum has been the industry&#39;s standard dummy text ever since the 1500s, when an unknown printer took a galley of type and scrambled it to make a type specimen book. It has survived not only five centuries, but also the leap into electronic typesetting, remaining essentially unchanged. It was popularised in the 1960s with the release of Letraset sheets containing Lorem Ipsum passages, and more recently with desktop publishing software like Aldus PageMaker including versions of Lorem Ipsum.</p>\r\n\r\n<p>Lorem Ipsum&nbsp;is simply dummy text of the printing and typesetting industry. Lorem Ipsum has been the industry&#39;s standard dummy text ever since the 1500s, when an unknown printer took a galley of type and scrambled it to make a type specimen book. It has survived not only five centuries, but also the leap into electronic typesetting, remaining essentially unchanged. It was popularised in the 1960s with the release of Letraset sheets containing Lorem Ipsum passages, and more recently with desktop publishing software like Aldus PageMaker including versions of Lorem Ipsum.</p>\r\n', 'youtube', 1, '', 6, '2018-02-12 07:01:54'),
(8, 4, 'Tiba2 Ku Menangis - Koes Plus Live Concert', 'https://www.youtube.com/watch?v=PuQjXiGdPAk', 'PuQjXiGdPAk', '', '03:11', '<p>Lorem Ipsum&nbsp;is simply dummy text of the printing and typesetting industry. Lorem Ipsum has been the industry&#39;s standard dummy text ever since the 1500s, when an unknown printer took a galley of type and scrambled it to make a type specimen book. It has survived not only five centuries, but also the leap into electronic typesetting, remaining essentially unchanged. It was popularised in the 1960s with the release of Letraset sheets containing Lorem Ipsum passages, and more recently with desktop publishing software like Aldus PageMaker including versions of Lorem Ipsum.</p>\r\n\r\n<p>Lorem Ipsum&nbsp;is simply dummy text of the printing and typesetting industry. Lorem Ipsum has been the industry&#39;s standard dummy text ever since the 1500s, when an unknown printer took a galley of type and scrambled it to make a type specimen book. It has survived not only five centuries, but also the leap into electronic typesetting, remaining essentially unchanged. It was popularised in the 1960s with the release of Letraset sheets containing Lorem Ipsum passages, and more recently with desktop publishing software like Aldus PageMaker including versions of Lorem Ipsum.</p>\r\n', 'youtube', 1, '', 13, '2018-02-12 07:01:54'),
(10, 6, 'My Name Song', 'https://www.youtube.com/watch?v=95EFNsXgRhQ', '95EFNsXgRhQ', '', '04:01', '<p>Lorem ipsum dolor sit amet, consectetur adipiscing elit, sed do eiusmod tempor incididunt ut labore et dolore magna aliqua. Ut enim ad minim veniam, quis nostrud exercitation ullamco laboris nisi ut aliquip ex ea commodo consequat. Duis aute irure dolor in reprehenderit in voluptate velit esse cillum dolore eu fugiat nulla pariatur. Excepteur sint occaecat cupidatat non proident, sunt in culpa qui officia deserunt mollit anim id est laborum.</p>\r\n\r\n<p>Lorem ipsum dolor sit amet, consectetur adipiscing elit, sed do eiusmod tempor incididunt ut labore et dolore magna aliqua. Ut enim ad minim veniam, quis nostrud exercitation ullamco laboris nisi ut aliquip ex ea commodo consequat. Duis aute irure dolor in reprehenderit in voluptate velit esse cillum dolore eu fugiat nulla pariatur. Excepteur sint occaecat cupidatat non proident, sunt in culpa qui officia deserunt mollit anim id est laborum.</p>\r\n', 'youtube', 1, '', 2, '2020-04-25 08:38:08'),
(11, 3, ' วิธีใช้ Google AI Studio 2025 ครบจบใน 20 นาที #ครูยู', 'https://www.youtube.com/watch?v=AJkqKgrWBjU', 'AJkqKgrWBjU', '1748710675_Screenshot 2568-05-31 at 23.55.47.png', '18:42', '<p>&nbsp;</p>\r\n\r\n<p>สอนใช้ Google AI studio สร้างเสียงไทย สร้างภาพ สร้างวิดีโอ Google AI Studio <a href=\"https://www.youtube.com/redirect?event=video_description&amp;redir_token=QUFFLUhqbV8wb2lrTXZNOGFBOVRaQ1Q1T2t4TDNwNWdsd3xBQ3Jtc0tsdk1OUWRCUkZWcS1WNXZQYURQTjdZZmZmalNvUVo3M1RLX0hxWU1KOEpRYnVsZlc4ZjdKT0xLbk1WelhGVlJBZHM1OFR4SXN0Y3YxZXpjR0t4X1JfdnVMenRSTFhFcDREZl9FMm5fTHl5YnNjdnNZZw&amp;q=https%3A%2F%2Faistudio.google.com%2F&amp;v=AJkqKgrWBjU\" target=\"_blank\">https://aistudio.google.com/</a> เป็นเครื่องมือที่ทรงพลังในการสร้างสรรค์คอนเทนต์ยุคใหม่ โดยไม่ต้องใช้โปรแกรมซับซ้อนหรืออุปกรณ์ราคาแพง ไม่ว่าคุณจะเป็นยูทูบเบอร์ นักการตลาด หรือเจ้าของธุรกิจ ก็สามารถใช้แพลตฟอร์มนี้เพื่อเปลี่ยน &quot;ข้อความ&quot; ให้กลายเป็น เสียง ภาพ หรือวิดีโอ ได้ในเวลาไม่กี่นาที <a href=\"https://www.youtube.com/watch?v=AJkqKgrWBjU\" target=\"\">00:00</a> สอนใช้ Google AI Studio <a href=\"https://www.youtube.com/watch?v=AJkqKgrWBjU&amp;t=38s\" target=\"\">00:38</a> ส่วนประกอบหลักของ AI Gooogle <a href=\"https://www.youtube.com/watch?v=AJkqKgrWBjU&amp;t=62s\" target=\"\">01:02</a> Chat จาก Google AI <a href=\"https://www.youtube.com/watch?v=AJkqKgrWBjU&amp;t=178s\" target=\"\">02:58</a> สรุป YouTube ด้วย AI <a href=\"https://www.youtube.com/watch?v=AJkqKgrWBjU&amp;t=335s\" target=\"\">05:35</a> สร้างเสียง AI ภาษาไทย <a href=\"https://www.youtube.com/watch?v=AJkqKgrWBjU&amp;t=513s\" target=\"\">08:33</a> สร้างเสียง Poscast AI คุยกัน <a href=\"https://www.youtube.com/watch?v=AJkqKgrWBjU&amp;t=725s\" target=\"\">12:05</a> สร้างภาพด้วย Google AI <a href=\"https://www.youtube.com/watch?v=AJkqKgrWBjU&amp;t=837s\" target=\"\">13:57</a> Veo2 สร้างวิดีโอ AI ทำความรู้จักกับ Google AI Studio Google AI Studio แบ่งการทำงานออกเป็น 3 ส่วนหลัก ได้แก่: Chat Mode: ใช้ในการสร้างข้อความ บทความ บทสนทนา หรือสคริปต์โฆษณา Generate Media: สร้างเสียง ภาพ และวิดีโอจากข้อความที่เราป้อนเข้าไป Model Selection: เลือกโมเดลการทำงานตามความเร็วหรือความละเอียดที่ต้องการ เช่น Pro, Flash หรือ Thinking Mode สร้าง &ldquo;เสียง&rdquo; ด้วยข้อความง่ายๆ ผู้ใช้งานสามารถเลือกได้ว่าอยากได้เสียงพูดคนเดียว (Single Speaker) หรือบทสนทนา 2 คน (Multi Speaker) โดยมีขั้นตอนง่ายๆ ดังนี้: ใส่ข้อความที่ต้องการให้พูด เช่น &ldquo;สคริปต์ขาย iPhone 14&rdquo; เลือกเสียงผู้ชายหรือผู้หญิง และสำเนียงตามต้องการ คลิก &ldquo;Run&rdquo; แล้วรอเพียงไม่กี่วินาที หากคุณอยากเริ่มต้นสร้างรายได้ออนไลน์ หรือเปลี่ยนไอเดียให้กลายเป็นสื่อคุณภาพ อย่าพลาดทดลองใช้ Google AI Studio ฟรีตั้งแต่วันนี้! 🎬 สนใจคอร์สออนไลน์ YouTube Expert ➡︎ <a href=\"https://www.youtube.com/redirect?event=video_description&amp;redir_token=QUFFLUhqa2NhTm1QMFF5Wi1qUkc3S1c2SEh2MG4xNlU1Z3xBQ3Jtc0ttbXNaVy1OaENxN1p6ME9LQV9mVmhxRzJjODBSMmU5dmItZzlydjlPQm1NUWlReXY5aDhYUV9ITVdveHZjNDdmcndyc3pyN2FZLVRQcFVsZkE4YkdKRldTWF9raU03b0JTZGV0ZVY0NDRzNmRtM0xfbw&amp;q=https%3A%2F%2Fkruyoo.com%2Fyoutube-expert&amp;v=AJkqKgrWBjU\" target=\"_blank\">https://kruyoo.com/youtube-expert</a></p>\r\n', 'youtube', 1, '', 4, '2020-04-25 08:38:41'),
(12, 6, '10 ประเภท สื่อการเรียนการสอน', 'https://www.youtube.com/watch?v=1SU7P9KMXeA', '1SU7P9KMXeA', '1748710394_Screenshot 2568-05-31 at 23.50.19.png', '9:25', '<p>10 ประเภท สื่อการเรียนการสอน</p>\r\n', 'youtube', 1, '', 16, '2020-04-25 08:39:05'),
(13, 6, 'Dinosaur Day Song', 'https://www.youtube.com/watch?v=P10p7ALXkcU', 'P10p7ALXkcU', '', '03:20', '<p>Lorem ipsum dolor sit amet, consectetur adipiscing elit, sed do eiusmod tempor incididunt ut labore et dolore magna aliqua. Ut enim ad minim veniam, quis nostrud exercitation ullamco laboris nisi ut aliquip ex ea commodo consequat. Duis aute irure dolor in reprehenderit in voluptate velit esse cillum dolore eu fugiat nulla pariatur. Excepteur sint occaecat cupidatat non proident, sunt in culpa qui officia deserunt mollit anim id est laborum.</p>\r\n\r\n<p>Lorem ipsum dolor sit amet, consectetur adipiscing elit, sed do eiusmod tempor incididunt ut labore et dolore magna aliqua. Ut enim ad minim veniam, quis nostrud exercitation ullamco laboris nisi ut aliquip ex ea commodo consequat. Duis aute irure dolor in reprehenderit in voluptate velit esse cillum dolore eu fugiat nulla pariatur. Excepteur sint occaecat cupidatat non proident, sunt in culpa qui officia deserunt mollit anim id est laborum.</p>\r\n', 'youtube', 1, '', 17, '2020-04-25 08:39:29'),
(14, 6, 'หลักสูตร ', 'https://d8.freeterabox.com/file/b0bb42d0ecd46f55dc28033b3c0583c8?bkt=en-c58a217c5b5bf7b273e54893ba14ba950505799db67e8fac867d2c7c9705c31076f22f0b796f070e&xcode=4a7098fb5484630984209bf97e7895e474cb5745c7eca156705ef31b7578d666f6ca03e7f94fa66db13d5cf6e82573b10b2977702d3e6764&fid=4401111320239-250528-583056056563247&time=1749485486&sign=FDTAXUGERQlBHSKfon-DCb740ccc5511e5e8fedcff06b081203-QA0tLLGf08nBGS%2B583Hq4Oo3n%2Bg%3D&to=d8&size=26102188&sta_dx=26102188&sta_cs=0&sta_ft=mp4&sta_ct=7&sta_mt=7&fm2=M', 'cda11up', '1749479072_Screenshot 2568-06-09 at 21.23.57.png', '3:21:00', '<p>หลักสูตร &quot;การผลิตสื่อการสอนคำศัพท์แสนสนุก&quot;</p>\r\n\r\n<p>&nbsp;</p>\r\n\r\n<p>หลักสูตร &quot;การผลิตสื่อการสอนคำศัพท์แสนสนุก&quot;</p>\r\n\r\n<p>โครงการอบรมพัฒนาศักยภาพครูผู้สอนและบุคลากรทางการศึกษาระดับปฐมวัย&nbsp;ประถมศึกษาและมัธยมศึกษา</p>\r\n\r\n<p>หลักสูตร &quot;การผลิตสื่อการสอนคำศัพท์แสนสนุก&quot;</p>\r\n\r\n<p>&nbsp;</p>\r\n\r\n<p>&nbsp;</p>\r\n\r\n<p>&nbsp;</p>\r\n\r\n<p>วิทยากร</p>\r\n\r\n<p>อ.ดร.สุจิตรา แซ่ลิ่ม</p>\r\n\r\n<p>อาจารย์ประจำ สาขาวิชาภาษาและวัฒนธรรมไทยสำหรับชาวต่างประเทศ สำนักวิชาศิลปศาสตร์ มหาวิทยาลัยแม่ฟ้าหลวง</p>\r\n\r\n<p>Live วันเสาร์ที่ 28 พฤษภาคม 2565</p>\r\n\r\n<p>เวลา 09.00 - 12.00 น.</p>\r\n\r\n<p>ณ อาคารมูลนิธิศักดิ์พรทรัพย์</p>\r\n\r\n<p><a href=\"https://web.facebook.com/watch/hashtag/%E0%B8%A1%E0%B8%B9%E0%B8%A5%E0%B8%99%E0%B8%B4%E0%B8%98%E0%B8%B4%E0%B8%A8%E0%B8%B1%E0%B8%81%E0%B8%94%E0%B8%B4%E0%B9%8C%E0%B8%9E%E0%B8%A3%E0%B8%97%E0%B8%A3%E0%B8%B1%E0%B8%9E%E0%B8%A2%E0%B9%8C?__eep__=6%2F&amp;__cft__[0]=AZXwHdq3BmK51iTfVZrtVNesDf4BiLmsNufvJWU8-R19RfUrDqEfGg0UEUIPWOK5Nad85yKS2CCVbEK_ks7L68HUp4wKIaPBWNAQZh9AhFjar7Hx8c6t7n1s7tw6sGhxF3iCtY6qZZ16TnEvCTs7uhyKBqVxamwE8l8v6NgZAOEFEnEwKq6O6NrsVPsu6dzPH9iEaJ-ZJ6J8uJwsUsEQGbzQmGkhL3fO8zLOQXu8dhMUAQ&amp;__tn__=*NK-R\">#มูลนิธิศักดิ์พรทรัพย์</a>&nbsp;<a href=\"https://web.facebook.com/watch/hashtag/%E0%B8%AD%E0%B8%9A%E0%B8%A3%E0%B8%A1?__eep__=6%2F&amp;__cft__[0]=AZXwHdq3BmK51iTfVZrtVNesDf4BiLmsNufvJWU8-R19RfUrDqEfGg0UEUIPWOK5Nad85yKS2CCVbEK_ks7L68HUp4wKIaPBWNAQZh9AhFjar7Hx8c6t7n1s7tw6sGhxF3iCtY6qZZ16TnEvCTs7uhyKBqVxamwE8l8v6NgZAOEFEnEwKq6O6NrsVPsu6dzPH9iEaJ-ZJ6J8uJwsUsEQGbzQmGkhL3fO8zLOQXu8dhMUAQ&amp;__tn__=*NK-R\">#อบรม</a>&nbsp;<a href=\"https://web.facebook.com/watch/hashtag/%E0%B8%AD%E0%B8%9A%E0%B8%A3%E0%B8%A1%E0%B8%84%E0%B8%A3%E0%B8%B9?__eep__=6%2F&amp;__cft__[0]=AZXwHdq3BmK51iTfVZrtVNesDf4BiLmsNufvJWU8-R19RfUrDqEfGg0UEUIPWOK5Nad85yKS2CCVbEK_ks7L68HUp4wKIaPBWNAQZh9AhFjar7Hx8c6t7n1s7tw6sGhxF3iCtY6qZZ16TnEvCTs7uhyKBqVxamwE8l8v6NgZAOEFEnEwKq6O6NrsVPsu6dzPH9iEaJ-ZJ6J8uJwsUsEQGbzQmGkhL3fO8zLOQXu8dhMUAQ&amp;__tn__=*NK-R\">#อบรมครู</a>&nbsp;<a href=\"https://web.facebook.com/watch/hashtag/%E0%B8%AD%E0%B8%9A%E0%B8%A3%E0%B8%A1%E0%B8%84%E0%B8%A3%E0%B8%B9%E0%B8%AD%E0%B8%AD%E0%B8%99%E0%B9%84%E0%B8%A5%E0%B8%99%E0%B9%8C?__eep__=6%2F&amp;__cft__[0]=AZXwHdq3BmK51iTfVZrtVNesDf4BiLmsNufvJWU8-R19RfUrDqEfGg0UEUIPWOK5Nad85yKS2CCVbEK_ks7L68HUp4wKIaPBWNAQZh9AhFjar7Hx8c6t7n1s7tw6sGhxF3iCtY6qZZ16TnEvCTs7uhyKBqVxamwE8l8v6NgZAOEFEnEwKq6O6NrsVPsu6dzPH9iEaJ-ZJ6J8uJwsUsEQGbzQmGkhL3fO8zLOQXu8dhMUAQ&amp;__tn__=*NK-R\">#อบรมครูออนไลน์</a>&nbsp;<a href=\"https://web.facebook.com/watch/hashtag/%E0%B8%AD%E0%B8%9A%E0%B8%A3%E0%B8%A1%E0%B8%AD%E0%B8%AD%E0%B8%99%E0%B9%84%E0%B8%A5%E0%B8%99%E0%B9%8C?__eep__=6%2F&amp;__cft__[0]=AZXwHdq3BmK51iTfVZrtVNesDf4BiLmsNufvJWU8-R19RfUrDqEfGg0UEUIPWOK5Nad85yKS2CCVbEK_ks7L68HUp4wKIaPBWNAQZh9AhFjar7Hx8c6t7n1s7tw6sGhxF3iCtY6qZZ16TnEvCTs7uhyKBqVxamwE8l8v6NgZAOEFEnEwKq6O6NrsVPsu6dzPH9iEaJ-ZJ6J8uJwsUsEQGbzQmGkhL3fO8zLOQXu8dhMUAQ&amp;__tn__=*NK-R\">#อบรมออนไลน์</a>&nbsp;<a href=\"https://web.facebook.com/watch/hashtag/%E0%B8%81%E0%B8%B2%E0%B8%A3%E0%B8%A8%E0%B8%B6%E0%B8%81%E0%B8%A9%E0%B8%B2%E0%B8%AD%E0%B8%AD%E0%B8%99%E0%B9%84%E0%B8%A5%E0%B8%99%E0%B9%8C?__eep__=6%2F&amp;__cft__[0]=AZXwHdq3BmK51iTfVZrtVNesDf4BiLmsNufvJWU8-R19RfUrDqEfGg0UEUIPWOK5Nad85yKS2CCVbEK_ks7L68HUp4wKIaPBWNAQZh9AhFjar7Hx8c6t7n1s7tw6sGhxF3iCtY6qZZ16TnEvCTs7uhyKBqVxamwE8l8v6NgZAOEFEnEwKq6O6NrsVPsu6dzPH9iEaJ-ZJ6J8uJwsUsEQGbzQmGkhL3fO8zLOQXu8dhMUAQ&amp;__tn__=*NK-R\">#การศึกษาออนไลน์</a></p>\r\n\r\n<p><a href=\"https://scontent.xx.fbcdn.net/o1/v/t2/f2/m69/AQOCtQnBRMIKvg9M2Edv0a5akWwwwCeA02MzfouXM4wS2X7eReGptpB5IFVt7pDxD-oSZC1GAX-kP4AXguVxFy5R.mp4\">getmyfb.com_1749483253452.mp4</a></p>\r\n', 'Url', 1, '', 39, '2025-06-09 07:24:32'),
(16, 6, 'เรียนรู้พยัญชนะอักษรต่ำ สระ และวรรณยุกต์ - สื่อการเรียนการสอน ภาษาไทย ป.1', 'https://pixeldrain.com/api/file/3RZdEv2T', 'cda11up', '1749486408_Screenshot 2568-06-09 at 23.23.47.png', '12:59 ', '<p>- เรียนรู้เรื่อง เรียนรู้พยัญชนะอักษรต่ำ สระ และวรรณยุกต์</p>\r\n\r\n<p>- มาดูว่า อักษรสูง อักษรกลาง และอักษรต่ำประกอบด้วย พยัญชนะอะไรบ้าง</p>\r\n\r\n<p>- เรียนรู้เรื่อง สระ ฝึกอ่านฝึกเขียน พร้อมกับตัวอย่างคำที่ใช้ สระต่างๆ เช่น สระอะ สระอิ สระอึ สระอุ เป็นต้น</p>\r\n\r\n<p>- เรียนรู้เรื่อง&nbsp;วรรณยุกต์ พร้อมการออกเสียง และการเขียนที่ถูกต้อง พร้อมตัวอย่างคำที่ใช้วรรณยุกต์</p>\r\n\r\n<p>&nbsp;</p>\r\n\r\n<p>: link :&nbsp;<a href=\"https://web.facebook.com/watch/?ref=search&amp;v=658876278215535&amp;external_log_id=9ee1a71e-80aa-4721-8860-22ae2a581b24&amp;q=%E0%B8%AA%E0%B8%B7%E0%B9%88%E0%B8%AD%E0%B8%81%E0%B8%B2%E0%B8%A3%E0%B9%80%E0%B8%A3%E0%B8%B5%E0%B8%A2%E0%B8%99%E0%B8%81%E0%B8%B2%E0%B8%A3%20video\">https://web.facebook.com/watch/?ref=search&amp;v=658876278215535&amp;external_log_id=9ee1a71e-80aa-4721-8860-22ae2a581b24&amp;q=%E0%B8%AA%E0%B8%B7%E0%B9%88%E0%B8%AD%E0%B8%81%E0%B8%B2%E0%B8%A3%E0%B9%80%E0%B8%A3%E0%B8%B5%E0%B8%A2%E0%B8%99%E0%B8%81%E0%B8%B2%E0%B8%A3%20video</a></p>\r\n', 'Url', 1, '', 43, '2025-06-09 09:26:48'),
(17, 6, 'การอ่านแจกลูก การสะกดคำ สระอะ สระอิ - สื่อการเรียนการสอน ภาษาไทย ป.1', 'https://pixeldrain.com/api/file/TPhHmQdM', 'cda11up', '1749487734_Screenshot 2568-06-09 at 23.44.20.png', '14:25:00', '<p>สื่อการเรียนการสอน ภาษาไทย ป.1</p>\r\n\r\n<p>&nbsp;</p>\r\n\r\n<p>&nbsp;</p>\r\n\r\n<p>เรื่อง การอ่านแจกลูก การสะกดคำ สระอะ สระอิ</p>\r\n\r\n<p>- การอ่านแจกลูก การสะกดคำ สระอะ สระอิ</p>\r\n\r\n<p>- ตัวอย่างคำศัพท์ และประโยคจาก สระอะ และ สระอิ...</p>\r\n\r\n<h2>link :&nbsp;<a href=\"https://web.facebook.com/watch/?v=520551911930064\">https://web.facebook.com/watch/?v=520551911930064</a></h2>\r\n\r\n<p>&nbsp;</p>\r\n\r\n<p>&nbsp;</p>\r\n', 'Url', 1, '', 21, '2025-06-09 09:48:54'),
(18, 7, 'EP 1 | Flutter คืออะไร? ทำไมควรใช้? เริ่มเขียนแอปง่ายๆ ไปด้วยกัน | What Why First Flutter!?', 'https://www.youtube.com/watch?v=tD9iyr5zoCs', 'tD9iyr5zoCs', '1749832575_Screenshot 2568-06-13 at 23.33.22.png', '11:23', '<p>EP 1 | Flutter คืออะไร? ทำไมควรใช้? เริ่มเขียนแอปง่ายๆ ไปด้วยกัน | What Why First Flutter!?</p>\r\n\r\n<p><img alt=\"The State of Flutter in 2024: A Mature Yet Evolving Ecosystem. | by hazel |  Medium\" src=\"https://miro.medium.com/v2/resize:fit:800/1*3-M8z7qtE32OgRGQEBSX-Q.png\" /></p>\r\n\r\n<p>&nbsp;</p>\r\n\r\n<p>วิดีโอนี้จะพาคุณมารู้จักกับ Flutter ว่ามันคืออะไร และ ทำไมหลายคนถึงเลือกใช้ สำหรับการพัฒนาแอป เราจะสอนคุณแบบง่ายๆ ตั้งแต่การ ติดตั้ง Flutter ง่าย ๆ จนถึง สร้างแอปแรกของคุณ ถ้าคุณสนใจพัฒนาแอป แต่ไม่รู้จะเริ่มจากตรงไหน วิดีโอนี้เหมาะกับคุณสุดๆ มาดูกันว่า Flutter จะช่วยให้คุณสร้างแอปสวยๆ ได้อย่างง่ายดายขนาดไหน!</p>\r\n\r\n<p><a href=\"https://www.youtube.com/@panmegatech\"><img alt=\"\" src=\"https://yt3.ggpht.com/wWRY8u0bWp0ckpqJQzyv8kppV9bHHkoXlEhIWtZIwWRCgNB3bMlho-z-NxhgY6Zq-phiSdyWgQ=s88-c-k-c0x00ffffff-no-rj\" style=\"width:36px\" /></a></p>\r\n\r\n<p>cr :&nbsp;<a href=\"https://www.youtube.com/@panmegatech\">ตัวอะไรขอบตาดํา. . เน้นใช้ชีวิต ʕ &bull;ᴥ&bull;ʔ</a></p>\r\n', 'youtube', 1, '', 7, '2025-06-13 09:36:15'),
(19, 7, 'EP 2 | พื้นฐาน Flutter 101 ของแทร่ step by step | Basic Flutter Stateless & Stateful Widget Tutorial', 'https://www.youtube.com/watch?v=2jmCOz9f0oA', '2jmCOz9f0oA', '1749832815_Screenshot 2568-06-13 at 23.37.37.png', '01:16:00', '<p>EP 2 | พื้นฐาน Flutter 101 ของแทร่ step by step | Basic Flutter Stateless &amp; Stateful Widget Tutorial</p>\r\n\r\n<p>พื้นฐาน flutter 101 (ของแทร่) : สอนการสร้างแอพฯมือถือด้วย flutter ตั้งแต่เริ่มต้นแบบเป็นขั้นเป็นตอน (step by step) มีเนื้อหา ดังนี้ 1.สร้างโปรเจ็ค flutter create new_project 2.Widget คืออะไร ? 3.StatelessWidget vs. StatefulWidget 4.Flutter API &amp; Documents &amp; Flutter Tools วิดีโอนี้จะเน้นอธิบายทฤษฎีและปฏิบัตืควบคู่กันไป จึงอาจจะทำให้เนื้อหาค่อนข้างยาวนานพอสมควร ทั้งนี้เพื่อเป็นการปูพื้นฐานให้เกิดความเข้าใจ จะได้พัฒนา flutter ได้อย่างมืออาชีพต่อไปในอนาคต</p>\r\n\r\n<p>cr :&nbsp;<a href=\"https://www.youtube.com/@panmegatech\">ตัวอะไรขอบตาดํา. . เน้นใช้ชีวิต ʕ &bull;ᴥ&bull;ʔ</a></p>\r\n\r\n<p>&nbsp;</p>\r\n', 'youtube', 1, '', 10, '2025-06-13 09:40:15'),
(20, 7, 'การแก้ไขโค้ดระบบเยี่ยมบ้านEP.หลังจากการทำสำเนา appscriptไปแล้ว', 'https://pixeldrain.com/api/file/YEyXR4mk', 'cda11up', '1749836789_Screenshot 2568-06-14 at 00.43.33.png', '11:44', '<p>การแก้ไขโค้ดระบบเยี่ยมบ้านEP.หลังจากการทำสำเนา appscriptไปแล้ว</p>\r\n\r\n<p><img alt=\"\" src=\"https://srv611-files.hstgr.io/3b11c220a596e11e/api/preview/big/public_html/public_html/your_videos_channel/upload/1749836789_Screenshot%202568-06-14%20at%2000.43.33.png?auth=eyJhbGciOiJIUzI1NiIsInR5cCI6IkpXVCJ9.eyJ1c2VyIjp7ImlkIjoxLCJsb2NhbGUiOiJlbl9HQiIsInZpZXdNb2RlIjoibGlzdCIsInNpbmdsZUNsaWNrIjpmYWxzZSwicGVybSI6eyJhZG1pbiI6ZmFsc2UsImV4ZWN1dGUiOmZhbHNlLCJjcmVhdGUiOnRydWUsInJlbmFtZSI6dHJ1ZSwibW9kaWZ5Ijp0cnVlLCJkZWxldGUiOnRydWUsInNoYXJlIjpmYWxzZSwiZG93bmxvYWQiOnRydWV9LCJjb21tYW5kcyI6W10sImxvY2tQYXNzd29yZCI6dHJ1ZSwiaGlkZURvdGZpbGVzIjpmYWxzZSwiZGF0ZUZvcm1hdCI6ZmFsc2V9LCJpc3MiOiJGaWxlIEJyb3dzZXIiLCJleHAiOjE3NDk4NDQzNzQsImlhdCI6MTc0OTgzNzE3NH0.BMCnT-Kev14kvOUCOktGQNM4xATWbGzYfG2y5YcDkxQ&amp;inline=true&amp;key=1749836789359\" /></p>\r\n\r\n<p>การแก้ไขโค้ดระบบเยี่ยมบ้านEP.หลังจากการทำสำเนา appscriptไปแล้ว&nbsp;<a href=\"https://web.facebook.com/watch/hashtag/googlesheet?__eep__=6%2F&amp;__cft__[0]=AZVingguoFmKyIPcUPSMK2xq8Ba9vVUU4LvKM5ysbHgwEkfUOL10wKQ5triUg2islYdYEtkp9Z4TDFrn-4KdXt07DL89TeIwehOQmqciDBoEJ6MDE-egwGmi2flONoeeveW1ejx8vm7Hi9mN7cInIHrsffjrWLdfPm4lSiq3YTY5vRy-YbVvwV9djMMyluACBvm20gHiL5Jnm9Fm87SRA4-oOHSz-al1aL27Tzk0x5ILiw&amp;__tn__=*NK-R\">#googlesheet</a>&nbsp;<a href=\"https://web.facebook.com/watch/hashtag/%E0%B8%A3%E0%B8%B0%E0%B8%9A%E0%B8%9A%E0%B9%80%E0%B8%A2%E0%B8%B5%E0%B9%88%E0%B8%A2%E0%B8%A1%E0%B8%9A%E0%B9%89%E0%B8%B2%E0%B8%99?__eep__=6%2F&amp;__cft__[0]=AZVingguoFmKyIPcUPSMK2xq8Ba9vVUU4LvKM5ysbHgwEkfUOL10wKQ5triUg2islYdYEtkp9Z4TDFrn-4KdXt07DL89TeIwehOQmqciDBoEJ6MDE-egwGmi2flONoeeveW1ejx8vm7Hi9mN7cInIHrsffjrWLdfPm4lSiq3YTY5vRy-YbVvwV9djMMyluACBvm20gHiL5Jnm9Fm87SRA4-oOHSz-al1aL27Tzk0x5ILiw&amp;__tn__=*NK-R\">#ระบบเยี่ยมบ้าน</a>&nbsp;<a href=\"https://web.facebook.com/watch/hashtag/%E0%B8%84%E0%B8%A3%E0%B8%B9%E0%B9%80%E0%B8%9A%E0%B8%AA%E0%B8%AA%E0%B8%AD%E0%B8%99%E0%B8%84%E0%B8%AD%E0%B8%A1%E0%B8%9E%E0%B8%B4%E0%B8%A7%E0%B9%80%E0%B8%95%E0%B8%AD%E0%B8%A3%E0%B9%8C?__eep__=6%2F&amp;__cft__[0]=AZVingguoFmKyIPcUPSMK2xq8Ba9vVUU4LvKM5ysbHgwEkfUOL10wKQ5triUg2islYdYEtkp9Z4TDFrn-4KdXt07DL89TeIwehOQmqciDBoEJ6MDE-egwGmi2flONoeeveW1ejx8vm7Hi9mN7cInIHrsffjrWLdfPm4lSiq3YTY5vRy-YbVvwV9djMMyluACBvm20gHiL5Jnm9Fm87SRA4-oOHSz-al1aL27Tzk0x5ILiw&amp;__tn__=*NK-R\">#ครูเบสสอนคอมพิวเตอร์</a>&nbsp;<a href=\"https://web.facebook.com/watch/hashtag/%E0%B8%A7%E0%B8%B4%E0%B8%8A%E0%B8%B2%E0%B9%80%E0%B8%81%E0%B8%B4%E0%B8%99%E0%B8%81%E0%B8%B1%E0%B8%9A%E0%B8%84%E0%B8%A3%E0%B8%B9%E0%B9%80%E0%B8%9A%E0%B8%AA?__eep__=6%2F&amp;__cft__[0]=AZVingguoFmKyIPcUPSMK2xq8Ba9vVUU4LvKM5ysbHgwEkfUOL10wKQ5triUg2islYdYEtkp9Z4TDFrn-4KdXt07DL89TeIwehOQmqciDBoEJ6MDE-egwGmi2flONoeeveW1ejx8vm7Hi9mN7cInIHrsffjrWLdfPm4lSiq3YTY5vRy-YbVvwV9djMMyluACBvm20gHiL5Jnm9Fm87SRA4-oOHSz-al1aL27Tzk0x5ILiw&amp;__tn__=*NK-R\">#วิชาเกินกับครูเบส</a>&nbsp;<a href=\"https://web.facebook.com/watch/hashtag/lowcodedevelopment?__eep__=6%2F&amp;__cft__[0]=AZVingguoFmKyIPcUPSMK2xq8Ba9vVUU4LvKM5ysbHgwEkfUOL10wKQ5triUg2islYdYEtkp9Z4TDFrn-4KdXt07DL89TeIwehOQmqciDBoEJ6MDE-egwGmi2flONoeeveW1ejx8vm7Hi9mN7cInIHrsffjrWLdfPm4lSiq3YTY5vRy-YbVvwV9djMMyluACBvm20gHiL5Jnm9Fm87SRA4-oOHSz-al1aL27Tzk0x5ILiw&amp;__tn__=*NK-R\">#lowcodedevelopment</a>&nbsp;<a href=\"https://web.facebook.com/watch/hashtag/%E0%B9%80%E0%B8%A3%E0%B8%B5%E0%B8%A2%E0%B8%99%E0%B8%A3%E0%B8%B9%E0%B9%89%E0%B9%84%E0%B8%9B%E0%B8%94%E0%B9%89%E0%B8%A7%E0%B8%A2%E0%B8%81%E0%B8%B1%E0%B8%99?__eep__=6%2F&amp;__cft__[0]=AZVingguoFmKyIPcUPSMK2xq8Ba9vVUU4LvKM5ysbHgwEkfUOL10wKQ5triUg2islYdYEtkp9Z4TDFrn-4KdXt07DL89TeIwehOQmqciDBoEJ6MDE-egwGmi2flONoeeveW1ejx8vm7Hi9mN7cInIHrsffjrWLdfPm4lSiq3YTY5vRy-YbVvwV9djMMyluACBvm20gHiL5Jnm9Fm87SRA4-oOHSz-al1aL27Tzk0x5ILiw&amp;__tn__=*NK-R\">#เรียนรู้ไปด้วยกัน</a></p>\r\n\r\n<p>ระบบเยี่ยมบ้านจากในคลิป: สำเนาระบบ :&nbsp;<a href=\"https://docs.google.com/spreadsheets/d/1RJLlWoG08Y_HRgBaDj7FjymsmPy9U8foF1tgDKg3Wx8/edit?fbclid=IwY2xjawK5QDpleHRuA2FlbQIxMABicmlkETF3M21YNEhPbXQ1UlBKZkZ4AR5ASH5aOhFJfzG_Y8O_vMQA9b_1lKBPHDCSZG163gQUJxFjPZo9XjNwG37VAg_aem_Cj7pBc4NngsEP2aUkdmJIg\">https://docs.google.com/spreadsheets/d/1RJLlWoG08Y_HRgBaDj7FjymsmPy9U8foF1tgDKg3Wx8/edit?fbclid=IwY2xjawK5QDpleHRuA2FlbQIxMABicmlkETF3M21YNEhPbXQ1UlBKZkZ4AR5ASH5aOhFJfzG_Y8O_vMQA9b_1lKBPHDCSZG163gQUJxFjPZo9XjNwG37VAg_aem_Cj7pBc4NngsEP2aUkdmJIg</a></p>\r\n\r\n<p>&nbsp;</p>\r\n\r\n<p>template pdf :&nbsp;<a href=\"https://docs.google.com/presentation/d/1vEGKHIwCYl-0nPlWHACh73WvhJD_ORtn-8M2cPcf6JA/edit?fbclid=IwY2xjawK5QIdleHRuA2FlbQIxMABicmlkETF3M21YNEhPbXQ1UlBKZkZ4AR6Co6zRL9jHV-L_nc5dL32-qPANSZizZurnEq9dsFW1MvQsG6Lip_R6hP5VMg_aem__RnMysi77Xhgr03G8H0Iow\">https://docs.google.com/presentation/d/1vEGKHIwCYl-0nPlWHACh73WvhJD_ORtn-8M2cPcf6JA/edit?fbclid=IwY2xjawK5QIdleHRuA2FlbQIxMABicmlkETF3M21YNEhPbXQ1UlBKZkZ4AR6Co6zRL9jHV-L_nc5dL32-qPANSZizZurnEq9dsFW1MvQsG6Lip_R6hP5VMg_aem__RnMysi77Xhgr03G8H0Iow</a></p>\r\n', 'Url', 1, '', 42, '2025-06-13 10:46:29'),
(23, 7, 'นักวิจัยมหาวิทยาลัยเกียวโต ค้นพบวิธีทำให้ฟันกลับมางอกใหม่ได้อีกครั้ง', 'https://www.youtube.com/watch?v=H6NJzAD1iXQ', 'H6NJzAD1iXQ', '1750237784_hqdefault.jpg', '6:53', '<p>นักวิจัยมหาวิทยาลัยเกียวโต ค้นพบวิธีทำให้ฟันกลับมางอกใหม่ได้อีกครั้ง</p>\r\n\r\n<p><img alt=\"\" src=\"https://i.ytimg.com/vi/H6NJzAD1iXQ/hqdefault.jpg\" /></p>\r\n\r\n<p>ฟัน อวัยวะที่แข็งแรงที่สุดในร่างกาย และในมนุษย์ทุกคนจะมีฟันอยู่เพียงแค่ 2 ชุดนั่นคือฟันน้ำนม และฟันแท้ แต่ฟันของมนุษย์ไม่สามารถฟื้นฟูกลับมาได้เหมือนกระดูก นั่นเพราะ USAG-1 Anti-Body ในร่างกายที่เป็นตัวยับยั้งการเจริญเติบโตของฟัน แต่ล่าสุดนักวิจัยจากมหาวิทยาลัยเกียวโต สามารถค้นพบวิธีการที่สามารถทำให้ฟันกลับมางอกใหม่ได้อีกครั้ง จะทำด้วยวิธีอะไร ไปชมกันครับ <a href=\"https://www.youtube.com/hashtag/body\" target=\"\">#Body</a> <a href=\"https://www.youtube.com/hashtag/human\" target=\"\">#Human</a> <a href=\"https://www.youtube.com/hashtag/tooth\" target=\"\">#Tooth</a> <a href=\"https://www.youtube.com/hashtag/teeth\" target=\"\">#Teeth</a> <a href=\"https://www.youtube.com/hashtag/usag1\" target=\"\">#USAG1</a> <a href=\"https://www.youtube.com/hashtag/antibody\" target=\"\">#AntiBody</a> <a href=\"https://www.youtube.com/hashtag/kyotouniversity\" target=\"\">#KyotoUniversity</a> <a href=\"https://www.youtube.com/hashtag/%E0%B8%82%E0%B9%88%E0%B8%B2%E0%B8%A7%E0%B8%AA%E0%B8%B1%E0%B9%89%E0%B8%99%E0%B8%A5%E0%B9%89%E0%B8%B3%E0%B8%AB%E0%B8%99%E0%B9%89%E0%B8%B2%E0%B9%82%E0%B8%8A%E0%B8%A7%E0%B9%8C\" target=\"\">#ข่าวสั้นล้ำหน้าโชว์</a> <a href=\"https://www.youtube.com/hashtag/techoffside\" target=\"\">#TechOffside</a> ขอบคุณข้อมูลจาก Facebook Fanpage : The Principia ลิงก์ : <a href=\"https://www.youtube.com/redirect?event=video_description&amp;redir_token=QUFFLUhqbjlZQ2JhZUczcWJteW1uYUxNWjNlTXYzcVM1UXxBQ3Jtc0trWVFQUl9hV29PR3lCemp4ekhIdHRfaWxfWXI1RjJITTNZTFl1ZFJfN0ZmU2p0ejZMZFYySHk2VWllc3VpcWNsLWdoSGhnZUtpQ09LaVlIR0lRYjRySXU3Z0FtN0JFcE5UMnFQaEY5ZDVQRVBSUEh1VQ&amp;q=https%3A%2F%2Fwww.facebook.com%2Fshare%2Fp%2F1CmL2qLM5S%2F%3Fmibextid%3DwwXIfr&amp;v=H6NJzAD1iXQ\" target=\"_blank\">https://www.facebook.com/share/p/1CmL...</a></p>\r\n\r\n<p><a href=\"https://www.youtube.com/@techoffside\"><img alt=\"\" src=\"https://yt3.ggpht.com/Nn0BXLnM5zL8dPNdAlU5kFdcw1nDEMeLkcKqWOLky5U6h1ltfx14488cUuLDeVm3JUC03Gzx=s88-c-k-c0x00ffffff-no-rj\" style=\"width:36px\" /></a></p>\r\n\r\n<h3><a href=\"https://www.youtube.com/@techoffside\">TechOffside &ldquo;ล้ำหน้าโชว์&rdquo;</a></h3>\r\n\r\n<p><a href=\"https://www.youtube.com/@techoffside\">ผู้ติดตาม 6.78 แสน คน</a></p>\r\n', 'youtube', 0, '', 6, '2025-06-18 02:09:44'),
(28, 1, '[Facebook]สื่อการสอนเรื่องการบวก และการลบไม่เกิน 1,000', 'https://pixeldrain.com/api/file/rexX5az6', 'cda11up', '1751130147_511283943_674029415687463_709177872772356139_n.jpg', '1:24', '<p>สื่อการสอนเรื่องการบวก และการลบไม่เกิน 1,000</p>\r\n\r\n<p><img alt=\"\" src=\"https://scontent.fhan15-1.fna.fbcdn.net/v/t15.5256-10/511283943_674029415687463_709177872772356139_n.jpg?stp=dst-jpg_s526x296_tt6&amp;_nc_cat=102&amp;ccb=1-7&amp;_nc_sid=442ec5&amp;_nc_ohc=3rzu1khdzQAQ7kNvwF017vp&amp;_nc_oc=Adm4FeEzYAkmy10-hayb6FbfCmKEnjuI_ZcxqFfYDEGE12O5uMnrAeyHpZsNJEmsm8g&amp;_nc_zt=23&amp;_nc_ht=scontent.fhan15-1.fna&amp;edm=AGo2L-IEAAAA&amp;_nc_gid=mTgpfyDJFaT80DA_9dKh1Q&amp;oh=00_AfMicMuSnT85RHGJIrsoc4NONitR72FkJz9wqjSZKw3gRg&amp;oe=686609D2\" /></p>\r\n\r\n<p>แบ่งปันสื่อการสอนฟรี&nbsp;<img alt=\"✅\" src=\"https://static.xx.fbcdn.net/images/emoji.php/v9/tb4/2/16/2705.png\" style=\"height:16px; width:16px\" /></p>\r\n\r\n<p>Math coffee&amp;cafe&nbsp;<img alt=\"☕️\" src=\"https://static.xx.fbcdn.net/images/emoji.php/v9/t12/2/16/2615.png\" style=\"height:16px; width:16px\" /></p>\r\n\r\n<p>สื่อการสอนเรื่องการบวก และการลบไม่เกิน 1,000</p>\r\n\r\n<p>ที่จำลองสถานการณ์การซื้อขายในร้าน cafe โดยมีรูปแบบเหมือนการเลือกซื้อของออนไลน์&nbsp;<img alt=\"🧺\" src=\"https://static.xx.fbcdn.net/images/emoji.php/v9/t6b/2/16/1f9fa.png\" style=\"height:16px; width:16px\" /></p>\r\n\r\n<p>&bull;ใช้เป็นการสุ่มโจทย์การบวกและการลบ</p>\r\n\r\n<p>&bull; มีการแสดงคำตอบการบวกที่ถูกต้องเมื่อกด ยอดรวม</p>\r\n\r\n<p>&bull; กำหนดงบประมาณในการซื้อได้เอง เพื่อใช้เป็นการลบ</p>\r\n\r\n<p><img alt=\"🔻\" src=\"https://static.xx.fbcdn.net/images/emoji.php/v9/t3b/2/16/1f53b.png\" style=\"height:16px; width:16px\" />กติกา กดไลค์และกดแชร์โพส แล้วส่งมาทางเพจ MATH TOUR ก็รับสื่อไปใช้สอนได้ฟรี<img alt=\"🔻\" src=\"https://static.xx.fbcdn.net/images/emoji.php/v9/t3b/2/16/1f53b.png\" style=\"height:16px; width:16px\" /></p>\r\n\r\n<p>นำไปใช้แล้วเด็กๆ ตื่นเต้น และชอบมาก&nbsp;<img alt=\"💕\" src=\"https://static.xx.fbcdn.net/images/emoji.php/v9/t7/2/16/1f495.png\" style=\"height:16px; width:16px\" /></p>\r\n\r\n<p>&nbsp;</p>\r\n\r\n<p>cr :&nbsp;<a href=\"https://web.facebook.com/profile.php?id=61569989234862&amp;__cft__[0]=AZXXD7iCtq0ArCWW_M6_hlM8nzIVlfJ3H-Rvee791pKySq_CgGIDOrNo1qEMjnexNtj8RUw5qkHfYr3GKKYC06K_Yt9OQFFaA0GKtcJqrZx-AHHuzIZqM4ZLhfN0UQRTlaVmkIpm-fAdpZdBMiwuNAWOe3rE4RA-UCEGFL6VsuClNYaMiJ_sYaPZ3979WOpM44a-RYkFNBPMg4eI7FCkEw4M&amp;__tn__=-UC-R\"><strong>MATH TOUR</strong></a>&nbsp;</p>\r\n\r\n<p>link :&nbsp;<a href=\"https://web.facebook.com/61569989234862/videos/1450919489371326\">https://web.facebook.com/61569989234862/videos/1450919489371326</a></p>\r\n\r\n<p>&nbsp;</p>\r\n', 'Url', 1, '', 4, '2025-06-28 10:02:27'),
(29, 6, '[Facebook] แจกฟรีไฟล์สื่อการสอน เรื่องอสมการ แบบหลักกิโล', 'https://pixeldrain.com/api/file/gpUgJz8z', 'cda11up', '1751130770_แจกฟรีไฟล์สื่อการสอน เรื่องอสมการ แบบหลักกิโล .jpg', '8:37', '<p>[Facebook] แจกฟรีไฟล์สื่อการสอน เรื่องอสมการ แบบหลักกิโล</p>\r\n\r\n<p><img alt=\"\" src=\"https://scontent-bom2-4.xx.fbcdn.net/v/t15.5256-10/94064669_2640150109603928_4702924038761086976_n.jpg?_nc_cat=102&amp;ccb=1-7&amp;_nc_sid=50ce42&amp;_nc_ohc=V_GBX5zNxPYQ7kNvwGwh_ko&amp;_nc_oc=AdlAMOrt4kFaROxsv5hv2Hp_SBvsnQGrSLFWqlsClwVXP2yGOWutQ0WIcVRXJ1SwND0&amp;_nc_zt=23&amp;_nc_ht=scontent-bom2-4.xx&amp;_nc_gid=z-n2cIYiwT-dXckaRylFvQ&amp;oh=00_AfNpgYKpf4roeI3IH0f7lXNOibiRfnffgeMFWpxESMbSpw&amp;oe=6865F5C2\" /></p>\r\n\r\n<p><img alt=\"💥\" src=\"https://static.xx.fbcdn.net/images/emoji.php/v9/tdf/2/16/1f4a5.png\" style=\"height:16px; width:16px\" />แจกฟรีไฟล์สื่อการสอน เรื่องอสมการ แบบหลักกิโล</p>\r\n\r\n<p>ดาวน์โหลดไฟล์&nbsp;<img alt=\"👉\" src=\"https://static.xx.fbcdn.net/images/emoji.php/v9/tf0/2/16/1f449.png\" style=\"height:16px; width:16px\" />&nbsp;<a href=\"https://web.facebook.com/lifeofteacherss/posts/pfbid0Xg5FochnvQQ8LoqC1pNSHntcSZMatzXNWShQpMtjsBuAikYq1unUXc6WTd1tqc2al?__tn__=-UK\">https://web.facebook.com/105167904473960/posts/122423722748378/?d=n</a></p>\r\n\r\n<p><img alt=\"🌟\" src=\"https://static.xx.fbcdn.net/images/emoji.php/v9/t7f/2/16/1f31f.png\" style=\"height:16px; width:16px\" />ไม่อยากพลาดสื่อการสอนดีๆ อย่าลืมกดติดตาม</p>\r\n\r\n<p><img alt=\"👉\" src=\"https://static.xx.fbcdn.net/images/emoji.php/v9/tf0/2/16/1f449.png\" style=\"height:16px; width:16px\" />เพจ : ชีวิต ครู ครู</p>\r\n\r\n<p><img alt=\"👉\" src=\"https://static.xx.fbcdn.net/images/emoji.php/v9/tf0/2/16/1f449.png\" style=\"height:16px; width:16px\" />Youtube ช่อง : ครูแนนพาทำ สื่อการสอนง่ายๆ</p>\r\n\r\n<p><a href=\"https://www.youtube.com/channel/UC24IKHDHgXi5e6X7MCLWPnA\" target=\"_blank\">https://www.youtube.com/channel/UC24IKHDHgXi5e6X7MCLWPnA...</a></p>\r\n\r\n<p><a href=\"https://web.facebook.com/watch/hashtag/%E0%B8%8A%E0%B8%B5%E0%B8%A7%E0%B8%B4%E0%B8%95%E0%B8%84%E0%B8%A3%E0%B8%B9%E0%B8%84%E0%B8%A3%E0%B8%B9?__eep__=6%2F&amp;__tn__=*NK\">#ชีวิตครูครู</a>&nbsp;<a href=\"https://web.facebook.com/watch/hashtag/%E0%B8%84%E0%B8%A3%E0%B8%B9%E0%B9%81%E0%B8%99%E0%B8%99%E0%B8%9E%E0%B8%B2%E0%B8%97%E0%B8%B3%E0%B8%AA%E0%B8%B7%E0%B9%88%E0%B8%AD%E0%B8%81%E0%B8%B2%E0%B8%A3%E0%B8%AA%E0%B8%AD%E0%B8%99%E0%B8%87%E0%B9%88%E0%B8%B2%E0%B8%A2%E0%B9%86?__eep__=6%2F&amp;__tn__=*NK\">#ครูแนนพาทำสื่อการสอนง่ายๆ</a></p>\r\n\r\n<p>&nbsp;</p>\r\n\r\n<p>cr :&nbsp;<a href=\"https://web.facebook.com/lifeofteacherss?__tn__=-UC\"><strong>ครูแนนพาทำ</strong></a></p>\r\n\r\n<p>&nbsp;</p>\r\n\r\n<p>&nbsp;</p>\r\n', 'Url', 1, '', 26, '2025-06-28 10:12:50'),
(30, 8, '[youtube] ความหมายและประเภทของสื่อการเรียนการสอน', 'https://www.youtube.com/watch?v=Njr2ZJCkSL4', 'Njr2ZJCkSL4', '1751299776_ความหมายของสื่อการการสอน.jpg', '12:29', '<p>ความหมายและประเภทของสื่อการเรียนการสอน</p>\r\n\r\n<p>&nbsp;</p>\r\n\r\n<p><img alt=\"\" src=\"https://i.ytimg.com/vi/Njr2ZJCkSL4/0.jpg\" />วิดีโอนี้จัดทำขึ้นสำหรับเป็นสื่อเสริมการเรียนในรายวิชานวัตกรรมและเทคโนโลยีสารสนเทศเพื่อการสื่อสารการศึกษา และการเรียนรู้ รายละเอียดของเนื้อหาเป็นการนำเสนอเนื้อหาโดยสังเขป ดังนั้นเพื่อให้เกิดความเข้าใจมากขึ้นควรศึกษาจากเอกสารประกอบการสอนหรือจากแหล่งการเรียนรู้ต่างๆ เพิ่มเติม</p>\r\n\r\n<p><a href=\"https://www.youtube.com/@direkkung\"><img alt=\"\" src=\"https://yt3.ggpht.com/nw34rNg2Eyzpf8FpINlD3UaUf7C9v58ExK8X5bf36LVb9I5PVJtm18FxTZDpaCZpaEmireSl5w=s88-c-k-c0x00ffffff-no-rj\" style=\"width:36px\" /></a></p>\r\n\r\n<h3><a href=\"https://www.youtube.com/@direkkung\">ห้องเรียนครู</a></h3>\r\n', 'youtube', 1, '', 1, '2025-06-30 09:09:36'),
(31, 8, '[youtube] การออกแบบและพัฒนาสื่อการเรียนการสอนอย่างเป็นระบบ', 'https://www.youtube.com/watch?v=IzM2bPoCQmU', 'IzM2bPoCQmU', '1751301023_การออกแบบสื่อการเรียนการสอน.jpg', '06:52', '<h1>การออกแบบและพัฒนาสื่อการเรียนการสอนอย่างเป็นระบบ</h1>\r\n\r\n<p>&nbsp;</p>\r\n\r\n<p>&nbsp;</p>\r\n\r\n<p>&nbsp;</p>\r\n\r\n<p><img alt=\"\" src=\"https://i.ytimg.com/vi/IzM2bPoCQmU/0.jpg\" /></p>\r\n\r\n<p>&nbsp;</p>\r\n\r\n<p>วิดีโอนี้จัดทำขึ้นสำหรับเป็นสื่อเสริมการเรียนในรายวิชานวัตกรรมและเทคโนโลยีสารสนเทศเพื่อการสื่อสารการศึกษา และการเรียนรู้ รายละเอียดของเนื้อหาเป็นการนำเสนอเนื้อหาโดยสังเขป ดังนั้นเพื่อให้เกิดความเข้าใจมากขึ้นควรศึกษาจากเอกสารประกอบการสอนหรือจากแหล่งการเรียนรู้ต่างๆ เพิ่มเติม</p>\r\n\r\n<p><a href=\"https://www.youtube.com/@direkkung\"><img alt=\"\" src=\"https://yt3.ggpht.com/nw34rNg2Eyzpf8FpINlD3UaUf7C9v58ExK8X5bf36LVb9I5PVJtm18FxTZDpaCZpaEmireSl5w=s88-c-k-c0x00ffffff-no-rj\" style=\"width:36px\" /></a></p>\r\n\r\n<h3><a href=\"https://www.youtube.com/@direkkung\">ห้องเรียนครู</a></h3>\r\n\r\n<p>&nbsp;</p>\r\n', 'youtube', 1, '', 7, '2025-06-30 09:30:23'),
(32, 6, '[youtube] สอนเด็กอนุบาลบวกเลขยังไงให้จำได้เร็ว เรียนรู้เรื่องการบวกเลขจากภาพ อนุบาล', 'https://www.youtube.com/watch?v=5986PIMU6ow', '5986PIMU6ow', '1751385477_สอนเด็กอนุบาลบวกเลขยังไงให้จำได้เร็ว เรียนรู้เรื่องการบวกเลขจากภาพ อนุบาล.jpg', '9:47', '<p>สื่ออนุบาลปฐมวัย,สื่ออนุบาลตัวเลข,สื่ออนุบาล ก-ฮ,สื่ออนุบาล2,สื่ออนุบาล1,สื่ออนุบาล3,สื่ออนุบาลปฐมวัย, สื่ออนุบาลตัวเลข,สื่ออนุบาล ก-ฮ kindergarten,kindergarten 2,kindergarten 1,kindergarten 3, สื่อการสอนป.1,สื่อกสารสอนประถม</p>\r\n\r\n<p>&nbsp;</p>\r\n\r\n<p><a href=\"https://www.youtube.com/@kidsdd8988\"><img alt=\"\" src=\"https://yt3.ggpht.com/ydk_qakhLtH1VqodmdcIeTP16wrHkEfqsbn2tHLzvPsAwFUWPKtj2Kt4reLBswz0H1Fzv-RfGs0=s88-c-k-c0x00ffffff-no-rj\" style=\"width:40px\" /></a></p>\r\n\r\n<p><a href=\"https://www.youtube.com/@kidsdd8988\">Kids DD</a></p>\r\n', 'youtube', 1, '', 1, '2025-07-01 08:57:57'),
(33, 6, '[youtube] แบบฝึกทักษะภาษาไทยสำหรับเด็กอนุบาล', 'https://www.youtube.com/watch?v=4Zd8LpCj_g8', '4Zd8LpCj_g8', '1751458761_แบบฝึกภาษาไทยอนุบาล.jpg', '10:15', '<p>สื่อการสอนภาษาไทยสำหรับเด็กอนุบาล เน้นฝึกอ่าน ฝึกเขียน และการเรียนรู้เสียงพยัญชนะ</p><p><img src=\"https://i.ytimg.com/vi/4Zd8LpCj_g8/0.jpg\" /></p><p><a href=\"https://www.youtube.com/@kidthai\"><img src=\"https://yt3.ggpht.com/ytc/AKedOLR3S-ABC123xyz=s88-c-k-c0x00ffffff-no-rj\" style=\"width:36px\" /></a></p><h3><a href=\"https://www.youtube.com/@kidthai\">Kid Thai</a></h3>', 'youtube', 1, '', 5, '2025-07-01 09:12:41'),
(34, 8, '[youtube] เทคนิคการใช้เทคโนโลยีในห้องเรียนอย่างมีประสิทธิภาพ', 'https://www.youtube.com/watch?v=xVZhQDKnvQY', 'xVZhQDKnvQY', '1751458892_เทคโนโลยีในห้องเรียน.jpg', '08:45', '<p>วิดีโอนี้แสดงแนวทางการประยุกต์ใช้เทคโนโลยีเพื่อเสริมสร้างการเรียนรู้ในห้องเรียน</p><p><img src=\"https://i.ytimg.com/vi/xVZhQDKnvQY/0.jpg\" /></p><h3><a href=\"https://www.youtube.com/@eduideas\">Edu Ideas</a></h3>', 'youtube', 1, '', 2, '2025-07-01 09:14:52'),
(35, 7, '[youtube] การจัดการเรียนรู้แบบ Active Learning', 'https://www.youtube.com/watch?v=GFv8HaWabKg', 'GFv8HaWabKg', '1751459055_ActiveLearning.jpg', '11:03', '<p>เรียนรู้วิธีการออกแบบกิจกรรมการเรียนการสอนแบบ Active Learning</p><p><img src=\"https://i.ytimg.com/vi/GFv8HaWabKg/0.jpg\" /></p><h3><a href=\"https://www.youtube.com/@teachhub\">TeachHub</a></h3>', 'youtube', 1, '', 5, '2025-07-01 09:16:55'),
(36, 6, '[youtube] เพลง ABC ภาษาอังกฤษสำหรับเด็ก', 'https://www.youtube.com/watch?v=jYAWf8Y91hA', 'jYAWf8Y91hA', '1751459122_ABCsong.jpg', '02:35', '<p>เพลงสอนภาษาอังกฤษ ABC สำหรับเด็กเล็ก เรียนรู้ผ่านเสียงและจังหวะ</p><p><img src=\"https://i.ytimg.com/vi/jYAWf8Y91hA/0.jpg\" /></p><h3><a href=\"https://www.youtube.com/@SuperSimpleSongs\">Super Simple Songs</a></h3>', 'youtube', 0, '', 12, '2025-07-01 09:18:42'),
(37, 8, '[youtube] แนวทางการออกแบบบทเรียนออนไลน์แบบมีส่วนร่วม', 'https://www.youtube.com/watch?v=qS4-J4ZTPXY', 'qS4-J4ZTPXY', '1751459213_บทเรียนออนไลน์.jpg', '09:20', '<p>เทคนิคการออกแบบบทเรียนออนไลน์โดยเน้นการมีส่วนร่วมของผู้เรียน</p><p><img src=\"https://i.ytimg.com/vi/qS4-J4ZTPXY/0.jpg\" /></p><h3><a href=\"https://www.youtube.com/@DigitalEduChannel\">Digital Edu Channel</a></h3>', 'youtube', 0, '', 5, '2025-07-01 09:20:13'),
(38, 7, '[youtube] เทคนิคการสอนแบบใช้เกมเพื่อกระตุ้นการเรียนรู้', 'https://www.youtube.com/watch?v=VfN_cahODac', 'VfN_cahODac', '1751460021_เทคนิคการสอนแบบเกม.jpg', '07:22', '<p>เรียนรู้วิธีการใช้เกมในการสอนเพื่อกระตุ้นความสนใจและการมีส่วนร่วมของนักเรียน</p><p><img src=\"https://i.ytimg.com/vi/VfN_cahODac/0.jpg\" /></p><h3><a href=\"https://www.youtube.com/@teacherideas\">Teacher Ideas</a></h3>', 'youtube', 0, '', 8, '2025-07-01 09:33:41'),
(39, 6, '[youtube] ฝึกอ่านคำศัพท์ภาษาอังกฤษง่าย ๆ สำหรับเด็กอนุบาล', 'https://www.youtube.com/watch?v=KM1VOjzvVOI', 'KM1VOjzvVOI', '1751471307_อ่านท่องคําศัพท์ภาษาอังกฤษ อนุบาล เพลง ABC เขียนเอบีซี | Alphabet A-Z Learn .jpg', '11:14', '<h1>อ่านท่องคําศัพท์ภาษาอังกฤษ อนุบาล เพลง ABC เขียนเอบีซี | Alphabet A-Z Learn</h1>\r\n\r\n<p>&nbsp;</p>\r\n\r\n<p><img alt=\"\" src=\"https://i.ytimg.com/vi/JMJAt5wFMsg/hqdefault.jpg\" /></p>\r\n\r\n<p>&nbsp;</p>\r\n\r\n<p>วิดีโอนี้ช่วยให้เด็กเรียนรู้คำศัพท์ภาษาอังกฤษพื้นฐานผ่านภาพและเสียง</p>\r\n\r\n<p>&nbsp;</p>\r\n\r\n<h3><a href=\"https://www.youtube.com/@learnwithkids\">Learn With Kids</a></h3>\r\n', 'youtube', 1, '', 6, '2025-07-01 09:35:05'),
(40, 7, '[youtube] ใช้ AI ช่วยคุณครูเตรียมสอนแบบครบลูป จากหลายเดือนให้เสร็จใน 1 วัน! | AI ศาสตร์ EP.10', 'https://www.youtube.com/watch?v=UxQaRYmE88U', 'UxQaRYmE88U', '1751387825_ai ช่วยครู.jpg', '25:14', '<p>ใช้ AI ช่วยคุณครูเตรียมสอนแบบครบลูป จากหลายเดือนให้เสร็จใน 1 วัน! | AI ศาสตร์ EP.10</p>\r\n\r\n<p>&nbsp;</p>\r\n\r\n<p><img src=\"https://i.ytimg.com/vi/BUOh-DOcUZk/hqdefault.jpg\" /></p>\r\n\r\n<h3><a href=\"https://www.youtube.com/@edutechplus\">EduTech Plus</a></h3>\r\n', 'youtube', 1, '', 9, '2025-07-01 09:36:28'),
(41, 8, '[youtube] เทคนิคการสอนแบบกลุ่มร่วมมือ (Cooperative Learning)', 'https://www.youtube.com/watch?v=8qdojT7HdQs', '8qdojT7HdQs', '1751386810_เทคนิคการสอนแบบกลุ่มร่วมมือ (Cooperative Learning).jpg', '12:53', '<p>แนวทางการออกแบบกิจกรรมกลุ่มเพื่อส่งเสริมทักษะการสื่อสารและการทำงานร่วมกัน</p>\r\n\r\n<p><img alt=\"Youtube downloader thumbnail\" src=\"https://i.ytimg.com/vi/8qdojT7HdQs/0.jpg\" /></p>\r\n\r\n<p>กระบวนการเรียนการสอนที่เกิดจากการผสมผสานระหว่างทักษะการอยู่ร่วมกันในสังคมและทักษะในด้านเนื้อหาวิชาการต่างๆ ลักษณะการเรียนการสอนเน้นผู้เรียนเป็นศูนย์กลาง โดยจัดให้นักเรียนที่มีความสามารถต่างกันได้เรียนและทำงานด้วยกันเป็นกลุ่ม สมาชิกแต่ละคนต้องมีส่วนร่วมอย่างแท้จริงในการเรียนรู้</p>\r\n\r\n<p><a href=\"https://www.youtube.com/@aummara_1350\"><img alt=\"\" src=\"https://yt3.ggpht.com/62J7Z8ygB7BXlFLECuMJy0yf5k72f-ew7siHRWSt0yH53TptbC5AYxuSede7PJCdqSDV-7y-=s88-c-k-c0x00ffffff-no-rj\" style=\"width:36px\" /></a></p>\r\n\r\n<h3><a href=\"https://www.youtube.com/@aummara_1350\">Aummara_</a></h3>\r\n\r\n<h3><a href=\"https://www.youtube.com/@groupclassroom\">Group Classroom</a></h3>\r\n', 'youtube', 1, '', 4, '2025-07-01 09:37:35'),
(42, 6, '[youtube] เรียนรู้ตัวเลขภาษาไทย แสนสนุกใน เพลงตัวเลข 1-20 กับพี่มอนมอน | MinMon', 'https://www.youtube.com/watch?v=Jygjl4n7AG4', 'Jygjl4n7AG4', '1751386478_เรียนรู้ตัวเลขภาษาไทย แสนสนุกใน เพลงตัวเลข 1-20 กับพี่มอนมอน | MinMon .jpg', '16:07', '<p>เรียนรู้ตัวเลขภาษาไทย แสนสนุกใน เพลงตัวเลข 1-20 กับพี่มอนมอน | MinMon</p>\r\n\r\n<p>&nbsp;</p>\r\n\r\n<p><img alt=\"Youtube downloader thumbnail\" src=\"https://i.ytimg.com/vi/Jygjl4n7AG4/0.jpg\" /></p>\r\n\r\n<p>มาเรียนรู้เรื่องการ สอนนับเลข 1-20 | เพลงเด็กน้อย ฟังสนุก ได้ความรู้ | MinMin ⭐️ ไม่พลาดเพลงเด็กสร้างสรรค์ ฟังสนุก เสริมพัฒนาการ กดติดตามที่นี่เลยค่า <a href=\"https://www.youtube.com/redirect?event=video_description&amp;redir_token=QUFFLUhqa2k0OUZYNVFybTNkdGpDYUtxVzNpVVdEZWdFUXxBQ3Jtc0tsb3BxaGNhbVg4NURDNzRpZElTcWQwZTVYUTczc01OSXlDTXRKSlhhVUpTUmF6bVQ0dHF6T3diS0c2cDJlVUw2TEpRX3g5MHBrQkdZSEp6SnZxQUtCbTBRZEF4TU1zZEhQalV3alNtdmVvLXQ2UmtGdw&amp;q=https%3A%2F%2Fbit.ly%2F2KP8IPu&amp;v=Jygjl4n7AG4\" target=\"_blank\">https://bit.ly/2KP8IPu</a> เพลงเด็กอนุบาล ฟังสนุก ดูเพลินเรียนรู้ได้แบบไม่รู้ตัว -- เนื้อร้องเพลงตัวเลข 1-20 ภาษาไทย -- 1 2 3 4 5 6 7 8 9 10 11 12 13 14 15 16 17 18 19 20 นี่คือตัวเลข 1-20 เรามาร้องพร้อมกันดีไหม <a href=\"https://www.youtube.com/hashtag/%E0%B9%80%E0%B8%9E%E0%B8%A5%E0%B8%87%E0%B8%95%E0%B8%B1%E0%B8%A7%E0%B9%80%E0%B8%A5%E0%B8%82\" target=\"\">#เพลงตัวเลข</a> #1-20 <a href=\"https://www.youtube.com/hashtag/%E0%B9%80%E0%B8%9E%E0%B8%A5%E0%B8%87%E0%B9%80%E0%B8%94%E0%B9%87%E0%B8%81\" target=\"\">#เพลงเด็ก</a> <a href=\"https://www.youtube.com/hashtag/%E0%B9%80%E0%B8%9E%E0%B8%A5%E0%B8%87%E0%B9%80%E0%B8%94%E0%B9%87%E0%B8%81%E0%B8%AD%E0%B8%99%E0%B8%B8%E0%B8%9A%E0%B8%B2%E0%B8%A5\" target=\"\">#เพลงเด็กอนุบาล</a></p>\r\n\r\n<p>&nbsp;</p>\r\n\r\n<p><a href=\"https://www.youtube.com/@minmon-me\"><img alt=\"\" src=\"https://yt3.ggpht.com/s_dEZrA9NsMpOFDeS5PL9y_grebNae3FRuYinLcc5etLX3Z6RA8l2Le9E6dVMect6-XeZQWHFAk=s88-c-k-c0x00ffffff-no-rj\" style=\"width:40px\" /></a></p>\r\n\r\n<p><a href=\"https://www.youtube.com/@minmon-me\">MinMon - Kids Songs</a></p>\r\n', 'youtube', 1, '', 8, '2025-07-01 09:39:00'),
(44, 5, '[youtube] เรียน Python ตั้งแต่เริ่มต้นใน 30 นาที', 'https://www.youtube.com/embed/7wnove7K-ZQ', '7wnove7K-ZQ', 'https://img.youtube.com/vi/7wnove7K-ZQ/hqdefault.jpg', '30:45', '<p>สอนการเขียนโปรแกรม Python สำหรับผู้เริ่มต้น ครอบคลุมพื้นฐานสำคัญในเวลาเพียง 30 นาที</p>\r\n<div class=\"video-container\">\r\n    <iframe width=\"560\" height=\"315\" src=\"https://www.youtube.com/embed/7wnove7K-ZQ\" frameborder=\"0\" allow=\"accelerometer; autoplay; clipboard-write; encrypted-media; gyroscope; picture-in-picture\" allowfullscreen></iframe>\r\n</div>\r\n<p><img src=\"https://img.youtube.com/vi/7wnove7K-ZQ/maxresdefault.jpg\" alt=\"สอน Python เริ่มต้น\" class=\"img-responsive\" /></p>\r\n<h3><a href=\"https://www.youtube.com/@codingthai\" target=\"_blank\">Coding Thailand</a></h3>\r\n<ul>\r\n    <li>เหมาะสำหรับผู้ไม่มีพื้นฐาน</li>\r\n    <li>ดาวน์โหลดตัวอย่างโค้ดได้ฟรี</li>\r\n    <li>สอนโดยโปรแกรมเมอร์มืออาชีพ</li>\r\n</ul>', 'youtube', 1, '', 128, '2025-07-02 02:30:00'),
(47, 8, '[youtube] วิทยาศาสตร์ ป.5 - วัฏจักรน้ำและการอนุรักษ์', 'https://www.youtube.com/watch?v=DYjqaxNAPFY', 'DYjqaxNAPFY', '1751387633_วิทยาศาสตร์ ป.5 - วัฏจักรน้ำ (Water cycle) .jpg', '18:32', '<h2>สื่อการเรียนรู้เรื่องวัฏจักรน้ำและวิธีการอนุรักษ์น้ำ</h2>\r\n\r\n<p>&nbsp;</p>\r\n\r\n<p><img src=\"https://i.ytimg.com/vi/DYjqaxNAPFY/hqdefault.jpg\" /></p>\r\n\r\n<p>สำหรับนักเรียนชั้นประถมศึกษาปีที่ 5 โดยครูวิทยาศาสตร์</p>\r\n\r\n<h3>จุดประสงค์การเรียนรู้:</h3>\r\n\r\n<ol>\r\n	<li>เข้าใจกระบวนการของวัฏจักรน้ำ</li>\r\n	<li>อธิบายความสำคัญของน้ำต่อสิ่งมีชีวิต</li>\r\n	<li>เสนอแนวทางการอนุรักษ์น้ำในชีวิตประจำวัน</li>\r\n</ol>\r\n\r\n<h3>กิจกรรมการเรียน:</h3>\r\n\r\n<p><strong>กิจกรรมที่ 1:</strong> สร้างแบบจำลองวัฏจักรน้ำ</p>\r\n\r\n<p><strong>กิจกรรมที่ 2:</strong> สำรวจปริมาณน้ำใช้ในโรงเรียน</p>\r\n\r\n<p><strong>กิจกรรมที่ 3:</strong> ออกแบบโปสเตอร์รณรงค์อนุรักษ์น้ำ</p>\r\n\r\n<h3>สื่อเสริมการเรียนรู้:</h3>\r\n\r\n<p><a href=\"/interactive/water-cycle-simulator\" target=\"_blank\">แบบจำลองวัฏจักรน้ำแบบอินเทอร์แอคทีฟ</a></p>\r\n\r\n<p><a href=\"/worksheets/water-conservation.pdf\" target=\"_blank\">ใบงานเรื่องการอนุรักษ์น้ำ</a></p>\r\n\r\n<p>หมายเหตุสำหรับครู:</p>\r\n\r\n<p>แนะนำให้ใช้สื่อนี้ร่วมกับการทดลองจริงในห้องเรียน และสามารถปรับกิจกรรมให้เหมาะสมกับบริบทของโรงเรียน</p>\r\n', 'youtube', 1, '', 157, '2025-07-02 06:45:00');
INSERT INTO `tbl_gallery` (`id`, `cat_id`, `video_title`, `video_url`, `video_id`, `video_thumbnail`, `video_duration`, `video_description`, `video_type`, `video_status`, `size`, `total_views`, `date_time`) VALUES
(48, 7, '[youtube] เทคนิคลับ!! ใช้ AI ช่วยเตรียมสอน (สรุป 2 นาทีท้าย)', 'https://www.youtube.com/watch?v=64rU0fSTh9I', '64rU0fSTh9I', '1751388114_เทคนิคลับ!! ใช้ AI ช่วยเตรียมสอน (สรุป 2 นาทีท้าย) .jpg', '15:07', '<h1>เทคนิคลับ!! ใช้ AI ช่วยเตรียมสอน (สรุป 2 นาทีท้าย)</h1>\r\n\r\n<p>&nbsp;</p>\r\n\r\n<p>&nbsp;</p>\r\n\r\n<p><img src=\"https://i.ytimg.com/vi/64rU0fSTh9I/hqdefault.jpg\" /></p>\r\n\r\n<p>&nbsp;</p>\r\n\r\n<p>เทคนิคลับ!! ใช้ AI ช่วยเตรียมสอน | เคล็ดลับสำหรับอาจารย์ยุคใหม่ 🎓💡 ในคลิปนี้ อ.เนะจะมาแชร์เทคนิคการใช้ AI 🤖 ช่วยเตรียมการสอนให้ง่ายและมีประสิทธิภาพมากขึ้น 📚 โดยใช้เครื่องมืออย่าง ChatGPT 💬 ในการคิดหัวข้อการสอน การจัดการเวลา ⏰ และการออกแบบกิจกรรม 🎯 รวมถึงใช้ Perplexity ในการค้นหาเนื้อหาแบบมีการอ้างอิง 📖 พร้อมรูปภาพและวิดีโอประกอบ 🎥 ถ้าคุณเป็นอาจารย์หรือผู้สอนที่อยากเพิ่มประสิทธิภาพในการเตรียมสอนให้รวดเร็วและมีคุณภาพ ห้ามพลาดคลิปนี้เด็ดขาดค่ะ 🚀 <a href=\"https://www.youtube.com/hashtag/%E0%B9%80%E0%B8%95%E0%B8%A3%E0%B8%B5%E0%B8%A2%E0%B8%A1%E0%B8%81%E0%B8%B2%E0%B8%A3%E0%B8%AA%E0%B8%AD%E0%B8%99%E0%B8%94%E0%B9%89%E0%B8%A7%E0%B8%A2ai\" target=\"\">#เตรียมการสอนด้วยAI</a> <a href=\"https://www.youtube.com/hashtag/chatgpt\" target=\"\">#ChatGPT</a> <a href=\"https://www.youtube.com/hashtag/perplexityai\" target=\"\">#PerplexityAI</a> <a href=\"https://www.youtube.com/hashtag/%E0%B9%80%E0%B8%97%E0%B8%84%E0%B8%99%E0%B8%B4%E0%B8%84ai\" target=\"\">#เทคนิคAI</a> <a href=\"https://www.youtube.com/hashtag/%E0%B8%81%E0%B8%B2%E0%B8%A3%E0%B8%AA%E0%B8%AD%E0%B8%99%E0%B8%94%E0%B9%89%E0%B8%A7%E0%B8%A2ai\" target=\"\">#การสอนด้วยAI</a> <a href=\"https://www.youtube.com/hashtag/ai%E0%B8%8A%E0%B9%88%E0%B8%A7%E0%B8%A2%E0%B8%AA%E0%B8%AD%E0%B8%99\" target=\"\">#AIช่วยสอน</a> <a href=\"https://www.youtube.com/hashtag/%E0%B8%81%E0%B8%B2%E0%B8%A3%E0%B8%A8%E0%B8%B6%E0%B8%81%E0%B8%A9%E0%B8%B2\" target=\"\">#การศึกษา</a> <a href=\"https://www.youtube.com/hashtag/%E0%B9%80%E0%B8%84%E0%B8%A5%E0%B9%87%E0%B8%94%E0%B8%A5%E0%B8%B1%E0%B8%9A%E0%B8%81%E0%B8%B2%E0%B8%A3%E0%B8%AA%E0%B8%AD%E0%B8%99\" target=\"\">#เคล็ดลับการสอน</a> <a href=\"https://www.youtube.com/hashtag/ai\" target=\"\">#AI</a> <a href=\"https://www.youtube.com/hashtag/anothaimarketing\" target=\"\">#anothaimarketing</a> <a href=\"https://www.youtube.com/hashtag/marketingeverywherebyanothai\" target=\"\">#marketingeverywherebyanothai</a> <a href=\"https://www.youtube.com/hashtag/%E0%B8%95%E0%B8%B4%E0%B8%94%E0%B8%95%E0%B8%B2%E0%B8%A1%E0%B8%AD%E0%B8%B2%E0%B8%88%E0%B8%B2%E0%B8%A3%E0%B8%A2%E0%B9%8C%E0%B8%81%E0%B8%B2%E0%B8%A3%E0%B8%95%E0%B8%A5%E0%B8%B2%E0%B8%94%E0%B8%97%E0%B8%B5%E0%B9%88%E0%B9%80%E0%B8%9B%E0%B9%87%E0%B8%99%E0%B8%99%E0%B8%B1%E0%B8%81%E0%B8%81%E0%B8%B2%E0%B8%A3%E0%B8%95%E0%B8%A5%E0%B8%B2%E0%B8%94\" target=\"\">#ติดตามอาจารย์การตลาดที่เป็นนักการตลาด</a> VDO Chapters &raquo; Highlight <a href=\"https://www.youtube.com/watch?v=64rU0fSTh9I\" target=\"\">00:00</a> &raquo; เริ่ม <a href=\"https://www.youtube.com/watch?v=64rU0fSTh9I&amp;t=35s\" target=\"\">00:35</a> &raquo; การใช้ ChatGPT คิดหัวข้อการสอน การแบ่งเวลา กิจกรรม <a href=\"https://www.youtube.com/watch?v=64rU0fSTh9I&amp;t=163s\" target=\"\">02:43</a> &raquo; การใช้ Perplexity ค้นหาเนื้อหาแบบมีอ้างอิง และรูปภาพ วิดีโอ <a href=\"https://www.youtube.com/watch?v=64rU0fSTh9I&amp;t=291s\" target=\"\">04:51</a> &raquo; สรุป <a href=\"https://www.youtube.com/watch?v=64rU0fSTh9I&amp;t=777s\" target=\"\">12:57</a> ❤❤❤❤❤❤❤❤❤❤❤❤❤❤ 💡แนะนำคลังความรู้จาก อ.เนะ <a href=\"https://www.youtube.com/hashtag/%E0%B8%A7%E0%B8%B4%E0%B8%88%E0%B8%B1%E0%B8%A2%E0%B8%81%E0%B8%B2%E0%B8%A3%E0%B8%95%E0%B8%A5%E0%B8%B2%E0%B8%94\" target=\"\">#วิจัยการตลาด</a> <a href=\"https://www.youtube.com/hashtag/%E0%B8%81%E0%B8%B2%E0%B8%A3%E0%B8%95%E0%B8%A5%E0%B8%B2%E0%B8%94%E0%B8%94%E0%B8%B4%E0%B8%88%E0%B8%B4%E0%B8%97%E0%B8%B1%E0%B8%A5\" target=\"\">#การตลาดดิจิทัล</a> <a href=\"https://www.youtube.com/hashtag/%E0%B8%A3%E0%B8%A7%E0%B8%A2%E0%B8%95%E0%B8%B4%E0%B8%94%E0%B8%88%E0%B8%A3%E0%B8%A7%E0%B8%94%E0%B9%81%E0%B8%84%E0%B9%88%E0%B8%A3%E0%B8%B9%E0%B9%89%E0%B8%97%E0%B8%B1%E0%B8%99%E0%B8%81%E0%B8%B2%E0%B8%A3%E0%B8%95%E0%B8%A5%E0%B8%B2%E0%B8%94\" target=\"\">#รวยติดจรวดแค่รู้ทันการตลาด</a> <a href=\"https://www.youtube.com/hashtag/%E0%B9%80%E0%B8%84%E0%B8%A5%E0%B9%87%E0%B8%94%E0%B8%A5%E0%B8%B1%E0%B8%9A%E0%B8%9B%E0%B8%B1%E0%B9%89%E0%B8%99%E0%B8%9B%E0%B8%A3%E0%B8%B1%E0%B8%9A%E0%B9%81%E0%B8%9A%E0%B8%A3%E0%B8%99%E0%B8%94%E0%B9%8C%E0%B9%83%E0%B8%AB%E0%B9%89%E0%B8%9B%E0%B8%B1%E0%B8%87%E0%B9%83%E0%B8%99%E0%B8%A2%E0%B8%B8%E0%B8%84%E0%B8%94%E0%B8%B4%E0%B8%88%E0%B8%B4%E0%B8%97%E0%B8%B1%E0%B8%A5\" target=\"\">#เคล็ดลับปั้นปรับแบรนด์ให้ปังในยุคดิจิทัล</a> <a href=\"https://www.youtube.com/hashtag/%E0%B8%9B%E0%B8%B1%E0%B9%89%E0%B8%99%E0%B9%81%E0%B8%9A%E0%B8%A3%E0%B8%99%E0%B8%94%E0%B9%8C%E0%B8%AD%E0%B8%A2%E0%B9%88%E0%B8%B2%E0%B8%87%E0%B8%A1%E0%B8%B5%E0%B8%81%E0%B8%A5%E0%B8%A2%E0%B8%B8%E0%B8%97%E0%B8%98%E0%B9%8C\" target=\"\">#ปั้นแบรนด์อย่างมีกลยุทธ์</a> <a href=\"https://www.youtube.com/hashtag/%E0%B8%81%E0%B8%B2%E0%B8%A3%E0%B8%95%E0%B8%A5%E0%B8%B2%E0%B8%94%E0%B8%98%E0%B8%B8%E0%B8%A3%E0%B8%81%E0%B8%B4%E0%B8%88%E0%B8%9A%E0%B8%A3%E0%B8%B4%E0%B8%81%E0%B8%B2%E0%B8%A3%E0%B9%83%E0%B8%99%E0%B8%A2%E0%B8%B8%E0%B8%84%E0%B8%94%E0%B8%B4%E0%B8%88%E0%B8%B4%E0%B8%97%E0%B8%B1%E0%B8%A5\" target=\"\">#การตลาดธุรกิจบริการในยุคดิจิทัล</a></p>\r\n\r\n<ul>\r\n	<li>- - - - - - - - - - - - - - - - - - - - - - - -</li>\r\n</ul>\r\n\r\n<p>📚สนใจสั่งซื้อหนังสือ Inbox เพจ Marketing Everywhere by Anothai Shopee <a href=\"https://www.youtube.com/redirect?event=video_description&amp;redir_token=QUFFLUhqbTdJbXVjREdTaC04dHpXMTV4ZGJSQUs2YWVDZ3xBQ3Jtc0tsbkQtM0tZb3dJVTUzU1NtLTlzVi1UaVBFWlEwa0gyN3VfZ0xROG9UaFFfZVpPWXF2aFFfcGNHeHRLODA1R2ZmY1dwT2RvdkdrNkNpTmQyM0NFd2FTcXQyWnJRLUVDS1NwYUcyQUY3U3VpN2xvY2NjQQ&amp;q=https%3A%2F%2Fshp.ee%2F6t3aab8&amp;v=64rU0fSTh9I\" target=\"_blank\">https://shp.ee/6t3aab8</a> Lazada <a href=\"https://www.youtube.com/redirect?event=video_description&amp;redir_token=QUFFLUhqa3UyUi1KR0FGdl9pVU9aWHVZVmRYX25SaDhJd3xBQ3Jtc0tsRlQ5YVhMOVNoWkVNYnktUFZmQXdrT2pSZU5ISU9jN2xramEyMWkzZS1fSnlBUkZPV1Boc1JWS1RHcmVKUndBTkV3dm9zM1E2OS1XZjJHekV4Ui1IUWpCRjdwNmpmQXd3azhmdlI4am12NV9zdURZcw&amp;q=https%3A%2F%2Feqrcode.co%2Fa%2FNhBhkA&amp;v=64rU0fSTh9I\" target=\"_blank\">https://eqrcode.co/a/NhBhkA</a> ศูนย์หนังสือชั้นนำ และ SE-ED ทั้งหน้าร้านและออนไลน์</p>\r\n\r\n<ul>\r\n	<li>- - - - - - - - - - - - - - - - - - - - - - - -</li>\r\n</ul>\r\n\r\n<p>📲e-book วิจัยการตลาด <a href=\"https://www.youtube.com/redirect?event=video_description&amp;redir_token=QUFFLUhqbmhrTzRHM19tUVRzVlhxXzUyOGhSUF9uVW1ZUXxBQ3Jtc0tsNnZCTVZOVWl4M05hc1ZCelhBenQyQXRBd1llNnVJXzU5dFlRSkR6X3RJdXBtN3VrOGxCZ3FJNWJlaERwNzlhcmNhYnZaZ3dvU0tQVUEyOXpHempxZUVsXzZ1YU1Eam1IUkp5S3pVV3dIeGlIWG02cw&amp;q=https%3A%2F%2Fbit.ly%2F2MktResearch&amp;v=64rU0fSTh9I\" target=\"_blank\">https://bit.ly/2MktResearch</a> การตลาดดิจิทัล <a href=\"https://www.youtube.com/redirect?event=video_description&amp;redir_token=QUFFLUhqazNQTjBLQnBJYXQxb3VyMWtuYUZFZEVKaGI5d3xBQ3Jtc0tuQ2R5WTN0VWtiMkVjaENFbTFiNnFyZW5oN2NuSm5RX2p2OUlUXzhKNVYtOGRONkNuaS1raF9ycGJfVjlfeHc0UDlJTW50cFRjYVEySFdROHVkb24tY1JodTJmM3lQUk82clltZkVZeDQzZnJXcU5xSQ&amp;q=https%3A%2F%2Fbit.ly%2F2MkTVIP&amp;v=64rU0fSTh9I\" target=\"_blank\">https://bit.ly/2MkTVIP</a> การตลาดธุรกิจบริการในยุคดิจิทัล www.stou.ac.th/link/SerMkt ปั้นแบรนด์อย่างมีกลยุทธ์ <a href=\"https://www.youtube.com/redirect?event=video_description&amp;redir_token=QUFFLUhqa081ZHdPM2VqZ0o1Z0JLSFhuLTZUTEh0VURzZ3xBQ3Jtc0tublM2YWVBZnFCQVYxSHJuTWtGc1NpSl9ZTjg0SXFSQjBtWEdjUGFCSTFNX0RSNFZKSEZhV2VUT2JJU25jV0VRekN1dHBrM1ZBZTA5RFFXM3duTzdBWmo3Q2NfQWJtM3FwcGI4aGhlUV9LdGt1emdhVQ&amp;q=https%3A%2F%2Fbit.ly%2Fstratbrandplan&amp;v=64rU0fSTh9I\" target=\"_blank\">https://bit.ly/stratbrandplan</a> Digital Marketing Essentials คลิก www.stou.ac.th/link/DigitalMarketingEssentials</p>\r\n\r\n<ul>\r\n	<li>- - - - - - - - - - - - - - - - - - - - - - - -</li>\r\n</ul>\r\n\r\n<p>🔰คอร์สออนไลน์ Smart Communication to Win สื่อสารชนะใจ เรื่องยากก็สำเร็จได้ง่าย www.stou.ac.th/link/smartcom กลยุทธ์สื่อสารการตลาดเพื่อสร้างแบรนด์อย่างยั่งยืน Branding Communication Strategy www.stou.ac.th/link/brandingcom ปั้นแบรนด์ด้วย Lean Marketing Canvas www.stou.ac.th/link/leanmarketingcanvas ปั้นแบรนด์สวยด้วย 7 มิติ www.stou.ac.th/link/brandsevendimension ปั้นแบรนด์อย่างมีกลยุทธ์ www.stou.ac.th/link/strategicbranding</p>\r\n\r\n<ul>\r\n	<li>- - - - - - - - - - - - - - - - - - - - - - - -</li>\r\n</ul>\r\n\r\n<p>ติดตามเรื่องราวการสอนการตลาดของ อ เนะได้ทุกที่ 🌻Facebook Page: Marketing Everywhere by Anothai 🌻YouTube: <a href=\"https://www.youtube.com/anothaimarketing\" target=\"\">&nbsp;&nbsp;<img alt=\"\" src=\"https://www.gstatic.com/youtube/img/watch/yt_favicon_ringo2.png\" />&nbsp;/&nbsp;anothaimarketing&nbsp;&nbsp;</a> 🌻Blog: www.anothaimarketing.com</p>\r\n\r\n<h2>&nbsp;</h2>\r\n\r\n<p>&nbsp;</p>\r\n', 'youtube', 1, '', 6, '2025-07-01 09:41:54'),
(49, 2, '[youtube] ภาษาอังกฤษ ป.2 - สนุกกับคำศัพท์รอบตัว', 'https://www.youtube.com/embed/AbCdEfGhIjK', 'AbCdEfGhIjK', 'https://img.youtube.com/vi/AbCdEfGhIjK/maxresdefault.jpg', '15:45', '<h2>สื่อการสอนภาษาอังกฤษพื้นฐานสำหรับนักเรียนชั้น ป.2</h2>\r\n\r\n<div class=\"video-wrapper\">\r\n    <iframe width=\"560\" height=\"315\" src=\"https://www.youtube.com/embed/AbCdEfGhIjK\" frameborder=\"0\" allow=\"accelerometer; autoplay; clipboard-write; encrypted-media; gyroscope; picture-in-picture\" allowfullscreen></iframe>\r\n</div>\r\n\r\n<div class=\"lesson-content\">\r\n    <h3>เนื้อหาบทเรียน:</h3>\r\n    <ul>\r\n        <li>คำศัพท์เกี่ยวกับสิ่งของในห้องเรียน</li>\r\n        <li>คำศัพท์เกี่ยวกับสัตว์เลี้ยง</li>\r\n        <li>ประโยคง่ายๆ ในชีวิตประจำวัน</li>\r\n    </ul>\r\n\r\n    <h3>กิจกรรมแนะนำ:</h3>\r\n    <div class=\"activities\">\r\n        <p><strong>เกมทายคำศัพท์:</strong> ให้นักเรียนดูภาพและทายคำศัพท์ภาษาอังกฤษ</p>\r\n        <p><strong>ร้องเพลงคำศัพท์:</strong> เรียนรู้ผ่านเพลงสนุกๆ</p>\r\n    </div>\r\n\r\n    <h3>สื่อประกอบ:</h3>\r\n    <div class=\"materials\">\r\n        <p><a href=\"/flashcards/english_p2.pdf\" target=\"_blank\">บัตรคำศัพท์ (PDF)</a></p>\r\n        <p><a href=\"/audio/english_p2_vocab.mp3\" target=\"_blank\">ไฟล์เสียงคำศัพท์ (MP3)</a></p>\r\n    </div>\r\n\r\n    <div class=\"learning-outcomes\">\r\n        <h4>ผลลัพธ์ที่คาดหวัง:</h4>\r\n        <p>นักเรียนสามารถจำและออกเสียงคำศัพท์พื้นฐานได้อย่างน้อย 20 คำ</p>\r\n    </div>\r\n</div>', 'youtube', 0, '38MB', 96, '2025-07-04 02:15:00'),
(55, 6, '[video] สื่อการเรียนการสอน เรื่อง วันหยุดราชการที่เกี่ยวกับชาติ และพระมหากษัตริย์', '1761387825_วันหยุดราชการที่เกี่ยวกับชาติ และพระมหากษัตริย์.mp4', 'cda11up', '1761387825_สื่อการเรียนการสอน สังคม ป.3 เรื่อง วันหยุดราชการที่เกี่ยวกับชาติ และพระมหากษัตริย์.jpg', '13:59', '<h2><strong>สื่อการเรียนการสอน เรื่อง วันหยุดราชการที่เกี่ยวกับชาติ และพระมหากษัตริย์</strong></h2>\r\n\r\n<p>&nbsp;</p>\r\n\r\n<p>&nbsp;</p>\r\n\r\n<p>&nbsp;</p>\r\n\r\n<p>สื่อการเรียนการสอน เรื่อง วันหยุดราชการที่เกี่ยวกับชาติ และพระมหากษัตริย์</p>\r\n\r\n<p>- วันหยุดราชการที่เกี่ยวกับชาติ และพระมหากษัตริย์ มีวันอะไรบ้าง</p>\r\n\r\n<p>- ทำไมเราต้องมีวันหยุดราชการที่เกี่ยวกับชาติ และพระมหากษัตริย์</p>\r\n\r\n<p>- มาดูความหมาย ความสำคัญของ&nbsp;วันหยุดราชการต่อไปนี้ เช่น วันรัฐธรรมนูญ, วันพ่อแห่งชาติ, วันจักรี, วันปิยมหาราช และ วันฉัตรมงคล ว่ามีความสำคัญกับคนไทยอย่างไร</p>\r\n\r\n<p>ดูน้อยลง</p>\r\n\r\n<p>&nbsp;</p>\r\n\r\n<p>cr :&nbsp;</p>\r\n\r\n<h2><strong><a href=\"https://web.facebook.com/kruaoeducation?__tn__=-]C\">ครูโอ๋ สื่อการเรียนการสอน</a></strong></h2>\r\n\r\n<p>&nbsp;</p>\r\n', 'Upload', 1, '35.94 MB', 118, '2025-07-02 09:07:46'),
(62, 9, ' กำเนิดเครื่องดูดฝุ่นไฟฟ้า : PodShark สุดสัปดาห์', 'https://www.youtube.com/watch?v=VDiziTxZ9GQ', 'VDiziTxZ9GQ', '1751537552_hqdefault.jpg', '49:11', '<p>&nbsp;</p>\r\n\r\n<p><strong>กำเนิดเครื่องดูดฝุ่นไฟฟ้า : PodShark สุดสัปดาห์</strong></p>\r\n\r\n<p><img alt=\"\" src=\"https://i.ytimg.com/vi/VDiziTxZ9GQ/hqdefault.jpg\" /></p>\r\n\r\n<table border=\"1\" cellpadding=\"1\" cellspacing=\"1\" style=\"width:100%\">\r\n	<tbody>\r\n		<tr>\r\n			<td>&nbsp;</td>\r\n			<td>&nbsp;</td>\r\n		</tr>\r\n	</tbody>\r\n</table>\r\n\r\n<p>PodShark สุดสัปดาห์คลิปนี้พาย้อนกลับไปในยุคทศวรรษปี 1860 กับจุดเริ่มต้นของเครื่องใช้ไฟฟ้าที่ใช้ทุ่นแรงในการทำความสะอาดพื้นแทนการใช้ไม้กวาด สิ่งนั้นคือ &quot;เครื่องดูดฝุ่นไฟฟ้า&quot; เรื่องราวความเป็นมาของเครื่องดูดฝุ่นไฟฟ้าจะเป็นอย่างไร ไปชมกันครับ <a href=\"https://www.youtube.com/hashtag/vacuumcleaner\" target=\"\">#VacuumCleaner</a> <a href=\"https://www.youtube.com/hashtag/vacuum\" target=\"\">#Vacuum</a> <a href=\"https://www.youtube.com/hashtag/dirt\" target=\"\">#Dirt</a> <a href=\"https://www.youtube.com/hashtag/thehoovercompany\" target=\"\">#TheHooverCompany</a> <a href=\"https://www.youtube.com/hashtag/%E0%B9%80%E0%B8%84%E0%B8%A3%E0%B8%B7%E0%B9%88%E0%B8%AD%E0%B8%87%E0%B8%94%E0%B8%B9%E0%B8%94%E0%B8%9D%E0%B8%B8%E0%B9%88%E0%B8%99\" target=\"\">#เครื่องดูดฝุ่น​</a> <a href=\"https://www.youtube.com/hashtag/homeappliances\" target=\"\">#HomeAppliances</a> <a href=\"https://www.youtube.com/hashtag/podshark%E0%B8%AA%E0%B8%B8%E0%B8%94%E0%B8%AA%E0%B8%B1%E0%B8%9B%E0%B8%94%E0%B8%B2%E0%B8%AB%E0%B9%8C\" target=\"\">#PodSharkสุดสัปดาห์</a> <a href=\"https://www.youtube.com/hashtag/podshark\" target=\"\">#PodShark</a> <a href=\"https://www.youtube.com/hashtag/techoffside\" target=\"\">#TechOffside</a></p>\r\n\r\n<p>&nbsp;</p>\r\n\r\n<p>cr :&nbsp;<a href=\"https://www.youtube.com/@techoffside\"><img alt=\"\" src=\"https://yt3.ggpht.com/Nn0BXLnM5zL8dPNdAlU5kFdcw1nDEMeLkcKqWOLky5U6h1ltfx14488cUuLDeVm3JUC03Gzx=s88-c-k-c0x00ffffff-no-rj\" style=\"width:40px\" /></a></p>\r\n\r\n<p><a href=\"https://www.youtube.com/@techoffside\">TechOffside &ldquo;ล้ำหน้าโชว์&rdquo;</a></p>\r\n\r\n<p>&nbsp;</p>\r\n', 'youtube', 1, '', 6, '2025-07-03 03:12:32'),
(63, 1, '[Facebook]  เพลงวงกลมแสนสนุก', 'https://pixeldrain.com/api/file/TghRnCN9', 'cda11up', '1751633918_514915304_760205229886216_3891233056635973948_n.jpg', '0:50', '<p><img alt=\"⭕️\" src=\"https://static.xx.fbcdn.net/images/emoji.php/v9/tba/2/16/2b55.png\" style=\"height:16px; width:16px\" />เพลงวงกลมแสนสนุก</p>\r\n\r\n<p>&nbsp;</p>\r\n\r\n<p><img alt=\"\" src=\"https://scontent.xx.fbcdn.net/v/t15.5256-10/514915304_760205229886216_3891233056635973948_n.jpg?stp=dst-jpg_s960x960_tt6&amp;_nc_cat=109&amp;ccb=1-7&amp;_nc_sid=50ce42&amp;_nc_ohc=onKisG9mIHQQ7kNvwH6bsKh&amp;_nc_oc=AdnP4o2g6F_Fn_C8LedHKCzeYWiguZpQC0g05FaSxbsyi6dltbqQjhYwzof68txibXo&amp;_nc_zt=23&amp;_nc_ht=scontent.xx&amp;_nc_gid=8afyEIdnwVa2I0CUvaA4hA&amp;oh=00_AfOzgAQmY-EoKtIF24f2EYjEEzC8tg8SQirYErH5V2L-Ig&amp;oe=686D9117\" /></p>\r\n\r\n<p>ประกอบการเรียนรู้เรื่องการหาพื้นที่ของวงกลม</p>\r\n\r\n<p><img alt=\"🎼\" src=\"https://static.xx.fbcdn.net/images/emoji.php/v9/t6b/2/16/1f3bc.png\" style=\"height:16px; width:16px\" />ฟังเพลงเต็มได้ที่ tiktok นะคะ<img alt=\"👇\" src=\"https://static.xx.fbcdn.net/images/emoji.php/v9/tee/2/16/1f447.png\" style=\"height:16px; width:16px\" /></p>\r\n\r\n<p><a href=\"https://www.tiktok.com/@bannsue/video/7523129721123573000?fbclid=IwZXh0bgNhZW0CMTAAYnJpZBExQVBHV2VxWU12STZVTmkxRQEeVuOr7SUtaKEMqZLRt7L82kcGuv9faLFz0BU6xd_zrK9rjUSkJKH1UZSxWPk_aem_YnNTZI4FRKpPW7sqPCwFQw\" target=\"_blank\">https://www.tiktok.com/@bannsue/video/7523129721123573000</a></p>\r\n\r\n<p><a href=\"https://web.facebook.com/hashtag/%E0%B9%80%E0%B8%9E%E0%B8%A5%E0%B8%87%E0%B8%9B%E0%B8%A3%E0%B8%B0%E0%B8%81%E0%B8%AD%E0%B8%9A%E0%B8%81%E0%B8%B2%E0%B8%A3%E0%B8%AA%E0%B8%AD%E0%B8%99?__eep__=6&amp;__cft__[0]=AZViQxe76UfTahniUIir5HrVFkW5t5LK7IIC8Nkzes304C0KjFNGjBLUi9AMLn-As4gBHRLe0e2D5QPfhi2Hu0QwzbUG7NXsL3lkSOb-ksamXfWXIbXvhtlrPjW9SzNcEbg37igIOaVfE76Yc5lnLmDAHElYcoW9SzcewuQxoMxOUR6DvuyeH74vFnEwug36y8Tokr1E5f6AQ_t7c8kzrOhp&amp;__tn__=*NK-R\">#เพลงประกอบการสอน</a> <a href=\"https://web.facebook.com/hashtag/%E0%B8%AA%E0%B8%B7%E0%B9%88%E0%B8%AD%E0%B8%84%E0%B8%93%E0%B8%B4%E0%B8%95%E0%B8%A8%E0%B8%B2%E0%B8%AA%E0%B8%95%E0%B8%A3%E0%B9%8C?__eep__=6&amp;__cft__[0]=AZViQxe76UfTahniUIir5HrVFkW5t5LK7IIC8Nkzes304C0KjFNGjBLUi9AMLn-As4gBHRLe0e2D5QPfhi2Hu0QwzbUG7NXsL3lkSOb-ksamXfWXIbXvhtlrPjW9SzNcEbg37igIOaVfE76Yc5lnLmDAHElYcoW9SzcewuQxoMxOUR6DvuyeH74vFnEwug36y8Tokr1E5f6AQ_t7c8kzrOhp&amp;__tn__=*NK-R\">#สื่อคณิตศาสตร์</a> <a href=\"https://web.facebook.com/hashtag/%E0%B8%81%E0%B8%B2%E0%B8%A3%E0%B8%AB%E0%B8%B2%E0%B8%9E%E0%B8%B7%E0%B9%89%E0%B8%99%E0%B8%97%E0%B8%B5%E0%B9%88?__eep__=6&amp;__cft__[0]=AZViQxe76UfTahniUIir5HrVFkW5t5LK7IIC8Nkzes304C0KjFNGjBLUi9AMLn-As4gBHRLe0e2D5QPfhi2Hu0QwzbUG7NXsL3lkSOb-ksamXfWXIbXvhtlrPjW9SzNcEbg37igIOaVfE76Yc5lnLmDAHElYcoW9SzcewuQxoMxOUR6DvuyeH74vFnEwug36y8Tokr1E5f6AQ_t7c8kzrOhp&amp;__tn__=*NK-R\">#การหาพื้นที่</a></p>\r\n', 'Url', 1, '', 7, '2025-07-04 05:58:38'),
(64, 9, '#รายงานผลการปฏิบัติที่เป็นเลิศ (Best Practice)  ประเภท : ผู้สร้างสื่อเทคโนโลยีดิจิทัล', 'https://pixeldrain.com/api/file/km4Bz5ES', 'cda11up', '1751634838_Screenshot 2568-07-04 at 20.13.39.png', '1:30', '<h2><a href=\"https://web.facebook.com/profile.php?id=100083312500491&amp;__cft__[0]=AZVW7496k2lv1dWF4NbQuzntf4iV77e6e0s3VdAAM24fTj8Jfrm-_LJEnxX63ldqzxDHBV1MKFq7nm_uqvbR7DNV9-auq7P9DAFfC6Vzfkpr9DBGyiA9DmugqGTApaG_6NQr9i5WNnmaHQe40Mb6UQI_u_J9Sc4DYutUJXxT5G19WB7WgPXx_7hi3RZbc66VExsra9hA-HPWmHaxEoXOCEmD&amp;__tn__=-UC-R\"><strong>สื่อไทยไว้ใช้สอน kruparty</strong></a></h2>\r\n\r\n<p>&nbsp;</p>\r\n\r\n<p><img alt=\"✍️\" src=\"https://static.xx.fbcdn.net/images/emoji.php/v9/t63/2/16/270d.png\" style=\"height:16px; width:16px\" />เผยแพร่ผลงาน</p>\r\n\r\n<p><a href=\"https://web.facebook.com/watch/hashtag/%E0%B8%A3%E0%B8%B2%E0%B8%A2%E0%B8%87%E0%B8%B2%E0%B8%99%E0%B8%9C%E0%B8%A5%E0%B8%81%E0%B8%B2%E0%B8%A3%E0%B8%9B%E0%B8%8F%E0%B8%B4%E0%B8%9A%E0%B8%B1%E0%B8%95%E0%B8%B4%E0%B8%97%E0%B8%B5%E0%B9%88%E0%B9%80%E0%B8%9B%E0%B9%87%E0%B8%99%E0%B9%80%E0%B8%A5%E0%B8%B4%E0%B8%A8?__eep__=6%2F&amp;__cft__[0]=AZVW7496k2lv1dWF4NbQuzntf4iV77e6e0s3VdAAM24fTj8Jfrm-_LJEnxX63ldqzxDHBV1MKFq7nm_uqvbR7DNV9-auq7P9DAFfC6Vzfkpr9DBGyiA9DmugqGTApaG_6NQr9i5WNnmaHQe40Mb6UQI_u_J9Sc4DYutUJXxT5G19WB7WgPXx_7hi3RZbc66VExsra9hA-HPWmHaxEoXOCEmD&amp;__tn__=*NK-R\">#รายงานผลการปฏิบัติที่เป็นเลิศ</a>&nbsp;(Best Practice)</p>\r\n\r\n<p>ประเภท : ผู้สร้างสื่อเทคโนโลยีดิจิทัล</p>\r\n\r\n<p>ระบคลังสื่อOBEC Content Center</p>\r\n\r\n<p>การสร้างสื่อวิดีโอประกอบการจัดการเรียนรู้ เรื่องพระอภัยมณี ตอนพระอภัยมณีหนีนางผีเสื้อสมุทร เพื่อพัฒนาทักษะการคิดพินิจคุณค่าวรรณคดี สะท้อนภาษาสร้างสรรค์ ในกิจกรรม เพลงของเรา.....ในเงาวรรณคดี</p>\r\n\r\n<p>ของนักเรียนชั้นมัธยมศึกษาปีที่ 3 โรงเรียนวัดพรหมวิหาร</p>\r\n\r\n<p>สื่อวีดีโอบนระบบคลังสื่อ OBEC Content Center&nbsp;<img alt=\"👇🏻\" src=\"https://static.xx.fbcdn.net/images/emoji.php/v9/te9/2/16/1f447_1f3fb.png\" style=\"height:16px; width:16px\" /></p>\r\n\r\n<p><a href=\"http://contentcenter.obec.go.th/detail/vdo/172032?fbclid=IwZXh0bgNhZW0CMTAAYnJpZBExQVBHV2VxWU12STZVTmkxRQEeJn7a3labdEV1_oqV7r_Ghz-7eetZqcU_MFPhEYOuhhqlAwgMI8JDa9NbEbw_aem_xo_At8kh9bKDgpZay3WDKA\" target=\"_blank\">http://contentcenter.obec.go.th/detail/vdo/172032</a></p>\r\n\r\n<p><img alt=\"✍️\" src=\"https://static.xx.fbcdn.net/images/emoji.php/v9/t63/2/16/270d.png\" style=\"height:16px; width:16px\" />เผยแพร่คู่มือการสร้างสื่อและการใช้งานสื่อเทคโนโลยีดิจิทัล ระบคลังสื่อOBEC Content Center</p>\r\n', 'Url', 1, '', 13, '2025-07-04 06:12:43'),
(65, 8, 'นิราศภูเขาทอง ของท่านสุนทรภู่ ชั้นมัธยมศึกษาปีที่1', 'https://www.youtube.com/watch?v=dMOM4H1e5f4', 'dMOM4H1e5f4', '1751725877_นิราศภูเขาทอง ของท่านสุนทรภู่ ชั้นมัธยมศึกษาปีที่1 .jpg', '08:00', '<p>&nbsp;</p>\r\n\r\n<h1>นิราศภูเขาทอง ของท่านสุนทรภู่ ชั้นมัธยมศึกษาปีที่1</h1>\r\n\r\n<p>&nbsp;</p>\r\n\r\n<p>&nbsp;</p>\r\n\r\n<p><br />\r\n<img alt=\"\" src=\"https://i.ytimg.com/vi/dMOM4H1e5f4/hqdefault.jpg\" /></p>\r\n\r\n<p>&nbsp;</p>\r\n\r\n<p><img alt=\"อาจเป็นรูปภาพของ 2 คน และ ข้อความ\" src=\"https://scontent.fbkk22-8.fna.fbcdn.net/v/t39.30808-6/495714659_670714215715656_4532305947646910939_n.jpg?_nc_cat=108&amp;ccb=1-7&amp;_nc_sid=127cfc&amp;_nc_eui2=AeH_oXf_FMuzRuCJCeYroR5RVG5WWZD3me9UblZZkPeZ75LJR1a3Zk018c7uWiYwEvNJA1A8AOf3L8YQ-LzvmVNI&amp;_nc_ohc=MjJ51AyI19UQ7kNvwGW4NCj&amp;_nc_oc=AdmVGmkFxQZe6Llly0emIoKYdXIUwtu_7dqPnLdXxTut9IB2RkCKhjwndR477-pn4wM&amp;_nc_zt=23&amp;_nc_ht=scontent.fbkk22-8.fna&amp;_nc_gid=Pa3Fo3cJA3b-_dSZYNC1-A&amp;oh=00_AfSMVlj9H_RxG74fapkBCyGk8y2_QwLjI2Ewz1rp4gVnUA&amp;oe=686F03B3\" /></p>\r\n\r\n<p>&nbsp;</p>\r\n\r\n<p>&nbsp;</p>\r\n\r\n<p>&nbsp;</p>\r\n\r\n<p>&nbsp;</p>\r\n\r\n<p><img alt=\"📝\" src=\"https://static.xx.fbcdn.net/images/emoji.php/v9/t6b/2/16/1f4dd.png\" style=\"height:16px; width:16px\" />เตรียมพร้อมเปิดเทอมกันค่ะ</p>\r\n\r\n<p>เนื้อหาและใบงาน พร้อมวีดีการสอน</p>\r\n\r\n<p>เรื่อง นิราศภูเขาทอง<img alt=\"🛶\" src=\"https://static.xx.fbcdn.net/images/emoji.php/v9/tfd/2/16/1f6f6.png\" style=\"height:16px; width:16px\" /> ชั้นมัธยมศึกษาปีที่ 1</p>\r\n\r\n<p><a href=\"https://youtu.be/dMOM4H1e5f4?si=54heyaUpxZ6XR0JS&amp;fbclid=IwZXh0bgNhZW0CMTAAYnJpZBExQVBHV2VxWU12STZVTmkxRQEe8WlxWA7xlqfwaLZD2Ko6Nj4oSiwBBrcLPN5fztwE4d1W45TefkTJsn-OOs4_aem_NnyMYrL8S7QtUPikFRya6Q\" target=\"_blank\">https://youtu.be/dMOM4H1e5f4?si=54heyaUpxZ6XR0JS</a></p>\r\n\r\n<p>&nbsp;</p>\r\n\r\n<p>cr :&nbsp;</p>\r\n\r\n<p>&nbsp;</p>\r\n\r\n<p><a href=\"https://www.youtube.com/@%E0%B8%AD%E0%B8%99%E0%B8%B1%E0%B8%8D%E0%B8%8D%E0%B8%B2%E0%B8%84%E0%B8%A3%E0%B8%B9%E0%B8%A0%E0%B8%B2%E0%B8%A9%E0%B8%B2%E0%B9%84%E0%B8%97%E0%B8%A2\"><img alt=\"\" src=\"https://yt3.ggpht.com/OjUVjDg7NzGeKFi3pG583qS4XUsqVRxf0wNi5YAY4pqACOdBiVRCimhzz5XUQIyPV5O07voW1g=s88-c-k-c0x00ffffff-no-rj\" style=\"width:40px\" /></a></p>\r\n\r\n<p><a href=\"https://www.youtube.com/@%E0%B8%AD%E0%B8%99%E0%B8%B1%E0%B8%8D%E0%B8%8D%E0%B8%B2%E0%B8%84%E0%B8%A3%E0%B8%B9%E0%B8%A0%E0%B8%B2%E0%B8%A9%E0%B8%B2%E0%B9%84%E0%B8%97%E0%B8%A2\">อนัญญา ครูภาษาไทย</a></p>\r\n\r\n<p>&nbsp;</p>\r\n\r\n<p>&nbsp;</p>\r\n', 'youtube', 1, '', 6, '2025-07-05 07:31:17'),
(66, 8, '[video] ห้องเรียนครูนารี 1 ชั่วโมง  ·  บัตรคำมีเสียง A-Z ผักและผลไม้ ไฟล์ powerpoint', '1761386071_A-Z_vegetable_and_fruit_flashcards_with_sound_file.mp4', 'cda11up', '1761386071_517363873_1230245165208448_6239203185466903891_n.jpg', '1:25', '<p>บัตรคำมีเสียง A-Z ผักและผลไม้ ไฟล์ powerpoint จำนวน 26 หน้า ราคา 59 บาท VIP อยู่ในโฟลเดอร์ บัตรคำศัพท์ภาษาอังกฤษ มีเสียง นะคะ งานใหม่จ้า</p>\r\n\r\n<p>&nbsp;</p>\r\n\r\n<p><img src=\"https://scontent-sea1-1.xx.fbcdn.net/v/t15.5256-10/517363873_1230245165208448_6239203185466903891_n.jpg?_nc_cat=106&amp;ccb=1-7&amp;_nc_sid=a27664&amp;_nc_ohc=J3ASkBelI9IQ7kNvwHLTdFm&amp;_nc_oc=AdnUZJ6NWtJEFYEYf1WPoTFKOtR5vDzqMjKNcTcDj9WE7BY2ehUaea_AqiP1BcLzS-g&amp;_nc_zt=23&amp;_nc_ht=scontent-sea1-1.xx&amp;_nc_gid=9rDpreQ72sMPPjLjgI3sBA&amp;oh=00_Affpsbmvz6y_0Q1_3FfprariWj_0vKdyKIsGJWf2Hte0hw&amp;oe=69027A6B\" /></p>\r\n\r\n<p><img alt=\"📣\" src=\"https://static.xx.fbcdn.net/images/emoji.php/v9/t59/2/16/1f4e3.png\" style=\"height:16px; width:16px\" />&nbsp;สมัครสมาชิก VIP ห้องเรียนครูนารี เพียง 299.-&nbsp;<img alt=\"📣\" src=\"https://static.xx.fbcdn.net/images/emoji.php/v9/t59/2/16/1f4e3.png\" style=\"height:16px; width:16px\" /></p>\r\n\r\n<p><img alt=\"✅\" src=\"https://static.xx.fbcdn.net/images/emoji.php/v9/tb4/2/16/2705.png\" style=\"height:16px; width:16px\" />&nbsp;ไฟล์งานแบบฝึกหัด ใช้สอน อนุบาล - ป.1</p>\r\n\r\n<p><img alt=\"✅\" src=\"https://static.xx.fbcdn.net/images/emoji.php/v9/tb4/2/16/2705.png\" style=\"height:16px; width:16px\" />&nbsp;ไฟล์ PDF ไม่ติดลายน้ำเพจ&nbsp;ภาพคมชัด</p>\r\n\r\n<p><img alt=\"✅\" src=\"https://static.xx.fbcdn.net/images/emoji.php/v9/tb4/2/16/2705.png\" style=\"height:16px; width:16px\" />&nbsp;มีไฟล์มากกว่า 400 ไฟล์ 8,000 กว่าหน้า ไม่มีไลน์น้ำ</p>\r\n\r\n<p><img alt=\"✅\" src=\"https://static.xx.fbcdn.net/images/emoji.php/v9/tb4/2/16/2705.png\" style=\"height:16px; width:16px\" />&nbsp;ดาวน์โหลดไฟล์ ผ่านกูเกิ้ลไดรฟ์ ดาวน์โหลดได้ตลอดชีพ</p>\r\n\r\n<p><img alt=\"✅\" src=\"https://static.xx.fbcdn.net/images/emoji.php/v9/tb4/2/16/2705.png\" style=\"height:16px; width:16px\" />&nbsp;มีงานใหม่ ๆ เพิ่มเติมตลอด ๆ</p>\r\n\r\n<p><img alt=\"✅\" src=\"https://static.xx.fbcdn.net/images/emoji.php/v9/tb4/2/16/2705.png\" style=\"height:16px; width:16px\" />&nbsp;มีทั้ง ไทย คณิต อังกฤษ ระบายสี และสื่อตกแต่งห้องเรียน บัตรคำต่าง ๆ สนใจทักแชทได้เลยนะคะ</p>\r\n\r\n<p>[video]&nbsp;</p>\r\n', 'Upload', 1, '5.53 MB', 18, '2025-07-07 10:01:51'),
(67, 6, '[รางวัลชนะเลิศ] การประยุกต์ใช้ AI ในการสร้างการ์ตูนแอนนิเมชั่น จากผลการใช้หลักสูตรต้านทุจริต  เรื่อง เส้นทางที่เลือก', '1752123881_ จากผลการใช้หลักสูตรต้านทุจริต.mp4', 'cda11up', '1752123881_ผลการใช้หลักสูตรต้านทุจริต.jpg', '04:00', '<p>รางวัลชนะเลิศ</p>\r\n\r\n<p>กิจกรรมการประยุกต์ใช้ AI ในการสร้างการ์ตูนแอนนิเมชั่น จากผลการใช้หลักสูตรต้านทุจริต</p>\r\n\r\n<p>เรื่อง เส้นทางที่เลือก</p>\r\n\r\n<p>&nbsp;</p>\r\n\r\n<p><img alt=\"\" src=\"https://scontent.fhan5-2.fna.fbcdn.net/v/t15.5256-10/516890150_756758743555590_829439882145136458_n.jpg?stp=dst-jpg_s526x296_tt6&amp;_nc_cat=104&amp;ccb=1-7&amp;_nc_sid=442ec5&amp;_nc_ohc=Fj33OUd5wEcQ7kNvwGb2fzs&amp;_nc_oc=Adlr3ijr1Hz2t-A8Bc6eJEd2wIq-49wu9OiceH3UxaL7huRbkq9oAFwekpIM0wk0LjY&amp;_nc_zt=23&amp;_nc_ht=scontent.fhan5-2.fna&amp;edm=AGo2L-IEAAAA&amp;_nc_gid=vVi9tNYRtEA7lPi6fW9FvQ&amp;oh=00_AfR3zdSRdl9iyCMjT8huFv5R0DQzI5ON8A5nQln_ma4giw&amp;oe=6875157C\" /></p>\r\n\r\n<p>&nbsp;</p>\r\n\r\n<p><a href=\"https://pixeldrain.com/api/file/YrJLTF4M\">https://pixeldrain.com/api/file/YrJLTF4M</a></p>\r\n\r\n<p>&nbsp;</p>\r\n\r\n<p>cr :&nbsp;</p>\r\n\r\n<h2><a href=\"https://web.facebook.com/KruMing63?__cft__[0]=AZV5b_b-svWYnAImwt-RvMD39BgyeK7o8yS1ahH_JKfXzWtGNOriTAjzQa-ZEobfSUkZFhn7omLR212fNEcuzPeBSfHCBHrXaKJFJeWW3qTRbroMaS4qIC8kOvc_VQl_88BUW4iHDWfkJWWq7GcARt6I2LaX1kG9IAlEJLfSO7l49TQmEkAFp88NZyU1htN4KNPvwvZNcsOuU77GDB72dFfEcgaZxJeTNdAQhZdijb6DfA&amp;__tn__=-UC-R\"><strong>Kru Ming - Clips</strong></a></h2>\r\n\r\n<p>link :&nbsp;<a href=\"https://web.facebook.com/KruMing63/videos/3219004141609304\">https://web.facebook.com/KruMing63/videos/3219004141609304</a></p>\r\n', 'Upload', 1, '28.20 MB', 27, '2025-07-09 22:04:41'),
(68, 7, 'Context Engineering คืออะไร ?', 'https://www.youtube.com/watch?v=3XbAdTbQYBY', '3XbAdTbQYBY', '1752130477_Context Engineering .jpg', '45:15', '<h1>Context Engineering คืออะไร ? (แวะกลับมาทักทายกันหน่อย 😆)</h1>\r\n\r\n<p>&nbsp;</p>\r\n\r\n<p><img alt=\"อาจเป็นกราฟิกรูป ข้อความพูดว่า &quot;Context Engineering ? የ กหลองไมค์ ลองไ มค&quot;\" src=\"https://scontent.fbkk22-1.fna.fbcdn.net/v/t39.30808-6/518095047_672482362483715_4271134070647458951_n.jpg?_nc_cat=100&amp;ccb=1-7&amp;_nc_sid=127cfc&amp;_nc_eui2=AeGC1ZWZFPPvLDsDBd8tH5TB_ml0mZPNgAz-aXSZk82ADB_rg3g4j5LH1fg82vfsoLd0Wmw_3m6Bn1eLxZG8UHcd&amp;_nc_ohc=YIenqgQ101oQ7kNvwHVj-yM&amp;_nc_oc=Adln2HIcbcsqcti-P_TGSeWDGrVSq0VfSks-XF3IJ0zpXmrF9INbYBm3PSmUY8Fmg70&amp;_nc_zt=23&amp;_nc_ht=scontent.fbkk22-1.fna&amp;_nc_gid=gKcc1AcjB3qs45GI_9GpTw&amp;oh=00_AfSHXXZ2Ds6wAzA03ekuZqSueZzDU9wnkb76Fo_vGh7njw&amp;oe=68754C5D\" /></p>\r\n\r\n<p><a href=\"https://web.facebook.com/hashtag/%E0%B8%A5%E0%B8%AD%E0%B8%87%E0%B9%84%E0%B8%A1%E0%B8%84%E0%B9%8C?__eep__=6&amp;__cft__[0]=AZXYVhJG-_BgMb1p3w1JzaEpsxzn8-J-C_C_JxCMnf5iZvksINlRr0_EbInrTwkbOilViWdWi0Rm29UvkvQ9ulEnupM97CjusL7oolbi_R8cE6kSSOlJ1QlKF8gQK63oFm4mMddqmGEJTJHTlLX80uZoEK8BuumBrqMT-JHDcOCP0vguYStaRJGHdQ3K4ZCpclN2kM88S_Dr6S-bExPJIQVV36ByktvhX5O2ScOR1uoDdh340-dXpyqGoxL_sokeOh8&amp;__tn__=*NK*F\">#ลองไมค์</a>&nbsp;สัปดาห์นี้ หลังจากที่ห่างหายกันไปนาน วันนี้เราขอคั่นซีรีส์ Java กันสักครู่ แล้วกลับมาพร้อมกับหัวข้อใหม่ที่กำลังเป็นเทรนด์และน่าสนใจมากๆ ในโลกของ AI &quot;Context Engineering&quot; กัน หัวข้อนี้จะพาทุกคนมาเจาะลึกถึงศิลปะของการ &quot;ป้อนบริบท&quot; กันว่า ทำไมการให้บริบทที่ใช่ถึงเป็นหัวใจสำคัญ เพื่อดึงศักยภาพสูงสุดของ AI ออกมาครับ มาสำรวจศาสตร์ใหม่ที่กำลังมาแรงนี้ไปพร้อมๆ กันนะครับ&nbsp;<img alt=\"😁\" src=\"https://static.xx.fbcdn.net/images/emoji.php/v9/tee/2/16/1f601.png\" style=\"height:16px; width:16px\" /><br />\r\n<br />\r\nโดยในหัวข้อนี้เราจะมาพูดถึงประเด็นเหล่านี้กัน<br />\r\n- ความแตกต่างระหว่าง Prompt Engineering และ Context Engineering<br />\r\n- ข้อจำกัดของ AI: รู้จักกับ Context Windows และ Token<br />\r\n- ปัญหาที่ Context Engineering เข้ามาช่วยแก้ เช่น Context Poisoning, Distraction, และ Confusion<br />\r\n- องค์ประกอบของ &quot;Context&quot; ที่สมบูรณ์แบบในมุมมองของ Context Engineering<br />\r\n- กลยุทธ์ในการทำ Context Engineering (Write, Select, Compress, Decompose)<br />\r\n- ตัวอย่างการใช้งานจริงกับเครื่องมือต่างๆ เช่น Augment Code, Claude Code, และ Windsurf<br />\r\n<br />\r\nฉบับ Video<br />\r\n<a href=\"https://youtu.be/3XbAdTbQYBY?fbclid=IwZXh0bgNhZW0CMTAAYnJpZBExdGxtRTFRS1NsNDZJZVJCSwEe0dQdNm--mWoQ89EwAYLV5rHBNX29AH2X3DXUpnaxDba2P3zhYi9bt09WzAg_aem_CQZsuWAg00fgdFVfz_s3PQ\" target=\"_blank\">https://youtu.be/3XbAdTbQYBY</a><br />\r\n<br />\r\nหวังว่าคลิปนี้จะช่วยให้ทุกคนเห็นภาพและเข้าใจแนวคิดของ Context Engineering ได้ชัดเจนยิ่งขึ้นนะครับ แม้จะเป็นศัพท์ใหม่ที่เพิ่งเกิดขึ้น แต่แนวคิดเบื้องหลังของการจัดการบริบทให้ AI นั้นเป็นหัวใจสำคัญที่จะช่วยให้เราทำงานร่วมกับ AI ได้อย่างมีประสิทธิภาพและได้ผลลัพธ์ที่น่าทึ่งได้ครับ&nbsp;</p>\r\n\r\n<p>&nbsp;</p>\r\n\r\n<p>link :&nbsp;https://web.facebook.com/photo/?fbid=672522165813068&amp;set=a.185487801183176</p>\r\n\r\n<p>cr :&nbsp;</p>\r\n\r\n<h2><a href=\"https://web.facebook.com/mikelopster.dev?__cft__[0]=AZXYVhJG-_BgMb1p3w1JzaEpsxzn8-J-C_C_JxCMnf5iZvksINlRr0_EbInrTwkbOilViWdWi0Rm29UvkvQ9ulEnupM97CjusL7oolbi_R8cE6kSSOlJ1QlKF8gQK63oFm4mMddqmGEJTJHTlLX80uZoEK8BuumBrqMT-JHDcOCP0vguYStaRJGHdQ3K4ZCpclN2kM88S_Dr6S-bExPJIQVV36ByktvhX5O2ScOR1uoDdh340-dXpyqGoxL_sokeOh8&amp;__tn__=-UC*F\">Mikelopster</a></h2>\r\n', 'youtube', 0, '', 2, '2025-07-09 23:54:37'),
(69, 10, 'สร้างภาพเราให้เป็นการ์ตูนหลายสไตล์ด้วย AI', 'https://www.youtube.com/watch?v=VMOa4Tq24sc', 'VMOa4Tq24sc', '1752261821_hqdefault.jpg', '44:28', '<h1>สร้างภาพเราให้เป็นการ์ตูนหลายสไตล์ด้วย AI</h1>\r\n\r\n<p><img src=\"https://i.ytimg.com/vi/VMOa4Tq24sc/hqdefault.jpg\" /></p>\r\n\r\n<p>👉 สื่อ <a href=\"https://www.youtube.com/redirect?event=video_description&amp;redir_token=QUFFLUhqbllxUW9CYVZ3TlNfd1dCOThoU1c3M3FuT1JPUXxBQ3Jtc0tsN1pXYVY2d0RrbWJNNHdkMXd2Q183TmZSREIzaFg3LTlsQjJWNHdHNnMtcVpFY2ZWVXV5c1ZsUGJOZlBoZ0duVC1OVURxd0NpX2c0Q2hJLV9PYVJ4SFJWVDlLT3piaEZnRzJtaHNNMk1TckxiejZkQQ&amp;q=https%3A%2F%2Fgrok.com%2F&amp;v=VMOa4Tq24sc\" target=\"_blank\">https://grok.com/</a> <a href=\"https://www.youtube.com/redirect?event=video_description&amp;redir_token=QUFFLUhqbl8xOXd3dHR2N0l0am0xdEtlSjJXZy1YQWZNUXxBQ3Jtc0ttdDhQOVFiYjhvVTJkUFU4NVRfZ0UtSWw5UktmYXR4LTVrdlJiSVY3TUc1ZnQ1UjR6MHdveDFWVGE0al9jMmpvdGQxYUVrLTB6dFIwX1p6TVpkR09KcV9Ea0p1NGQ1ekxwTkpLMXFPLVpjNUxGZnYwaw&amp;q=https%3A%2F%2Fwww.remove.bg%2F&amp;v=VMOa4Tq24sc\" target=\"_blank\">https://www.remove.bg/</a> 👨&zwj;🏫 บรรยายโดย Kruboycoding ศูนย์การเรียนรู้คอมพิวเตอร์เเละนวัตนกรรมเทคโนโลยีเพื่อการศึกษา 📝👉 หากท่านต้องเข้าห้อง Kruboycoding พาคลิก หรือสั่งซื้ออุปกรณ์ จัดคอร์ส เเละสอบถามติดต่อ Line OA : @885dktdb (สามารถได้24ชั่วโมง) <a href=\"https://www.youtube.com/redirect?event=video_description&amp;redir_token=QUFFLUhqbjJ6X2V0R1hBc0pmRjRBNlYyZmE1QzhDbmtkd3xBQ3Jtc0trRGdjWUVHdkJ1NHZBZDl4QVY2QmE5Y2R5eFJGWGZDa05tdnNFYldORnZKTmpzeldSZFBuMU4yaG5sVUxKdkFtQXhvRHV1WlFwc29mRHQ5d3ZHVGtHMUxaOHdQSFI1ZWhibnUyVXRRdnpibXUyX19Ydw&amp;q=https%3A%2F%2Fliff.line.me%2F1645278921-kWRPP32q%2F%3FaccountId%3D885dktdb&amp;v=VMOa4Tq24sc\" target=\"_blank\">https://liff.line.me/1645278921-kWRPP...</a> 📝👉 เพจ Kruboycoding <a href=\"https://www.youtube.com/redirect?event=video_description&amp;redir_token=QUFFLUhqbGdmS1Y3MWdzdjloM1FMdVRkRXplYjZxRWNJd3xBQ3Jtc0tsVVpCb09pVXlDb0t5LTJFU3JGWW1UNGJ1Q1gxOENIYkxCbUFQRmdCSWJYQnpZVjBEdzRsMllndjY2eGxObzdjQkI1RENtTWh2OFkzMm54akRvLVZrNHNpZkU4aFRpWW5fUWhYalR6QWVEa0dSUlRhYw&amp;q=https%3A%2F%2Fwww.facebook.com%2Fkruboycoding&amp;v=VMOa4Tq24sc\" target=\"_blank\">&nbsp;<img alt=\"\" src=\"https://www.gstatic.com/youtube/img/watch/social_media/facebook_1x.png\" />&nbsp;/&nbsp;kruboycoding&nbsp;&nbsp;</a> 📝👉 เว็บไซต์ <a href=\"https://www.youtube.com/redirect?event=video_description&amp;redir_token=QUFFLUhqbDM0azNoRTF6d0EyZmdNOHJmQlZ5dmg4VjNid3xBQ3Jtc0ttMWlNblhGZFFwTzNhRVhfenFheXQ3LUFpTHlnTS10R1ZMNVBOb1FXZkwwT3dXd2czQnU0MUNLcjBESDFLREgwSGVrLXFQMEdOSjZwcG50VGZBekdKbVRsTzRtR3JtT0RUNk1jX29XbWt0dTBmUTRKSQ&amp;q=https%3A%2F%2Fwww.bcomcybershop.com%2F&amp;v=VMOa4Tq24sc\" target=\"_blank\">https://www.bcomcybershop.com</a></p>\r\n\r\n<p><a href=\"https://www.youtube.com/@kruboycoding\"><img alt=\"\" src=\"https://yt3.ggpht.com/XqhRPNeutafOwOlUDgnp0pDB4r_1BAJQDk7Mjd0LsNdMx2bsLpeg7eGHej1qI6qj4XL-9_Qvcg=s88-c-k-c0x00ffffff-no-rj\" style=\"width:36px\" /></a></p>\r\n', 'youtube', 0, '', 1, '2025-07-11 12:23:41'),
(70, 10, '[video]ระบบนิเทศและประเมินผลการสอน V3.11', '1753245522_Facebook.mp4', 'cda11up', '1753245522_520257282_10229074754358450_8469973256215981043_n.jpg', '6:27', '<p><img alt=\"📣\" src=\"https://static.xx.fbcdn.net/images/emoji.php/v9/tba/1/16/1f4e3.png\" style=\"height:16px; width:16px\" />ระบบนิเทศและประเมินผลการสอน V3.11</p>\r\n\r\n<p>ไม่ต้องล็อกอิน,เพิ่มรูปนิเทศ,เพิ่มแผน ประเมินได้เลย</p>\r\n\r\n<p>ปริ้นหัวข้อการประเมินจากหน้าเว็บ,มีแดบบอร์ดค้นหา</p>\r\n\r\n<p>ตัวอย่างหน้าเว็บ</p>\r\n\r\n<p><a href=\"https://script.google.com/macros/s/AKfycbzGgoPRcK_kZ1pQpsqpqOx7M6f3A2Z2XpxojNJ3cz_JUU0BGdjnxSbGOa6HB_mdpMt_/exec?fbclid=IwZXh0bgNhZW0CMTAAYnJpZBExR1Njb1d0dlNuVWQxVk1nQwEezb-DGJ1UIYtSXQq0jEkOQRx6YChNs-2q5H_ehNtKL93m7U4Ov_cHmwOyG0w_aem_1YlzvZJdR5fYbhEl3__-Dw\" target=\"_blank\">https://script.google.com/.../AKfycbzGgoPRcK.../exec</a></p>\r\n\r\n<p>วิธีแก้ไข</p>\r\n\r\n<p>1.ไฟล์รหัส.จีเอสแก้ไข sheet id,folder id ที่ บรรทัดที่ 3-4</p>\r\n\r\n<p>2.ไฟล์index แก้ไขชื่อเว็บที่ 59,60,และ 189 ตามลำดับ</p>\r\n\r\n<p>3.ไฟล์index แก้ไขapp scripts URLที่บรรทัด 195 โดยการ deploy app scripts ให้เป็นเว็บแล้วนำลิงค์นำมาวางแทน</p>\r\n\r\n<p>สนใจ สนับสนุนค่ากาแฟ ค่าAI ได้ที่ 0857495418 พร้อมเพย์ครับ</p>\r\n\r\n<p><a href=\"https://web.facebook.com/hashtag/%E0%B8%A7%E0%B8%B4%E0%B8%8A%E0%B8%B2%E0%B9%80%E0%B8%81%E0%B8%B4%E0%B8%99%E0%B8%81%E0%B8%B1%E0%B8%9A%E0%B8%84%E0%B8%A3%E0%B8%B9%E0%B9%80%E0%B8%9A%E0%B8%AA?__eep__=6&amp;__cft__[0]=AZXN1lBJOHROz0B05NZIMjevi1Hm2c1dw-VrwJVVtwBMwtJjMeRDXKtBrSR_NKn6AXmjaczAND6nXoRZWqaLrRfu-Dup0RC1eCGkNb9yozO0s3mFoU3XNRU670vlj1siAPXILg1aesMOudA6Yvf1DU1EtC-l8Sa8N80ysSfqfFBoELMHjmv74ZwfsN3YE4gJ0fI&amp;__tn__=*NK-R\">#วิชาเกินกับครูเบส</a> <a href=\"https://web.facebook.com/hashtag/%E0%B8%84%E0%B8%A3%E0%B8%B9%E0%B9%80%E0%B8%9A%E0%B8%AA%E0%B8%AA%E0%B8%AD%E0%B8%99%E0%B8%84%E0%B8%AD%E0%B8%A1%E0%B8%9E%E0%B8%B4%E0%B8%A7%E0%B9%80%E0%B8%95%E0%B8%AD%E0%B8%A3%E0%B9%8C?__eep__=6&amp;__cft__[0]=AZXN1lBJOHROz0B05NZIMjevi1Hm2c1dw-VrwJVVtwBMwtJjMeRDXKtBrSR_NKn6AXmjaczAND6nXoRZWqaLrRfu-Dup0RC1eCGkNb9yozO0s3mFoU3XNRU670vlj1siAPXILg1aesMOudA6Yvf1DU1EtC-l8Sa8N80ysSfqfFBoELMHjmv74ZwfsN3YE4gJ0fI&amp;__tn__=*NK-R\">#ครูเบสสอนคอมพิวเตอร์</a> <a href=\"https://web.facebook.com/hashtag/appscript?__eep__=6&amp;__cft__[0]=AZXN1lBJOHROz0B05NZIMjevi1Hm2c1dw-VrwJVVtwBMwtJjMeRDXKtBrSR_NKn6AXmjaczAND6nXoRZWqaLrRfu-Dup0RC1eCGkNb9yozO0s3mFoU3XNRU670vlj1siAPXILg1aesMOudA6Yvf1DU1EtC-l8Sa8N80ysSfqfFBoELMHjmv74ZwfsN3YE4gJ0fI&amp;__tn__=*NK-R\">#AppScript</a> <a href=\"https://web.facebook.com/hashtag/%E0%B8%A3%E0%B8%B0%E0%B8%9A%E0%B8%9A%E0%B8%99%E0%B8%B4%E0%B9%80%E0%B8%97%E0%B8%A8%E0%B9%81%E0%B8%A5%E0%B8%B0%E0%B8%9B%E0%B8%A3%E0%B8%B0%E0%B9%80%E0%B8%A1%E0%B8%B4%E0%B8%99%E0%B8%9C%E0%B8%A5%E0%B8%81%E0%B8%B2%E0%B8%A3%E0%B8%88%E0%B8%B1%E0%B8%94%E0%B8%81%E0%B8%B2%E0%B8%A3%E0%B9%80%E0%B8%A3%E0%B8%B5%E0%B8%A2%E0%B8%99%E0%B8%81%E0%B8%B2%E0%B8%A3%E0%B8%AA%E0%B8%AD%E0%B8%99?__eep__=6&amp;__cft__[0]=AZXN1lBJOHROz0B05NZIMjevi1Hm2c1dw-VrwJVVtwBMwtJjMeRDXKtBrSR_NKn6AXmjaczAND6nXoRZWqaLrRfu-Dup0RC1eCGkNb9yozO0s3mFoU3XNRU670vlj1siAPXILg1aesMOudA6Yvf1DU1EtC-l8Sa8N80ysSfqfFBoELMHjmv74ZwfsN3YE4gJ0fI&amp;__tn__=*NK-R\">#ระบบนิเทศและประเมินผลการจัดการเรียนการสอน</a></p>\r\n\r\n<p>&nbsp;</p>\r\n\r\n<p>cr :&nbsp;<a href=\"https://web.facebook.com/share/v/17C8RJgxw7/\">https://web.facebook.com/share/v/17C8RJgxw7/</a></p>\r\n', 'Upload', 1, '14.20 MB', 12, '2025-07-22 21:38:42'),
(71, 8, ' รู้รัก หลักภาษา เรื่อง สระลดรูป', 'https://www.youtube.com/watch?v=cfNalhFb5o8', 'cfNalhFb5o8', '1753246524_hqdefault (1).jpg', '7:27', '<p>&nbsp;</p>\r\n\r\n<p>รู้รัก หลักภาษา เรื่อง สระลดรูป</p>\r\n\r\n<p><img alt=\"\" src=\"https://i.ytimg.com/vi/cfNalhFb5o8/hqdefault.jpg\" /></p>\r\n\r\n<p>สระลดรูป คือ สระที่ประกอบกับคำที่มีตัวสะกดแล้ว รูปสระจะไม่ปรากฏให้เห็น มี ๔ ตัว ดังนี้ ๑. สระโอะ เมื่อมีตัวสะกด สระโอะจะลดรูปหายไป เช่ม นม มด จด กบ ๒. สระอือ เมื่อมีตัวสะกด อ ด้านหลังจะหายไป เช่น จืด มืด ยืด ยืน ๓. สระอัว เมื่อมีตัวสะกด ไม้หันอากาศจะลดรูปหายไป เหลือเพียง ว เช่น นวด ขวด สวย รวย ๔. สระเออ เมื่อมี ย เป็นตัวสะกด จะลดรูปเหลือเพียงสระ เ- เช่น เนย เลย เงย เฉย <a href=\"https://www.youtube.com/hashtag/%E0%B9%80%E0%B8%A3%E0%B8%B5%E0%B8%A2%E0%B8%99%E0%B8%A3%E0%B8%B9%E0%B9%89%E0%B8%AD%E0%B8%A2%E0%B8%B9%E0%B9%88%E0%B8%9A%E0%B9%89%E0%B8%B2%E0%B8%99\" target=\"\">#เรียนรู้อยู่บ้าน</a> <a href=\"https://www.youtube.com/hashtag/%E0%B8%AA%E0%B8%A3%E0%B8%B0%E0%B8%A5%E0%B8%94%E0%B8%A3%E0%B8%B9%E0%B8%9B\" target=\"\">#สระลดรูป</a></p>\r\n\r\n<p>&nbsp;</p>\r\n', 'youtube', 1, '', 2, '2025-07-22 21:55:24'),
(72, 8, ' สระคงรูป สระลดรูป เปลี่ยนรูป By ครูโอ๊ป', 'https://www.youtube.com/watch?v=HLX4biTy7uY', 'HLX4biTy7uY', '1753246674_hqdefault (2).jpg', '28:18', '<p>&nbsp;</p>\r\n\r\n<p>สระคงรูป สระลดรูป เปลี่ยนรูป By ครูโอ๊ป</p>\r\n\r\n<p><img alt=\"\" src=\"https://i.ytimg.com/vi/HLX4biTy7uY/hqdefault.jpg\" style=\"height:360px; width:480px\" /></p>\r\n\r\n<p>&nbsp;</p>\r\n\r\n<p>เรียนรู้ไปพร้อมกับครูโอ๊ปกันเลย สำหรับนักเรียนชั้นประถมศึกษาปีที่ 1 - 3</p>\r\n\r\n<p>&nbsp;</p>\r\n\r\n<h1>สระคงรูป สระลดรูป เปลี่ยนรูป By ครูโอ๊ป</h1>\r\n\r\n<p><a href=\"https://www.youtube.com/@%E0%B8%84%E0%B8%A3%E0%B8%B9%E0%B9%82%E0%B8%AD%E0%B9%8A%E0%B8%9B..%E0%B8%84%E0%B8%A3%E0%B8%B9%E0%B8%9A%E0%B9%89%E0%B8%B2%E0%B8%99%E0%B8%9A%E0%B9%89%E0%B8%B2%E0%B8%99\"><img alt=\"\" src=\"https://yt3.ggpht.com/Tc7iW-gHA4X4dyQe6BfL1E1hul1YeCRzDR8Lh5yitc0CwCxrtFXTMihjMC58D7LwlBSysS7zww=s88-c-k-c0x00ffffff-no-rj\" style=\"width:40px\" /></a></p>\r\n\r\n<p><a href=\"https://www.youtube.com/@%E0%B8%84%E0%B8%A3%E0%B8%B9%E0%B9%82%E0%B8%AD%E0%B9%8A%E0%B8%9B..%E0%B8%84%E0%B8%A3%E0%B8%B9%E0%B8%9A%E0%B9%89%E0%B8%B2%E0%B8%99%E0%B8%9A%E0%B9%89%E0%B8%B2%E0%B8%99\">ครูโอ๊ป . . ครูบ้านบ้าน</a></p>\r\n\r\n<p>เรียนรู้ไปพร้อมกับครูโอ๊ปกันเลย สำหรับนักเรียนชั้นประถมศึกษาปีที่ 1 - 3</p>\r\n\r\n<p>&nbsp;</p>\r\n\r\n<p>link :&nbsp;<a href=\"https://www.youtube.com/watch?v=HLX4biTy7uY\">https://www.youtube.com/watch?v=HLX4biTy7uY</a></p>\r\n', 'youtube', 1, '', 2, '2025-07-22 21:57:54'),
(73, 8, 'เทคนิคจำ \"คำราชาศัพท์\" ภายใน 10 นาที', 'https://www.youtube.com/watch?v=wAFkFtN4EXU', 'wAFkFtN4EXU', '1753259174_hqdefault (3).jpg', '12:25', '<h1>[ไทย] เทคนิคจำ &quot;คำราชาศัพท์&quot; ภายใน 10 นาที</h1>\r\n\r\n<p>&nbsp;</p>\r\n\r\n<p><img alt=\"\" src=\"https://i.ytimg.com/vi/wAFkFtN4EXU/hqdefault.jpg\" /></p>\r\n\r\n<p>ใหม่!! WINNER SHORTNOTE คอร์สเรียนออนไลน์ ติวเข้มหนังสือจากหนังสือ WINNER SHORTNOTE ให้น้องๆเตรียมพร้อมทุกสนามสอบ ⭐เนื้อหา WINNER SHORTNOTE วันนี้มาเพิ่มความรู้ เรื่อง คำราชาศัพท์ คำราชาศัพท์ที่ใช้กับพระมหากษัตริย์และพระบรมวงศานุวงศ์ คำราชาศัพท์ที่ใช้กับพระสงฆ์ คำที่ใช้กับสุภาพชน ⭐ดูจบแล้วกดกระดิ่ง เพื่อตั้งเตือน จะได้ไม่พลาด EP ถัดไป รับรองว่าจะจัดให้ทุกวิชาเลย! <a href=\"https://www.youtube.com/hashtag/tcas\" target=\"\">#TCAS</a> <a href=\"https://www.youtube.com/hashtag/9%E0%B8%A7%E0%B8%B4%E0%B8%8A%E0%B8%B2%E0%B8%AA%E0%B8%B2%E0%B8%A1%E0%B8%B1%E0%B8%8D\" target=\"\">#9วิชาสามัญ</a> <a href=\"https://www.youtube.com/hashtag/onet\" target=\"\">#ONET</a> <a href=\"https://www.youtube.com/hashtag/pat\" target=\"\">#PAT</a> <a href=\"https://www.youtube.com/hashtag/%E0%B9%84%E0%B8%97%E0%B8%A2\" target=\"\">#ไทย</a> ____________________________________________________________________ ฝากหนังสือจาก WINNER STUDY นะคะ ทุกเล่มตั้งใจเขียนโดยทีม <a href=\"https://www.youtube.com/hashtag/%E0%B8%99%E0%B8%B4%E0%B8%AA%E0%B8%B4%E0%B8%95%E0%B8%88%E0%B8%B8%E0%B8%AC%E0%B8%B2\" target=\"\">#นิสิตจุฬา</a> เพื่อสำหรับเตรียมสอบเข้าคณะที่ใช่มหาลัย ที่ชอบ สั่งซื้อได้ตลอด 24 ชม.ทาง LINE @winnerstudy 🍒WINNER SHORTNOTE</p>\r\n\r\n<ul>\r\n	<li><a href=\"https://www.youtube.com/hashtag/%E0%B8%84%E0%B8%A3%E0%B8%9A8%E0%B8%A7%E0%B8%B4%E0%B8%8A%E0%B8%B2\" target=\"\">#ครบ8วิชา</a> ม.4-6(ไทย อังกฤษ สังคม วิทย์ คณิต ฟิสิกส์ เคมี ชีวะ)</li>\r\n	<li>ใช้ได้ทุกสนามสอบ ทั้งใน โรงเรียน GAT PAT ONET 9 วิชาสามัญ</li>\r\n</ul>\r\n\r\n<p>🍒WINNER 1000Q พันคิว วิทย์</p>\r\n\r\n<ul>\r\n	<li><a href=\"https://www.youtube.com/hashtag/%E0%B8%A3%E0%B8%A7%E0%B8%A11000%E0%B8%82%E0%B9%89%E0%B8%AD%E0%B8%AA%E0%B8%AD%E0%B8%9A\" target=\"\">#รวม1000ข้อสอบ</a> วิทย์ 4 วิชาม.4-6 (ฟิสิกส์ เคมี ชีวะ ดาราศาสตร์)</li>\r\n	<li><a href=\"https://www.youtube.com/hashtag/%E0%B8%84%E0%B8%A5%E0%B9%89%E0%B8%B2%E0%B8%A2%E0%B8%82%E0%B9%89%E0%B8%AD%E0%B8%AA%E0%B8%AD%E0%B8%9A%E0%B8%88%E0%B8%A3%E0%B8%B4%E0%B8%87%E0%B8%AA%E0%B8%B8%E0%B8%94\" target=\"\">#คล้ายข้อสอบจริงสุด</a> โจทย์มี 3 ระดับ (ง่าย-กลาง-ยาก) ใช้สอบ ONET, PAT, 9 วิชาสามัญได้</li>\r\n	<li><a href=\"https://www.youtube.com/hashtag/%E0%B9%80%E0%B8%89%E0%B8%A5%E0%B8%A2%E0%B9%80%E0%B8%82%E0%B9%89%E0%B8%B2%E0%B9%83%E0%B8%88%E0%B8%AA%E0%B8%B8%E0%B8%94\" target=\"\">#เฉลยเข้าใจสุด</a> และละเอียดมาก เหมือนได้ติวเตอร์ดีกรีจุฬาส่วนตัวตลอด 24 ชม.</li>\r\n</ul>\r\n\r\n<p>📙WINNER SHORTNOTE ม.ต้น</p>\r\n\r\n<ul>\r\n	<li>ครบ5วิชา ม.1-3（ไทย อังกฤษ สังคม วิทย์ คณิต) ใช้ได้ทุกสนามสอบทั้งสอบเข้าโรงเรียนดังและ ONET</li>\r\n	<li>มีแบบฝึกหัดท้ายบท ให้ประลองปัญญาก่อนเจอของจริง</li>\r\n	<li>ราคา 520 บาท</li>\r\n</ul>\r\n\r\n<p>cr :&nbsp;</p>\r\n\r\n<h1>[ไทย] เทคนิคจำ &quot;คำราชาศัพท์&quot; ภายใน 10 นาที</h1>\r\n\r\n<p><a href=\"https://www.youtube.com/@megastudy6834\"><img alt=\"\" src=\"https://yt3.ggpht.com/Z93b4s6rYvQkoWX96HMPoigNiWqRrDsbBtkVgq2LRzbG8GDfRSCfsY6Lffy_Q3eRvoGfvutH=s88-c-k-c0x00ffffff-no-rj\" style=\"width:40px\" /></a></p>\r\n\r\n<p><a href=\"https://www.youtube.com/@megastudy6834\">megastudy</a></p>\r\n\r\n<p>&nbsp;</p>\r\n', 'youtube', 1, '', 2, '2025-07-23 01:26:14'),
(74, 1, 'นิทาน มานี มานะ ปี2025 เวอร์ชั่น ครูนก พาคลิก', 'https://www.youtube.com/watch?v=fcYD2MDK73c', 'fcYD2MDK73c', '1754194756_hqdefault.jpg', '2:30', '<h1>นิทาน มานี มานะ ปี2025 เวอร์ชั่น ครูนก พาคลิก</h1>\r\n\r\n<p>นิทาน มานี มานะ ปี 2025 เวอร์ชั่น ครูนก พาคลิก</p>\r\n\r\n<p><a href=\"https://www.youtube.com/@%E0%B8%84%E0%B8%99%E0%B8%95%E0%B8%B7%E0%B9%88%E0%B8%99AI\"><img alt=\"\" src=\"https://yt3.ggpht.com/5CDhzTUUXlOAwXEcwUf6ERDg7_EDcVr_qAuQWIlchgeZBFaBoaj4zxC9MDXUtdL0PfcWincOZw=s88-c-k-c0x00ffffff-no-rj\" style=\"width:36px\" /></a></p>\r\n\r\n<h3><a href=\"https://www.youtube.com/@%E0%B8%84%E0%B8%99%E0%B8%95%E0%B8%B7%E0%B9%88%E0%B8%99AI\">คนตื่น AI</a></h3>\r\n', 'youtube', 1, '', 1, '2025-08-02 21:19:16'),
(75, 1, '\\\"หัวใจเพลิงแห่งดวงดาว\\\"(The Starfire Heart)', 'https://www.youtube.com/watch?v=0JtQT6wgW7A', '0JtQT6wgW7A', '1754195134_hqdefault (1).jpg', '3:30', '<h1>&quot;หัวใจเพลิงแห่งดวงดาว&quot;(The Starfire Heart)</h1>\r\n\r\n<p>ในห้วงจักรวาลที่เคยมืดมน มีเจ้าชายองค์หนึ่ง จุดประกายความหวังขึ้นจากเปลวไฟในหัวใจ พร้อมมังกรผู้ลืมตนเขานำแสงคืนสู่ฟ้า&mdash;ไม่ใช่ด้วยอาวุธหรือเวทมนตร์ แต่ด้วยความศรัทธา ความกล้า และความเมตตา แอสทรีอาได้ฟื้น ไม่ใช่เพราะแสงจากฟากฟ้า แต่เพราะแสงจากจิตใจของผู้ที่เชื่อว่า&mdash;ความหวัง... ไม่เคยไกลเกินเอื้อม</p>\r\n\r\n<p><a href=\"https://www.youtube.com/@%E0%B8%84%E0%B8%99%E0%B8%95%E0%B8%B7%E0%B9%88%E0%B8%99AI\"><img alt=\"\" src=\"https://yt3.ggpht.com/5CDhzTUUXlOAwXEcwUf6ERDg7_EDcVr_qAuQWIlchgeZBFaBoaj4zxC9MDXUtdL0PfcWincOZw=s88-c-k-c0x00ffffff-no-rj\" style=\"width:36px\" /></a></p>\r\n\r\n<h3><a href=\"https://www.youtube.com/@%E0%B8%84%E0%B8%99%E0%B8%95%E0%B8%B7%E0%B9%88%E0%B8%99AI\">คนตื่น AI</a></h3>\r\n', 'youtube', 1, '', 0, '2025-08-02 21:25:34'),
(76, 1, 'ผู้พิทักษ์แห่งหิมพานต์: ตำนานครุฑเวหา', 'https://www.youtube.com/watch?v=Aa5SB0-gGNo', 'Aa5SB0-gGNo', '1754195438_hqdefault (2).jpg', '5:28', '<h1>ผู้พิทักษ์แห่งหิมพานต์: ตำนานครุฑเวหา</h1>\r\n\r\n<p>&nbsp;</p>\r\n\r\n<p>ผู้พิทักษ์แห่งหิมพานต์: ตำนานครุฑเวหา ในป่าหิมพานต์อันกว้างใหญ่ไพศาล ปกคลุมด้วยหมอกขาวราวแพรไหมและต้นไม้นานาพันธุ์สูงเสียดฟ้าที่หยั่งรากลึกมาตั้งแต่ครั้งบรรพกาล มีตำนานเล่าขานถึง ครุฑตนหนึ่งนามว่า &quot;เวหา&quot; ซึ่งมิใช่ครุฑธรรมดาทั่วไป</p>\r\n\r\n<p><a href=\"https://www.youtube.com/@uptrend4160\"><img alt=\"\" src=\"https://yt3.ggpht.com/pcrGWQkJU6tGs8e1CfgiS9cKZC2JSn8ZT_a_1YN9-L-V02zU6xvt_uDolSZ9XkTE3ZT177aEhIg=s88-c-k-c0x00ffffff-no-rj\" style=\"width:36px\" /></a></p>\r\n\r\n<h3><a href=\"https://www.youtube.com/@uptrend4160\">อาณาจักรหิมพานต์</a></h3>\r\n', 'youtube', 1, '', 0, '2025-08-02 21:30:38');
INSERT INTO `tbl_gallery` (`id`, `cat_id`, `video_title`, `video_url`, `video_id`, `video_thumbnail`, `video_duration`, `video_description`, `video_type`, `video_status`, `size`, `total_views`, `date_time`) VALUES
(77, 1, 'HomeBound | AI Short Film AIGeneratedVideo #ไทยกัมพูชา #AIFilm', 'https://www.youtube.com/watch?v=JauLVEf3smM', 'JauLVEf3smM', '1754197098_hqdefault (3).jpg', '11:51', '<h1>HomeBound | AI Short Film (Sub Eng) | หนังสั้นโดย AI ความยาว 12 นาที</h1>\r\n\r\n<p><img alt=\"\" src=\"https://i.ytimg.com/vi/JauLVEf3smM/hqdefault.jpg\" /></p>\r\n\r\n<p><a href=\"https://www.youtube.com/hashtag/aigeneratedvideo\">#AIGeneratedVideo</a> <a href=\"https://www.youtube.com/hashtag/%E0%B9%84%E0%B8%97%E0%B8%A2%E0%B8%81%E0%B8%B1%E0%B8%A1%E0%B8%9E%E0%B8%B9%E0%B8%8A%E0%B8%B2\">#ไทยกัมพูชา</a> <a href=\"https://www.youtube.com/hashtag/aifilm\">#AIFilm</a></p>\r\n\r\n<p><a href=\"https://www.youtube.com/hashtag/%E0%B9%84%E0%B8%97%E0%B8%A2%E0%B8%81%E0%B8%B1%E0%B8%A1%E0%B8%9E%E0%B8%B9%E0%B8%8A%E0%B8%B2\" target=\"\">#ไทยกัมพูชา</a> <a href=\"https://www.youtube.com/hashtag/%E0%B8%81%E0%B8%B1%E0%B8%A1%E0%B8%9E%E0%B8%B9%E0%B8%8A%E0%B8%B2%E0%B8%A2%E0%B8%B4%E0%B8%87%E0%B8%81%E0%B9%88%E0%B8%AD%E0%B8%99\" target=\"\">#กัมพูชายิงก่อน</a> <a href=\"https://www.youtube.com/hashtag/%E0%B9%84%E0%B8%97%E0%B8%A2%E0%B8%99%E0%B8%B5%E0%B9%89%E0%B8%A3%E0%B8%B1%E0%B8%81%E0%B8%AA%E0%B8%87%E0%B8%9A%E0%B9%81%E0%B8%95%E0%B9%88%E0%B8%96%E0%B8%B6%E0%B8%87%E0%B8%A3%E0%B8%9A%E0%B9%84%E0%B8%A1%E0%B9%88%E0%B8%82%E0%B8%A5%E0%B8%B2%E0%B8%94\" target=\"\">#ไทยนี้รักสงบแต่ถึงรบไม่ขลาด</a> <a href=\"https://www.youtube.com/hashtag/cambodiaopenedfire\" target=\"\">#CambodiaOpenedFire</a> <a href=\"https://www.youtube.com/hashtag/%E0%B8%97%E0%B8%AB%E0%B8%B2%E0%B8%A3%E0%B9%84%E0%B8%97%E0%B8%A2\" target=\"\">#ทหารไทย</a> <a href=\"https://www.youtube.com/hashtag/%E0%B8%9B%E0%B8%A3%E0%B8%B2%E0%B8%AA%E0%B8%B2%E0%B8%97%E0%B8%95%E0%B8%B2%E0%B9%80%E0%B8%A1%E0%B8%B7%E0%B8%AD%E0%B8%99%E0%B8%98%E0%B8%A1\" target=\"\">#ปราสาทตาเมือนธม</a> <a href=\"https://www.youtube.com/hashtag/%E0%B8%8A%E0%B8%B2%E0%B8%A2%E0%B9%81%E0%B8%94%E0%B8%99%E0%B9%84%E0%B8%97%E0%B8%A2%E0%B8%81%E0%B8%B1%E0%B8%A1%E0%B8%9E%E0%B8%B9%E0%B8%8A%E0%B8%B2\" target=\"\">#ชายแดนไทยกัมพูชา</a> <a href=\"https://www.youtube.com/hashtag/f16strike\" target=\"\">#F16Strike</a> <a href=\"https://www.youtube.com/hashtag/%E0%B8%82%E0%B8%AD%E0%B8%9A%E0%B8%84%E0%B8%B8%E0%B8%93%E0%B8%97%E0%B8%AB%E0%B8%B2%E0%B8%A3%E0%B9%84%E0%B8%97%E0%B8%A2\" target=\"\">#ขอบคุณทหารไทย</a> <a href=\"https://www.youtube.com/hashtag/homebound\" target=\"\">#HomeBound</a> <a href=\"https://www.youtube.com/hashtag/aishortfilm\" target=\"\">#AIShortFilm</a> <a href=\"https://www.youtube.com/hashtag/%E0%B8%AB%E0%B8%99%E0%B8%B1%E0%B8%87%E0%B8%AA%E0%B8%B1%E0%B9%89%E0%B8%99\" target=\"\">#หนังสั้น</a> <a href=\"https://www.youtube.com/hashtag/aifilm\" target=\"\">#AIFilm</a> <a href=\"https://www.youtube.com/hashtag/%E0%B8%AB%E0%B8%99%E0%B8%B1%E0%B8%87%E0%B8%AA%E0%B8%B1%E0%B9%89%E0%B8%99%E0%B9%82%E0%B8%94%E0%B8%A2ai\" target=\"\">#หนังสั้นโดยAI</a> <a href=\"https://www.youtube.com/hashtag/scifidrama\" target=\"\">#SciFiDrama</a> <a href=\"https://www.youtube.com/hashtag/englishsubtitles\" target=\"\">#EnglishSubtitles</a> <a href=\"https://www.youtube.com/hashtag/12minutefilm\" target=\"\">#12MinuteFilm</a> <a href=\"https://www.youtube.com/hashtag/%E0%B8%AB%E0%B8%99%E0%B8%B1%E0%B8%87%E0%B8%AA%E0%B8%B1%E0%B9%89%E0%B8%99%E0%B8%A1%E0%B8%B2%E0%B9%81%E0%B8%A3%E0%B8%87\" target=\"\">#หนังสั้นมาแรง</a> <a href=\"https://www.youtube.com/hashtag/ai%E0%B8%AA%E0%B8%A3%E0%B9%89%E0%B8%B2%E0%B8%87%E0%B8%84%E0%B8%AD%E0%B8%99%E0%B9%80%E0%B8%97%E0%B8%99%E0%B8%95%E0%B9%8C\" target=\"\">#AIสร้างคอนเทนต์</a> <a href=\"https://www.youtube.com/hashtag/%E0%B9%82%E0%B8%86%E0%B8%A9%E0%B8%93%E0%B8%B2%E0%B8%A2%E0%B8%B8%E0%B8%84%E0%B9%83%E0%B8%AB%E0%B8%A1%E0%B9%88\" target=\"\">#โฆษณายุคใหม่</a> <a href=\"https://www.youtube.com/hashtag/contentcreator2025\" target=\"\">#ContentCreator2025</a> <a href=\"https://www.youtube.com/hashtag/%E0%B8%97%E0%B8%B3%E0%B9%80%E0%B8%AD%E0%B8%87%E0%B9%84%E0%B8%94%E0%B9%89%E0%B8%94%E0%B9%89%E0%B8%A7%E0%B8%A2ai\" target=\"\">#ทำเองได้ด้วยAI</a> <a href=\"https://www.youtube.com/hashtag/aigeneratedvideo\" target=\"\">#AIGeneratedVideo</a> <a href=\"https://www.youtube.com/hashtag/veo3\" target=\"\">#VEO3</a> <a href=\"https://www.youtube.com/hashtag/aivideo\" target=\"\">#AIVideo</a> <a href=\"https://www.youtube.com/hashtag/chatgpt\" target=\"\">#ChatGPT</a> <a href=\"https://www.youtube.com/hashtag/promptmaster\" target=\"\">#PromptMaster</a> <a href=\"https://www.youtube.com/hashtag/ai\" target=\"\">#AI</a> <a href=\"https://www.youtube.com/hashtag/contentcreation\" target=\"\">#ContentCreation</a> <a href=\"https://www.youtube.com/hashtag/techtutorial\" target=\"\">#TechTutorial</a> <a href=\"https://www.youtube.com/hashtag/aitech\" target=\"\">#AITech</a> <a href=\"https://www.youtube.com/hashtag/aicreation\" target=\"\">#AICreation</a> <a href=\"https://www.youtube.com/hashtag/futureofcontent\" target=\"\">#FutureOfContent</a> <a href=\"https://www.youtube.com/hashtag/digitalinnovation\" target=\"\">#DigitalInnovation</a> <a href=\"https://www.youtube.com/hashtag/generativeai\" target=\"\">#GenerativeAI</a> <a href=\"https://www.youtube.com/hashtag/aitools\" target=\"\">#AITools</a> <a href=\"https://www.youtube.com/hashtag/techtrends\" target=\"\">#TechTrends</a> <a href=\"https://www.youtube.com/hashtag/videomarketing\" target=\"\">#VideoMarketing</a> <a href=\"https://www.youtube.com/hashtag/contentcreator\" target=\"\">#ContentCreator</a> <a href=\"https://www.youtube.com/hashtag/digitalmarketing\" target=\"\">#DigitalMarketing</a> <a href=\"https://www.youtube.com/hashtag/visualcontent\" target=\"\">#VisualContent</a> <a href=\"https://www.youtube.com/hashtag/creativevideo\" target=\"\">#CreativeVideo</a> <a href=\"https://www.youtube.com/hashtag/vpntips\" target=\"\">#VPNtips</a> <a href=\"https://www.youtube.com/hashtag/aiforbeginners\" target=\"\">#AIforBeginners</a> <a href=\"https://www.youtube.com/hashtag/googleai\" target=\"\">#GoogleAI</a> <a href=\"https://www.youtube.com/hashtag/howto\" target=\"\">#HowTo</a> <a href=\"https://www.youtube.com/hashtag/creativeai\" target=\"\">#CreativeAI</a> <a href=\"https://www.youtube.com/hashtag/digitalcontent\" target=\"\">#DigitalContent</a></p>\r\n\r\n<p><a href=\"https://www.youtube.com/@PromptMaster101\"><img alt=\"\" src=\"https://yt3.ggpht.com/qjDQQS_35WQqcP7mc-BXHycmzN296x0yx0p9bYNkI28X0GJNLRcNvtu6oTBAW9wde_zWncQdJPQ=s88-c-k-c0x00ffffff-no-rj\" style=\"width:36px\" /></a></p>\r\n\r\n<h3><a href=\"https://www.youtube.com/@PromptMaster101\">Prompt Master</a></h3>\r\n', 'youtube', 1, '', 1, '2025-08-02 21:58:18'),
(78, 6, 'รวมนิทานก่อนนอน ฟังยาวๆ | EP.1 #นิทานพื้นบ้าน #นิทานสอนใจ #นิทานชาวบ้าน #เรื่องเล่าชาวบ้าน', 'https://www.youtube.com/watch?v=Ud1vMDhTIPg', 'Ud1vMDhTIPg', '1754420265_นิทานก่อนนอน.jpg', '2:21:00', '<h2>รวมนิทานก่อนนอน ฟังยาวๆ | EP.1&nbsp;<a href=\"https://www.youtube.com/hashtag/%E0%B8%99%E0%B8%B4%E0%B8%97%E0%B8%B2%E0%B8%99%E0%B8%9E%E0%B8%B7%E0%B9%89%E0%B8%99%E0%B8%9A%E0%B9%89%E0%B8%B2%E0%B8%99\">#นิทานพื้นบ้าน</a>&nbsp;<a href=\"https://www.youtube.com/hashtag/%E0%B8%99%E0%B8%B4%E0%B8%97%E0%B8%B2%E0%B8%99%E0%B8%AA%E0%B8%AD%E0%B8%99%E0%B9%83%E0%B8%88\">#นิทานสอนใจ</a>&nbsp;<a href=\"https://www.youtube.com/hashtag/%E0%B8%99%E0%B8%B4%E0%B8%97%E0%B8%B2%E0%B8%99%E0%B8%8A%E0%B8%B2%E0%B8%A7%E0%B8%9A%E0%B9%89%E0%B8%B2%E0%B8%99\">#นิทานชาวบ้าน</a>&nbsp;<a href=\"https://www.youtube.com/hashtag/%E0%B9%80%E0%B8%A3%E0%B8%B7%E0%B9%88%E0%B8%AD%E0%B8%87%E0%B9%80%E0%B8%A5%E0%B9%88%E0%B8%B2%E0%B8%8A%E0%B8%B2%E0%B8%A7%E0%B8%9A%E0%B9%89%E0%B8%B2%E0%B8%99\">#เรื่องเล่าชาวบ้าน</a></h2>\r\n\r\n<p><img alt=\"\" src=\"https://i.ytimg.com/vi/Ud1vMDhTIPg/hqdefault.jpg\" /></p>\r\n\r\n<p><a href=\"https://www.youtube.com/watch?v=Ud1vMDhTIPg\" target=\"\">00:00</a> โกงตาชั่ง</p>\r\n\r\n<p><a href=\"https://www.youtube.com/watch?v=Ud1vMDhTIPg&amp;t=1297s\" target=\"\">21:37</a> ดูถูกชาวนา</p>\r\n\r\n<p><a href=\"https://www.youtube.com/watch?v=Ud1vMDhTIPg&amp;t=2741s\" target=\"\">45:41</a> เมียทำกับข้าวไม่อร่อย</p>\r\n\r\n<p><a href=\"https://www.youtube.com/watch?v=Ud1vMDhTIPg&amp;t=3912s\" target=\"\">1:05:12</a> ผัวแอบมีเมียน้อย</p>\r\n\r\n<p><a href=\"https://www.youtube.com/watch?v=Ud1vMDhTIPg&amp;t=5122s\" target=\"\">1:25:22</a> ใช้ลูกสะใภ้เหมือนทาส</p>\r\n\r\n<p><a href=\"https://www.youtube.com/watch?v=Ud1vMDhTIPg&amp;t=6846s\" target=\"\">1:54:06</a> ทิ้งแฟนจนไปหาผัวรวย</p>\r\n\r\n<p>&nbsp;</p>\r\n\r\n<p>🔴 ตัวละคร พฤติกรรม สถานที่และเหตุการณ์ในเรื่อง เป็นเหตุการณ์สมมติ มิได้พาดพิงถึงองค์กร วิชาชีพ หรือกลุ่มบุคคลใดๆ นิทานพื้นบ้านที่สะท้อนชีวิตจริง ผสานแง่คิดสอนใจจากเรื่องราวเรียบง่ายแต่ลึกซึ้ง เพื่อให้คุณพบปัญญาและแรงบันดาลใจในทุกวัน 🔔 ฝากกดติดตามด้วยนะ <a href=\"https://www.youtube.com/hashtag/%E0%B8%99%E0%B8%B4%E0%B8%97%E0%B8%B2%E0%B8%99%E0%B9%83%E0%B8%95%E0%B9%89%E0%B8%A3%E0%B9%88%E0%B8%A1%E0%B9%84%E0%B8%A1%E0%B9%89\" target=\"\">#นิทานใต้ร่มไม้</a> <a href=\"https://www.youtube.com/hashtag/%E0%B8%99%E0%B8%B4%E0%B8%97%E0%B8%B2%E0%B8%99%E0%B8%81%E0%B9%88%E0%B8%AD%E0%B8%99%E0%B8%99%E0%B8%AD%E0%B8%99\" target=\"\">#นิทานก่อนนอน</a> <a href=\"https://www.youtube.com/hashtag/%E0%B8%99%E0%B8%B4%E0%B8%97%E0%B8%B2%E0%B8%99\" target=\"\">#นิทาน</a> <a href=\"https://www.youtube.com/hashtag/%E0%B8%99%E0%B8%B4%E0%B8%97%E0%B8%B2%E0%B8%99%E0%B8%9E%E0%B8%B7%E0%B9%89%E0%B8%99%E0%B8%9A%E0%B9%89%E0%B8%B2%E0%B8%99\" target=\"\">#นิทานพื้นบ้าน</a> <a href=\"https://www.youtube.com/hashtag/%E0%B9%80%E0%B8%A3%E0%B8%B7%E0%B9%88%E0%B8%AD%E0%B8%87%E0%B9%80%E0%B8%A5%E0%B9%88%E0%B8%B2\" target=\"\">#เรื่องเล่า</a> <a href=\"https://www.youtube.com/hashtag/%E0%B8%9F%E0%B8%B1%E0%B8%87%E0%B8%99%E0%B8%B4%E0%B8%97%E0%B8%B2%E0%B8%99\" target=\"\">#ฟังนิทาน</a> <a href=\"https://www.youtube.com/hashtag/%E0%B9%80%E0%B8%A5%E0%B9%88%E0%B8%B2%E0%B8%99%E0%B8%B4%E0%B8%97%E0%B8%B2%E0%B8%99\" target=\"\">#เล่านิทาน</a> <a href=\"https://www.youtube.com/hashtag/%E0%B8%99%E0%B8%B4%E0%B8%97%E0%B8%B2%E0%B8%99%E0%B8%8A%E0%B8%B2%E0%B8%94%E0%B8%81\" target=\"\">#นิทานชาดก</a> <a href=\"https://www.youtube.com/hashtag/%E0%B8%99%E0%B8%B4%E0%B8%97%E0%B8%B2%E0%B8%99%E0%B8%AA%E0%B8%AD%E0%B8%99%E0%B9%83%E0%B8%88\" target=\"\">#นิทานสอนใจ</a> <a href=\"https://www.youtube.com/hashtag/%E0%B9%80%E0%B8%A3%E0%B8%B7%E0%B9%88%E0%B8%AD%E0%B8%87%E0%B9%80%E0%B8%A5%E0%B9%88%E0%B8%B2%E0%B8%8A%E0%B8%B2%E0%B8%A7%E0%B8%9A%E0%B9%89%E0%B8%B2%E0%B8%99\" target=\"\">#เรื่องเล่าชาวบ้าน</a> <a href=\"https://www.youtube.com/hashtag/%E0%B8%99%E0%B8%B4%E0%B8%97%E0%B8%B2%E0%B8%99%E0%B8%8A%E0%B8%B5%E0%B8%A7%E0%B8%B4%E0%B8%95\" target=\"\">#นิทานชีวิต</a> <a href=\"https://www.youtube.com/hashtag/%E0%B8%99%E0%B8%B4%E0%B8%A2%E0%B8%B2%E0%B8%A2%E0%B9%80%E0%B8%AA%E0%B8%B5%E0%B8%A2%E0%B8%87\" target=\"\">#นิยายเสียง</a> <a href=\"https://www.youtube.com/hashtag/%E0%B9%80%E0%B8%A5%E0%B9%88%E0%B8%B2%E0%B8%99%E0%B8%B4%E0%B8%97%E0%B8%B2%E0%B8%99%E0%B8%81%E0%B9%88%E0%B8%AD%E0%B8%99%E0%B8%99%E0%B8%AD%E0%B8%99\" target=\"\">#เล่านิทานก่อนนอน</a> <a href=\"https://www.youtube.com/hashtag/%E0%B8%99%E0%B8%B4%E0%B8%A2%E0%B8%B2%E0%B8%A2\" target=\"\">#นิยาย</a> <a href=\"https://www.youtube.com/hashtag/%E0%B8%99%E0%B8%B4%E0%B8%A2%E0%B8%B2%E0%B8%A2%E0%B8%AA%E0%B8%B1%E0%B9%89%E0%B8%99%E0%B8%88%E0%B8%9A%E0%B9%83%E0%B8%99%E0%B8%95%E0%B8%AD%E0%B8%99\" target=\"\">#นิยายสั้นจบในตอน</a> <a href=\"https://www.youtube.com/hashtag/%E0%B8%99%E0%B8%B4%E0%B8%97%E0%B8%B2%E0%B8%99%E0%B8%88%E0%B8%9A%E0%B9%83%E0%B8%99%E0%B8%95%E0%B8%AD%E0%B8%99\" target=\"\">#นิทานจบในตอน</a> <a href=\"https://www.youtube.com/hashtag/%E0%B8%88%E0%B8%9A%E0%B9%83%E0%B8%99%E0%B8%95%E0%B8%AD%E0%B8%99\" target=\"\">#จบในตอน</a> <a href=\"https://www.youtube.com/hashtag/%E0%B9%80%E0%B8%A5%E0%B9%88%E0%B8%B2%E0%B9%80%E0%B8%A3%E0%B8%B7%E0%B9%88%E0%B8%AD%E0%B8%87\" target=\"\">#เล่าเรื่อง</a> <a href=\"https://www.youtube.com/hashtag/%E0%B9%80%E0%B8%A3%E0%B8%B7%E0%B9%88%E0%B8%AD%E0%B8%87%E0%B9%80%E0%B8%A5%E0%B9%88%E0%B8%B2%E0%B8%AA%E0%B8%AD%E0%B8%99%E0%B9%83%E0%B8%88\" target=\"\">#เรื่องเล่าสอนใจ</a> <a href=\"https://www.youtube.com/hashtag/%E0%B9%80%E0%B8%A3%E0%B8%B7%E0%B9%88%E0%B8%AD%E0%B8%87%E0%B9%80%E0%B8%A5%E0%B9%88%E0%B8%B2%E0%B8%8A%E0%B8%B5%E0%B8%A7%E0%B8%B4%E0%B8%95\" target=\"\">#เรื่องเล่าชีวิต</a> <a href=\"https://www.youtube.com/hashtag/%E0%B8%95%E0%B8%B3%E0%B8%99%E0%B8%B2%E0%B8%99%E0%B9%84%E0%B8%97%E0%B8%A2\" target=\"\">#ตำนานไทย</a> <a href=\"https://www.youtube.com/hashtag/%E0%B8%99%E0%B8%B4%E0%B8%97%E0%B8%B2%E0%B8%99%E0%B9%84%E0%B8%97%E0%B8%A2\" target=\"\">#นิทานไทย</a> <a href=\"https://www.youtube.com/hashtag/%E0%B9%81%E0%B8%87%E0%B9%88%E0%B8%84%E0%B8%B4%E0%B8%94%E0%B8%8A%E0%B8%B5%E0%B8%A7%E0%B8%B4%E0%B8%95\" target=\"\">#แง่คิดชีวิต</a> <a href=\"https://www.youtube.com/hashtag/%E0%B8%99%E0%B8%B4%E0%B8%97%E0%B8%B2%E0%B8%99%E0%B9%82%E0%B8%9A%E0%B8%A3%E0%B8%B2%E0%B8%93\" target=\"\">#นิทานโบราณ</a> <a href=\"https://www.youtube.com/hashtag/%E0%B8%8A%E0%B8%B5%E0%B8%A7%E0%B8%B4%E0%B8%95%E0%B8%88%E0%B8%A3%E0%B8%B4%E0%B8%87\" target=\"\">#ชีวิตจริง</a> <a href=\"https://www.youtube.com/hashtag/%E0%B8%99%E0%B8%B4%E0%B8%97%E0%B8%B2%E0%B8%99%E0%B8%84%E0%B8%B3%E0%B8%AA%E0%B8%AD%E0%B8%99\" target=\"\">#นิทานคำสอน</a> <a href=\"https://www.youtube.com/hashtag/%E0%B8%99%E0%B8%B4%E0%B8%97%E0%B8%B2%E0%B8%99%E0%B8%9E%E0%B8%B7%E0%B9%89%E0%B8%99%E0%B8%9A%E0%B9%89%E0%B8%B2%E0%B8%99%E0%B9%84%E0%B8%97%E0%B8%A2\" target=\"\">#นิทานพื้นบ้านไทย</a> <a href=\"https://www.youtube.com/hashtag/%E0%B9%80%E0%B8%A3%E0%B8%B7%E0%B9%88%E0%B8%AD%E0%B8%87%E0%B9%80%E0%B8%A5%E0%B9%88%E0%B8%B2%E0%B8%9B%E0%B8%A3%E0%B8%B0%E0%B8%97%E0%B8%B1%E0%B8%9A%E0%B9%83%E0%B8%88\" target=\"\">#เรื่องเล่าประทับใจ</a> <a href=\"https://www.youtube.com/hashtag/%E0%B8%99%E0%B8%B4%E0%B8%97%E0%B8%B2%E0%B8%99%E0%B9%80%E0%B8%94%E0%B9%87%E0%B8%81\" target=\"\">#นิทานเด็ก</a> <a href=\"https://www.youtube.com/hashtag/%E0%B9%81%E0%B8%A3%E0%B8%87%E0%B8%9A%E0%B8%B1%E0%B8%99%E0%B8%94%E0%B8%B2%E0%B8%A5%E0%B9%83%E0%B8%88\" target=\"\">#แรงบันดาลใจ</a> <a href=\"https://www.youtube.com/hashtag/%E0%B8%99%E0%B8%B4%E0%B8%97%E0%B8%B2%E0%B8%99%E0%B8%84%E0%B8%A3%E0%B8%AD%E0%B8%9A%E0%B8%84%E0%B8%A3%E0%B8%B1%E0%B8%A7\" target=\"\">#นิทานครอบครัว</a> <a href=\"https://www.youtube.com/hashtag/%E0%B9%80%E0%B8%A3%E0%B8%B7%E0%B9%88%E0%B8%AD%E0%B8%87%E0%B9%80%E0%B8%A5%E0%B9%88%E0%B8%B2%E0%B8%82%E0%B9%89%E0%B8%B2%E0%B8%87%E0%B8%81%E0%B8%AD%E0%B8%87%E0%B9%84%E0%B8%9F\" target=\"\">#เรื่องเล่าข้างกองไฟ</a> <a href=\"https://www.youtube.com/hashtag/%E0%B8%95%E0%B8%B3%E0%B8%99%E0%B8%B2%E0%B8%99%E0%B8%9E%E0%B8%B7%E0%B9%89%E0%B8%99%E0%B8%9A%E0%B9%89%E0%B8%B2%E0%B8%99\" target=\"\">#ตำนานพื้นบ้าน</a> <a href=\"https://www.youtube.com/hashtag/%E0%B9%80%E0%B8%A3%E0%B8%B7%E0%B9%88%E0%B8%AD%E0%B8%87%E0%B9%80%E0%B8%A5%E0%B9%88%E0%B8%B2%E0%B8%AA%E0%B8%B0%E0%B8%97%E0%B9%89%E0%B8%AD%E0%B8%99%E0%B9%83%E0%B8%88\" target=\"\">#เรื่องเล่าสะท้อนใจ</a> <a href=\"https://www.youtube.com/hashtag/%E0%B8%84%E0%B8%A7%E0%B8%B2%E0%B8%A1%E0%B8%88%E0%B8%A3%E0%B8%B4%E0%B8%87%E0%B8%82%E0%B8%AD%E0%B8%87%E0%B8%8A%E0%B8%B5%E0%B8%A7%E0%B8%B4%E0%B8%95\" target=\"\">#ความจริงของชีวิต</a> <a href=\"https://www.youtube.com/hashtag/%E0%B8%9B%E0%B8%A3%E0%B8%B1%E0%B8%8A%E0%B8%8D%E0%B8%B2%E0%B8%8A%E0%B8%B5%E0%B8%A7%E0%B8%B4%E0%B8%95\" target=\"\">#ปรัชญาชีวิต</a> <a href=\"https://www.youtube.com/hashtag/%E0%B8%99%E0%B8%B4%E0%B8%97%E0%B8%B2%E0%B8%99%E0%B8%8A%E0%B8%B2%E0%B8%A7%E0%B8%9A%E0%B9%89%E0%B8%B2%E0%B8%99\" target=\"\">#นิทานชาวบ้าน</a> <a href=\"https://www.youtube.com/hashtag/%E0%B9%80%E0%B8%A3%E0%B8%B7%E0%B9%88%E0%B8%AD%E0%B8%87%E0%B9%80%E0%B8%A5%E0%B9%88%E0%B8%B2%E0%B8%8A%E0%B8%B2%E0%B8%A7%E0%B8%9A%E0%B9%89%E0%B8%B2%E0%B8%99\" target=\"\">#เรื่องเล่าชาวบ้าน</a></p>\r\n\r\n<p>&nbsp;</p>\r\n', 'youtube', 1, '', 0, '2025-08-05 11:57:45'),
(79, 7, ' Web Application ภาพรวม | สร้างเว็บด้วย PHP & MySQL แบบง่ายๆ เน้นความเข้าใจ สไตล์ลพ.ภูริ ', 'https://www.youtube.com/watch?v=BrFZy8RyNaI', 'BrFZy8RyNaI', '1754761263_ Web Application ภาพรวม | สร้างเว็บด้วย PHP & MySQL แบบง่ายๆ เน้นความเข้าใจ สไตล์ลพ.ภูริ .jpg', '20:36', '<p>&nbsp;</p>\r\n\r\n<p>Web Application ภาพรวม | สร้างเว็บด้วย PHP &amp; MySQL แบบง่ายๆ เน้นความเข้าใจ สไตล์ลพ.ภูริ&nbsp;</p>\r\n\r\n<p><img alt=\"\" src=\"https://i.ytimg.com/vi/BrFZy8RyNaI/hqdefault.jpg\" /></p>\r\n\r\n<p>&nbsp;</p>\r\n\r\n<p>เนื่องจากมีน้องๆหลายคนอยากเขียนเว็บเป็น และช่วงนี้มีเวลาเนื่องจากเป็นภาวะที่ต้องอยู่บ้านกัน เพราะ Covid-19 ระบาด จึงอยากแบ่งปันความรู้ที่หลวงพี่พอจะมีอยู่บ้าง เพื่อเป็นธรรมทาน เป็นวิทยาทาน ให้แก่ผู้ที่สนใจอยากก้าวเข้ามาสู่โลกของการเขียนโปรแกรม พัฒนาเว็บแอปพลิเคชัน อีกอย่างวันนี้ก็เป็นวันสงกรานต์ วันปีใหม่ไทย จึงอยากเริ่มต้นอะไรใหม่ ๆ ดูบ้าง หวังว่าจะเป็นประโยชน์กับทุกท่านนะ สารบัญเวลา <a href=\"https://www.youtube.com/watch?v=BrFZy8RyNaI\" target=\"\">0:00</a> - Intro <a href=\"https://www.youtube.com/watch?v=BrFZy8RyNaI&amp;t=9s\" target=\"\">0:09</a> - อารัมภบท และแรงจูงใจการการทำ VDO <a href=\"https://www.youtube.com/watch?v=BrFZy8RyNaI&amp;t=109s\" target=\"\">1:49</a> - Table Of Contents (ภาพรวม) <a href=\"https://www.youtube.com/watch?v=BrFZy8RyNaI&amp;t=142s\" target=\"\">2:22</a> - Website คืออะไร <a href=\"https://www.youtube.com/watch?v=BrFZy8RyNaI&amp;t=186s\" target=\"\">3:06</a> - Web Application VS Website <a href=\"https://www.youtube.com/watch?v=BrFZy8RyNaI&amp;t=245s\" target=\"\">4:05</a> - World submarine cable links <a href=\"https://www.youtube.com/watch?v=BrFZy8RyNaI&amp;t=331s\" target=\"\">5:31</a> - IP+Domain Name <a href=\"https://www.youtube.com/watch?v=BrFZy8RyNaI&amp;t=490s\" target=\"\">8:10</a> - Web Server + Web Client (Browser) <a href=\"https://www.youtube.com/watch?v=BrFZy8RyNaI&amp;t=864s\" target=\"\">14:24</a> - Chrome เปิดไฟล์ Web จากในเครื่อง Server <a href=\"https://www.youtube.com/watch?v=BrFZy8RyNaI&amp;t=916s\" target=\"\">15:16</a> - การเตรียมตัวก่อนลงมือเขียนเว็บ แอปพลิเคชัน <a href=\"https://www.youtube.com/watch?v=BrFZy8RyNaI&amp;t=1064s\" target=\"\">17:44</a> - Think Less Meditate More อย่าลืมนั่งสมาธิเพื่อเพิ่มปัญญาและให้ใจมีพลัง<br />\r\n&nbsp;</p>\r\n\r\n<p>cr :&nbsp;</p>\r\n\r\n<p>&nbsp;</p>\r\n\r\n<p><a href=\"https://www.youtube.com/@purivaro\"><img alt=\"\" src=\"https://yt3.ggpht.com/ytc/AIdro_luaU36QcqO2hK8YwsILIKp6_t9xAa5t4UnMshCjIuIBGPc=s88-c-k-c0x00ffffff-no-rj\" style=\"width:40px\" /></a></p>\r\n\r\n<p><a href=\"https://www.youtube.com/@purivaro\">anavach purivaro</a></p>\r\n\r\n<p>&nbsp;</p>\r\n', 'youtube', 1, '', 0, '2025-08-09 10:41:03'),
(80, 7, ' เบื้องหลังการล่มสลายของ Flash เมื่อความขัดแย้งทำลายเทคโนโลยี | Geek Story ', 'https://www.youtube.com/watch?v=PVcOOhqNeK4', 'PVcOOhqNeK4', '1756794960_hqdefault (4).jpg', '12.31', '<p>&nbsp;</p>\r\n\r\n<p>เบื้องหลังการล่มสลายของ Flash เมื่อความขัดแย้งทำลายเทคโนโลยี | Geek Story EP462</p>\r\n\r\n<p>&nbsp;</p>\r\n\r\n<p><img alt=\"\" src=\"https://i.ytimg.com/vi/PVcOOhqNeK4/hqdefault.jpg\" /></p>\r\n\r\n<p>&nbsp;</p>\r\n\r\n<p>&nbsp;</p>\r\n\r\n<p>ย้อนกลับไปในปี 1993 โลกเทคโนโลยีกำลังอยู่ในช่วงเปลี่ยนผ่าน มีซอฟต์แวร์ตัวหนึ่งชื่อ SmartSketch พัฒนาขึ้นมาบน Mac โดยมีวัตถุประสงค์เพื่อรองรับการใช้ปากกาดิจิทัล ซึ่งกำลังเป็นที่นิยมในตอนนั้น แต่เทรนด์ก็เปลี่ยนไปอย่างรวดเร็ว ปากกาดิจิทัลเริ่มซาลง ในขณะที่อินเทอร์เน็ตกำลังมาแรงแซงทางโค้ง ทีมผู้พัฒนาเลยปรับปรุง SmartSketch ใหม่ในปี 1995 ให้กลายเป็น FutureSplash ที่เป็นเครื่องมือสำหรับการสร้างแอนิเมชันบนเว็บไซต์ จุดเปลี่ยนสำคัญเกิดขึ้นในปี 1996 เมื่อบริษัท Macromedia เข้าซื้อกิจการและเปลี่ยนชื่อผลิตภัณฑ์เป็น Flash นี่คือจุดเริ่มต้นของยุคทองอย่างแท้จริง Macromedia พัฒนา Flash ให้มีความสามารถหลากหลายมากขึ้น จากเดิมที่เป็นแค่เครื่องมือสร้างแอนิเมชัน มันกลายเป็นแพลตฟอร์ม (platform) ที่สามารถสร้างเว็บไซต์ได้ทั้งเว็บเลยทีเดียว ลองนึกภาพดูว่าตอนนั้น Flash คือขุมพลังสำคัญที่ทำให้เว็บไซต์อย่าง Newgrounds หรือ YouTube ในยุคแรกๆ สามารถแสดงผลวิดีโอและแอนิเมชันต่างๆ ได้อย่างน่าตื่นตาตื่นใจ เลือกฟังกันได้เลยนะครับ อย่าลืมกด Follow ติดตาม PodCast ช่อง Geek Forever&rsquo;s Podcast ของผมกันด้วยนะครับ <a href=\"https://www.youtube.com/hashtag/adobeflash\" target=\"\">#AdobeFlash</a> <a href=\"https://www.youtube.com/hashtag/flashplayer\" target=\"\">#FlashPlayer</a> <a href=\"https://www.youtube.com/hashtag/stevejobs\" target=\"\">#SteveJobs</a> <a href=\"https://www.youtube.com/hashtag/apple\" target=\"\">#Apple</a> <a href=\"https://www.youtube.com/hashtag/html5\" target=\"\">#HTML5</a> <a href=\"https://www.youtube.com/hashtag/%E0%B8%9B%E0%B8%A3%E0%B8%B0%E0%B8%A7%E0%B8%B1%E0%B8%95%E0%B8%B4%E0%B9%80%E0%B8%97%E0%B8%84%E0%B9%82%E0%B8%99%E0%B9%82%E0%B8%A5%E0%B8%A2%E0%B8%B5\" target=\"\">#ประวัติเทคโนโลยี</a> <a href=\"https://www.youtube.com/hashtag/%E0%B8%81%E0%B8%A3%E0%B8%93%E0%B8%B5%E0%B8%A8%E0%B8%B6%E0%B8%81%E0%B8%A9%E0%B8%B2\" target=\"\">#กรณีศึกษา</a> <a href=\"https://www.youtube.com/hashtag/%E0%B8%AA%E0%B8%87%E0%B8%84%E0%B8%A3%E0%B8%B2%E0%B8%A1%E0%B8%98%E0%B8%B8%E0%B8%A3%E0%B8%81%E0%B8%B4%E0%B8%88\" target=\"\">#สงครามธุรกิจ</a> <a href=\"https://www.youtube.com/hashtag/%E0%B9%80%E0%B8%97%E0%B8%84%E0%B9%82%E0%B8%99%E0%B9%82%E0%B8%A5%E0%B8%A2%E0%B8%B5%E0%B9%80%E0%B8%9B%E0%B8%A5%E0%B8%B5%E0%B9%88%E0%B8%A2%E0%B8%99%E0%B9%82%E0%B8%A5%E0%B8%81\" target=\"\">#เทคโนโลยีเปลี่ยนโลก</a> <a href=\"https://www.youtube.com/hashtag/%E0%B8%99%E0%B8%A7%E0%B8%B1%E0%B8%95%E0%B8%81%E0%B8%A3%E0%B8%A3%E0%B8%A1\" target=\"\">#นวัตกรรม</a> <a href=\"https://www.youtube.com/hashtag/%E0%B8%81%E0%B8%B2%E0%B8%A3%E0%B8%95%E0%B8%A5%E0%B8%B2%E0%B8%94%E0%B8%94%E0%B8%B4%E0%B8%88%E0%B8%B4%E0%B8%97%E0%B8%B1%E0%B8%A5\" target=\"\">#การตลาดดิจิทัล</a> <a href=\"https://www.youtube.com/hashtag/iphone\" target=\"\">#iPhone</a> <a href=\"https://www.youtube.com/hashtag/ipad\" target=\"\">#iPad</a> <a href=\"https://www.youtube.com/hashtag/%E0%B8%9A%E0%B8%97%E0%B9%80%E0%B8%A3%E0%B8%B5%E0%B8%A2%E0%B8%99%E0%B8%98%E0%B8%B8%E0%B8%A3%E0%B8%81%E0%B8%B4%E0%B8%88\" target=\"\">#บทเรียนธุรกิจ</a> <a href=\"https://www.youtube.com/hashtag/techstory\" target=\"\">#TechStory</a> <a href=\"https://www.youtube.com/hashtag/geekstory\" target=\"\">#geekstory</a> <a href=\"https://www.youtube.com/hashtag/geekforeverpodcast\" target=\"\">#geekforeverpodcast</a></p>\r\n\r\n<p>&nbsp;</p>\r\n\r\n<p>cr :&nbsp;</p>\r\n\r\n<p><a href=\"https://www.youtube.com/@mrtharadhol\"><img alt=\"\" src=\"https://yt3.ggpht.com/ytc/AIdro_ktOg6dX8PZnZDvOglHWMsjPJwqbHkTeija2-ICLC0HlQ=s88-c-k-c0x00ffffff-no-rj\" style=\"width:40px\" /></a></p>\r\n\r\n<p><a href=\"https://www.youtube.com/@mrtharadhol\">ด.ดล Blog</a></p>\r\n\r\n<p>&nbsp;</p>\r\n', 'youtube', 1, '', 0, '2025-09-01 23:36:00'),
(81, 7, '[Tech]ยุคใหม่ของภัยไซเบอร์! เมื่อ AI ถูกใช้สร้างแรนซัมแวร์สุดฉลาด', 'https://www.youtube.com/watch?v=1Xa4BJU94n8', '1Xa4BJU94n8', '1759218708_hqdefault (5).jpg', '8:08', '<h3>ยุคใหม่ของภัยไซเบอร์! เมื่อ AI ถูกใช้สร้างแรนซัมแวร์สุดฉลาด</h3>\r\n\r\n<p>&nbsp;</p>\r\n\r\n<p>&nbsp;</p>\r\n\r\n<p>&nbsp;</p>\r\n\r\n<p><img alt=\"\" src=\"https://i.ytimg.com/vi/1Xa4BJU94n8/hqdefault.jpg\" /></p>\r\n\r\n<p>&nbsp;</p>\r\n\r\n<p>ดราม่าครั้งใหญ่ในวงการเทคฯ เมื่อบริษัทแม่ของสื่อดังระดับโลกมากมาย ตัดสินใจยื่นฟ้อง Google อย่างเป็นทางการ โดยกล่าวหาว่าฟีเจอร์ใหม่ AI Overviews ของ Google ได้นำเนื้อหาข่าวและบทความของพวกเขาไปสรุปและแสดงผลโดยตรงในหน้าค้นหา โดยไม่ได้รับอนุญาต ซึ่งเป็นการละเมิดลิขสิทธิ์อย่างชัดเจน ทำให้เกิดผลกระทบอย่างมาก รายละเอียดมีอะไรบ้าง เชิญรับชมในคลิปครับ <a href=\"https://www.youtube.com/hashtag/penskemedia\" target=\"\">#PenskeMedia</a> <a href=\"https://www.youtube.com/hashtag/google\" target=\"\">#Google</a> <a href=\"https://www.youtube.com/hashtag/aioviews\" target=\"\">#AIOviews</a> <a href=\"https://www.youtube.com/hashtag/%E0%B8%9F%E0%B9%89%E0%B8%AD%E0%B8%87%E0%B8%A3%E0%B9%89%E0%B8%AD%E0%B8%87\" target=\"\">#ฟ้องร้อง</a> <a href=\"https://www.youtube.com/hashtag/googleai\" target=\"\">#GoogleAI</a> <a href=\"https://www.youtube.com/hashtag/ai%E0%B8%82%E0%B9%82%E0%B8%A1%E0%B8%A2%E0%B8%87%E0%B8%B2%E0%B8%99\" target=\"\">#AIขโมยงาน</a> <a href=\"https://www.youtube.com/hashtag/%E0%B8%A5%E0%B8%B0%E0%B9%80%E0%B8%A1%E0%B8%B4%E0%B8%94%E0%B8%A5%E0%B8%B4%E0%B8%82%E0%B8%AA%E0%B8%B4%E0%B8%97%E0%B8%98%E0%B8%B4%E0%B9%8C\" target=\"\">#ละเมิดลิขสิทธิ์</a> <a href=\"https://www.youtube.com/hashtag/%E0%B8%82%E0%B9%88%E0%B8%B2%E0%B8%A7%E0%B9%84%E0%B8%AD%E0%B8%97%E0%B8%B5\" target=\"\">#ข่าวไอที</a> <a href=\"https://www.youtube.com/hashtag/%E0%B8%82%E0%B9%88%E0%B8%B2%E0%B8%A7%E0%B9%80%E0%B8%97%E0%B8%84%E0%B9%82%E0%B8%99%E0%B9%82%E0%B8%A5%E0%B8%A2%E0%B8%B5\" target=\"\">#ข่าวเทคโนโลยี</a> <a href=\"https://www.youtube.com/hashtag/%E0%B8%A7%E0%B8%87%E0%B8%81%E0%B8%B2%E0%B8%A3%E0%B8%AA%E0%B8%B7%E0%B9%88%E0%B8%AD\" target=\"\">#วงการสื่อ</a> <a href=\"https://www.youtube.com/hashtag/%E0%B8%84%E0%B8%AD%E0%B8%99%E0%B9%80%E0%B8%97%E0%B8%99%E0%B8%95%E0%B9%8C%E0%B8%84%E0%B8%A3%E0%B8%B5%E0%B9%80%E0%B8%AD%E0%B9%80%E0%B8%95%E0%B8%AD%E0%B8%A3%E0%B9%8C\" target=\"\">#คอนเทนต์ครีเอเตอร์</a> <a href=\"https://www.youtube.com/hashtag/searchengine\" target=\"\">#SearchEngine</a> <a href=\"https://www.youtube.com/hashtag/generativeai\" target=\"\">#GenerativeAI</a> <a href=\"https://www.youtube.com/hashtag/%E0%B8%94%E0%B8%A3%E0%B8%B2%E0%B8%A1%E0%B9%88%E0%B8%B2%E0%B9%84%E0%B8%AD%E0%B8%97%E0%B8%B5\" target=\"\">#ดราม่าไอที</a> <a href=\"https://www.youtube.com/hashtag/%E0%B8%A3%E0%B8%B9%E0%B9%89%E0%B8%88%E0%B8%B1%E0%B8%81ai\" target=\"\">#รู้จักAI</a> <a href=\"https://www.youtube.com/hashtag/%E0%B8%82%E0%B9%88%E0%B8%B2%E0%B8%A7%E0%B8%AA%E0%B8%B1%E0%B9%89%E0%B8%99%E0%B8%A5%E0%B9%89%E0%B8%B3%E0%B8%AB%E0%B8%99%E0%B9%89%E0%B8%B2%E0%B9%82%E0%B8%8A%E0%B8%A7%E0%B9%8C\" target=\"\">#ข่าวสั้นล้ำหน้าโชว์</a> <a href=\"https://www.youtube.com/hashtag/techoffside\" target=\"\">#TechOffside</a></p>\r\n\r\n<p>ขอบคุณข้อมูลจาก engadget ลิงก์ : <a href=\"https://www.youtube.com/redirect?event=video_description&amp;redir_token=QUFFLUhqbkRQVTZORWlpdWVXQWtSclQ2NUNLeDVkaGdqZ3xBQ3Jtc0tsVkhvNHdrNExLaGIzQzQwYUtVVGtSU0VRVGF1RHpUamdYTnNfRW13RDY5aDFDSzQzWktmNnAtcjdKTVZZY0FyX2l3a19fZjdEZm9GbWJmMmNpaUtIbFRYSm9Qbk1pX1U4MmNaTllLaVl0WGpRd1h5SQ&amp;q=https%3A%2F%2Fwww.engadget.com%2Fbig-tech%2Fgoogle-faces-its-first-ai-overviews-lawsuit-from-a-major-us-publisher-162333462.html%3Ffbclid%3DIwT01FWAM04jFleHRuA2FlbQIxMAABHmCCbefsgT1FyOCjwwelisnltRxRKkHsZo2Gh5nnWOL52vePUfl_cuD4aIgf_aem_W1CMMuujBPrgBFZXyOeASQ%26guccounter%3D1&amp;v=1Xa4BJU94n8\" target=\"_blank\">https://www.engadget.com/big-tech/goo...</a></p>\r\n\r\n<p><a href=\"https://www.youtube.com/@techoffside\"><img alt=\"\" src=\"https://yt3.ggpht.com/Nn0BXLnM5zL8dPNdAlU5kFdcw1nDEMeLkcKqWOLky5U6h1ltfx14488cUuLDeVm3JUC03Gzx=s88-c-k-c0x00ffffff-no-rj\" style=\"width:36px\" /></a></p>\r\n\r\n<h3><a href=\"https://www.youtube.com/@techoffside\">TechOffside &ldquo;ล้ำหน้าโชว์&rdquo;</a></h3>\r\n', 'youtube', 1, '', 0, '2025-09-30 00:51:48'),
(82, 7, '[Tech] จีนที่อเมริกายังต้องอึ้ง: หุ่นยนต์มนุษย์ เมืองสุดล้ำ และซูเปอร์คาร์🇨🇳', 'https://www.youtube.com/watch?v=0S0LvVmn_xU', '0S0LvVmn_xU', '1759222813_hqdefault (6).jpg', '29:00', '<h3>จีนที่อเมริกายังต้องอึ้ง: หุ่นยนต์มนุษย์ เมืองสุดล้ำ และซูเปอร์คาร์🇨🇳</h3>\r\n\r\n<p><img alt=\"\" src=\"https://i.ytimg.com/vi/0S0LvVmn_xU/hqdefault.jpg\" /></p>\r\n\r\n<p>🇨🇳 เจาะลึกการปฏิวัติเทคโนโลยีของจีน: 4 เมืองแห่งอนาคตที่ล้ำหน้าทั้งโลก จีนกำลังก้าวข้ามโลกด้วยเทคโนโลยีสุดล้ำ: 🔹 เซินเจิ้น &ndash; ซิลิคอนแวลลีย์แห่งเอเชีย: รถยนต์ไร้คนขับ โดรนส่งของ ชำระเงินด้วยฝ่ามือ และ BYD ที่แซง Tesla 🔹 หางโจว &ndash; จุดบรรจบของธรรมชาติและหุ่นยนต์: G1 ฮิวแมนนอยด์วิ่งเร็ว 5 เมตร/วินาที มุมมอง 360&deg; 🔹 เซี่ยงไฮ้ &ndash; เมืองการเงินระดับโลกที่ขับเคลื่อนด้วย AI และ Smart City 🔹 จี่หนาน &ndash; ศูนย์กลางการพัฒนา AI ที่เหมือนมนุษย์ ทั้งอารมณ์ สีหน้า และการสื่อสารเสมือนจริง นี่ไม่ใช่แค่ &ldquo;ผลิตในจีน&rdquo; &mdash; แต่มันคือ &ldquo;คิดค้นโดยจีน&rdquo; อนาคตเกิดขึ้นแล้ว .... ------------------------------------------------------------------------------</p>\r\n\r\n<p>cr:&nbsp;<a href=\"https://www.youtube.com/@JoeHattab\"><img alt=\"\" src=\"https://yt3.ggpht.com/1NNGoOGUBdjE78iR3xnWcZwVw0XBDtl8I9ACMAJ--5j0lUUKrOArzFFY2iycTWOnrsMdkdMo0Q=s88-c-k-c0x00ffffff-no-rj\" style=\"width:36px\" /></a></p>\r\n\r\n<h3><a href=\"https://www.youtube.com/@JoeHattab\">Joe HaTTab</a></h3>\r\n', 'youtube', 1, '', 1, '2025-09-30 02:00:13'),
(83, 7, '[TechIT] ห้องเรียนครูนารี 1 ชั่วโมง  ·  บัตรคำมีเสียง A-Z ผักและผลไม้ ไฟล์ powerpoint', 'https://www.youtube.com/watch?v=usO08W2Oa-I', 'usO08W2Oa-I', '1759541267_วิชา Kubernetes สไตล์ธาดา.jpg', '22:37', '<p>กลับมาอีกครั้งกับวิชาสไตล์ธาดาครับ! <img alt=\"👨‍🏫\" src=\"https://static.xx.fbcdn.net/images/emoji.php/v9/tb6/2/16/1f468_200d_1f3eb.png\" style=\"height:16px; width:16px\" /></p>\r\n\r\n<p>วันนี้ขอเสนอ &quot;Kubernetes จากศูนย์.... เวอร์ชั่นพูดไปเรื่อย EP 1&quot;</p>\r\n\r\n<p>&nbsp;</p>\r\n\r\n<p><img src=\"https://i.ytimg.com/vi/usO08W2Oa-I/hqdefault.jpg\" /></p>\r\n\r\n<p>(<a href=\"https://web.facebook.com/hashtag/kubernetes?__cft__[0]=AZXm9YTivD3yMzw9JTtrN75OwX3WEssQwNpXEt5dOoy0al4ILE6VRRBhLWN-2HrpLjHcKUBCQeHDeT4Flx9bzFoHAmRHoVLsr3zxSVce0GV2ScYsc1R0dn33FpjG0cm-jl0ERS0dPH9QDhlpZRaGmtWMyHVZMAMEXWS03zA3s6ECeNvgGjua7ENpGYpD2XnflmEyBhCu9omt7av7PA4sQGGP&amp;__tn__=*NK-R\">#Kubernetes</a>: <img alt=\"🟢\" src=\"https://static.xx.fbcdn.net/images/emoji.php/v9/t9b/2/16/1f7e2.png\" style=\"height:16px; width:16px\" /> <a href=\"https://web.facebook.com/hashtag/apprentices?__cft__[0]=AZXm9YTivD3yMzw9JTtrN75OwX3WEssQwNpXEt5dOoy0al4ILE6VRRBhLWN-2HrpLjHcKUBCQeHDeT4Flx9bzFoHAmRHoVLsr3zxSVce0GV2ScYsc1R0dn33FpjG0cm-jl0ERS0dPH9QDhlpZRaGmtWMyHVZMAMEXWS03zA3s6ECeNvgGjua7ENpGYpD2XnflmEyBhCu9omt7av7PA4sQGGP&amp;__tn__=*NK-R\">#Apprentices</a>)</p>\r\n\r\n<p>คลิปนี้เป็นการสอนสดในทีม &quot;เล่า Kubernetes (K8S) จากภาพใหญ่ สำหรับคนทำงาน DevOps หรือคนที่เข้าใจ Cloud มาบ้างแล้ว&quot;</p>\r\n\r\n<p>มาดูกันว่า K8S ซึ่งเป็น &quot;Declarative Container Orchestrator&quot; มันช่วยแก้ปัญหาของ Docker Compose ที่ทำงานบนเครื่องเดียว (Node) ได้อย่างไร</p>\r\n\r\n<p>ในคลิปจะครอบคลุมถึง:</p>\r\n\r\n<p>- &quot;Declarative คืออะไร?&quot;: เราแค่บอก &quot;สถานะที่ต้องการ&quot; (Desired State) แล้ว K8S จะจัดการให้เองเหมือนเป็น &quot;เกมมาสเตอร์&quot;</p>\r\n\r\n<p>- &quot;ประโยชน์หลัก&quot;: K8S เป็น Open Source ทำให้เราใช้ Syntax เดียวกันในการ deploy แอปได้ทุกที่ ไม่ว่าจะบน On-premise หรือ Cloud เจ้าไหนก็ตาม</p>\r\n\r\n<p>- &quot;โครงสร้างเบื้องต้น&quot;: ทำความรู้จักกับ Control Plane, Worker Node และส่วนประกอบอื่นๆ เพื่อให้เห็นภาพรวมการทำงาน.</p>\r\n\r\n<p>- &quot;ความแตกต่างระหว่าง On-premise vs. Managed Cloud&quot;: ติดตั้งเองทั้งหมดเทียบกับการให้ Cloud Provider จัดการ Control Plane ให้ แบบไหนเหมาะกับใคร</p>\r\n\r\n<p>คำแนะนำ: &quot;ใครที่มีพื้นฐาน Cloud Computing (เช่น HA, Replica, Scale Out) มาก่อนจะเข้าใจได้ง่ายขึ้นมากครับ&quot;</p>\r\n\r\n<p>คำเตือน: เป็นการสอนสด อาจมีบางส่วนที่เป็นความเห็นและประสบการณ์ส่วนตัว</p>\r\n\r\n<p>ถ้าผิดพลาดตรงไหนสามารถคอมเมนต์เสริมเพื่อแลกเปลี่ยนแนวคิดกันได้เลย เพื่อประโยชน์ของ Community เราน้าาาา</p>\r\n\r\n<p>เชิญรับชมวิดีโอได้เลยครับ!</p>\r\n', 'youtube', 1, '', 0, '2025-10-03 18:27:47'),
(84, 8, 'สอนเด็กอนุบาลบวกเลขยังไงให้จำได้เร็ว เรียนรู้เรื่องการบวกเลขจากภาพ อนุบาล', 'https://cdn-download.dltv.ac.th/upload/data/videos/33/video_82879-v-202406051515.mp4?filename=%E0%B8%81%E0%B8%B2%E0%B8%A3%E0%B8%AB%E0%B8%B2%20%E0%B8%84.%E0%B8%A3.%E0%B8%99.%20%E0%B8%82%E0%B8%AD%E0%B8%87%E0%B8%88%E0%B8%B3%E0%B8%99%E0%B8%A7%E0%B8%99%E0%B8%99%E0%B8%B1%E0%B8%9A%20.mp4', 'cda11up', '1759562605_การบวกเลข.jpg', '9:46', '<p>สอนเด็กอนุบาลบวกเลขยังไงให้จำได้เร็ว เรียนรู้เรื่องการบวกเลขจากภาพ อนุบาล</p>\r\n\r\n<p><img src=\"https://i.ytimg.com/vi/5986PIMU6ow/hqdefault.jpg\" /></p>\r\n\r\n<p>&nbsp;</p>\r\n\r\n<p>สื่ออนุบาลปฐมวัย,สื่ออนุบาลตัวเลข,สื่ออนุบาล ก-ฮ,สื่ออนุบาล2,สื่ออนุบาล1,สื่ออนุบาล3,สื่ออนุบาลปฐมวัย, สื่ออนุบาลตัวเลข,สื่ออนุบาล ก-ฮ kindergarten,kindergarten 2,kindergarten 1,kindergarten 3, สื่อการสอนป.1,สื่อกสารสอนประถม</p>\r\n\r\n<p>&nbsp;</p>\r\n\r\n<p>cr :&nbsp;</p>\r\n\r\n<p><a href=\"https://www.youtube.com/@kidsdd8988\"><img alt=\"\" src=\"https://yt3.ggpht.com/ydk_qakhLtH1VqodmdcIeTP16wrHkEfqsbn2tHLzvPsAwFUWPKtj2Kt4reLBswz0H1Fzv-RfGs0=s88-c-k-c0x00ffffff-no-rj\" style=\"width:40px\" /></a></p>\r\n\r\n<p><a href=\"https://www.youtube.com/@kidsdd8988\">Kids DD</a></p>\r\n', 'Url', 1, '', 14, '2025-10-04 00:23:25'),
(95, 1, 'Wordwall: การสร้างเกมง่ายๆ ภายใน 3 นาที ด้วย wordwall', 'https://www.youtube.com/watch?v=bt60XAhc-Os', 'bt60XAhc-Os', '1759563475_hqdefault (4).jpg', '9:15', '<p>สอนสร้างเกมการเรียนรู้ผ่านแพลตฟอร์ม Wordwall</p>\r\n\r\n<p><img src=\"https://i.ytimg.com/vi/bt60XAhc-Os/hqdefault.jpg\" /></p>\r\n\r\n<p>&nbsp;</p>\r\n\r\n<p>เว็บนี้มีชื่อว่า www.wordwall.net ซึ่งเป็นเว็บไซต์ที่มีเครื่องมือสำหรับการสร้างเกมและแบบทดสอบที่ใช้ในการจัดการศึกษาเหมาะสำหรับกรจัดการเรียนการสอนออนไลน์เป็นอย่างยิ่ง&nbsp;</p>\r\n\r\n<h3><a href=\"https://www.youtube.com/@krunuthailand\">krunuthailand</a></h3>\r\n', 'Youtube', 1, '', 88, '2025-07-01 10:30:45'),
(96, 6, 'ก เอ๋ย ก ไก่ | สื่อการสอนสำหรับเด็ก 7 เพลง | เรียนจากที่บ้านสบายๆ | สื่อการเรียน 25 นาที', 'https://www.youtube.com/watch?v=AcLn892iPo0', 'AcLn892iPo0', '1761380982_สื่อกขค.jpg', '25.54', '<p><img alt=\"\" src=\"https://i.ytimg.com/vi/AcLn892iPo0/hqdefault.jpg\" /></p>\r\n\r\n<h1>ก เอ๋ย ก ไก่ | สื่อการสอนสำหรับเด็ก 7 เพลง | เรียนจากที่บ้านสบายๆ | สื่อการเรียน 25 นาที</h1>\r\n\r\n<p><a href=\"https://www.youtube.com/@KidsSongnamo\"><img alt=\"\" src=\"https://yt3.ggpht.com/EmctWUIn_wYlE13fA8YSFWYho_ryNPlkohzNvzGRl5dHF6gxx-ss9yEiqXL6VTa68eZHnz1Drlk=s88-c-k-c0x00ffffff-no-rj\" style=\"width:40px\" /></a></p>\r\n\r\n<p><a href=\"https://www.youtube.com/@KidsSongnamo\">เพลงเด็ก น้องนะโม</a></p>\r\n\r\n<p>&nbsp;</p>\r\n\r\n<p><a href=\"https://www.youtube.com/hashtag/%E0%B9%80%E0%B8%9E%E0%B8%A5%E0%B8%87%E0%B9%80%E0%B8%94%E0%B9%87%E0%B8%81\">#เพลงเด็ก</a> <a href=\"https://www.youtube.com/hashtag/%E0%B9%80%E0%B8%9E%E0%B8%A5%E0%B8%87\">#เพลง</a> <a href=\"https://www.youtube.com/hashtag/%E0%B9%80%E0%B8%9E%E0%B8%A5%E0%B8%87%E0%B8%AE%E0%B8%B4%E0%B8%95\">#เพลงฮิต</a></p>\r\n\r\n<p>สื่อการสอนสำหรับเด็กอนุบาล เพลง ก.ไก่ เพลง ABC เพลง นับเลข1-10 เพลง 7วัน7สี เพลง 1 ปีมี 12 เดือน เพลง ครอบครัวของฉัน เพลง ท่องสูตรคูณ เปิดให้ลูกน้อยฟังเพลินๆกันค่ะ .. ช่องเพลงเด็ก สนับสนุนพัฒนาการเด็กไทย เพื่อให้เรียนรู้เกี่ยวกับ เพลง และ สัตว์ ต่างๆ เป็ด ลิง กบ ช้าง เต่า แมงมุม เราทำเป็นเพลงออกมามากมายเพื่อให้เรียนรู้ ผ่านเพลงได้ง่าย ส่งเสริมพัฒนาการ และอารมณ์ ของเด็กไทย มีทั้งเพลงช้าง เพลงเป็ด เพลงเต่า เพลงกบเอยทำไมจึงร้อง เพลงรถไฟ เพลงแมงมุมลาย เพลงหนอนผีเสื้อ เพลงลิงเจี๊ยก เจี๊ยก และยังมี เพลงสำหรับกล่อมนอน เพลงฟังก่อนนอน เพลงกล่อมเด็กอีกด้วย ทั้งเพลง นกขมิ้นเหลืองอ่อน เพลง เจ้านกกาเหว่าเอย อีกทั้งเพลงพื้นบ้าน ก็มีให้ฟังเพื่อร่วมอนุรักษ์วัฒนธรรมพื้นบ้านสืบไป เช่น เพลงรีรี ข้าวสาร เพลงแม่งูเอ๋ย กินน้ำบ่อไหน ทั้งเด็กอนุบาล เด็กก่อนวัยเรียน เด็กปฐมวัย จะได้เรียนรู้ไปพร้อมๆกัน เพลงเด็ก ช่องเรา เป็น เพลงฮิต ที่ได้รับความนิยม เป็น เพลงเด็กอนุบาล มีทั้งเพลงไทย และเพลงสากล เรามี เพลงภาษาอังกฤษ ให้เด็กได้เรียนรู้ด้วย <a href=\"https://www.youtube.com/hashtag/%E0%B9%80%E0%B8%9E%E0%B8%A5%E0%B8%87%E0%B9%80%E0%B8%94%E0%B9%87%E0%B8%81\" target=\"\">#เพลงเด็ก</a> <a href=\"https://www.youtube.com/hashtag/%E0%B9%80%E0%B8%9E%E0%B8%A5%E0%B8%87%E0%B8%AE%E0%B8%B4%E0%B8%95\" target=\"\">#เพลงฮิต</a> <a href=\"https://www.youtube.com/hashtag/%E0%B9%80%E0%B8%9E%E0%B8%A5%E0%B8%87\" target=\"\">#เพลง</a></p>\r\n\r\n<p>&nbsp;</p>\r\n', 'Youtube', 1, '', 62, '2025-10-25 01:29:42'),
(97, 8, 'การฝึกเขียนสำหรับน้อง ป.1 ที่เพิ่งจะเปิดเทอม ครูจอยใช้วิธีค่อยๆ เขียนไปแบบช้าๆ ทีละตัว ', '1761382203_video_p1.mp4', 'cda11up', '1761380984_สื่อเด็กป1.jpg', '2:30', '<p>การฝึกเขียนสำหรับน้อง ป.1 ที่เพิ่งจะเปิดเทอม ครูจอยใช้วิธีค่อยๆ เขียนไปแบบช้าๆ ทีละตัว ให้เด็กๆ สะกดไปด้วยขณะที่เขียน นักเรียนจะได้รู้ว่ากำลังเขียนตัวอะไรอยู่ เป็นการฝึกการฟังเสียงที่ตัวเองสะกด และเขียนตามที่สะกด นักเรียนส่วนใหญ่สะกดได้แต่เขียนไม่ได้ ถ้านักเรียนใช้วิธีเกือบ จะ 100% นักเรียนจะอ่านออกและเขียนได้ แต่การอ่านออกและเขียนได้ของน้อง ป.1 ต้องอาศัยเวลาพอสมควร กว่าจะเห็นผล เพราะฉะนั้นคุณครู ป.1 อย่างเรา ต้องใจเย็นขั้นสุด สู้ไปด้วยกันนะคะ ทุกคนนน ✌🏻การฝึกเขียนสำหรับน้อง ป.1 ที่เพิ่งจะเปิดเทอม ครูจอยใช้วิธีค่อยๆ เขียนไปแบบช้าๆ ทีละตัว ให้เด็กๆ สะกดไปด้วยขณะที่เขียน นักเรียนจะได้รู้ว่ากำลังเขียนตัว</p>\r\n\r\n<p>&nbsp;</p>\r\n\r\n<p><img alt=\"\" src=\"https://scontent.frix7-1.fna.fbcdn.net/v/t15.5256-10/506086040_1263228471810272_491806737753862924_n.jpg?_nc_cat=109&amp;ccb=1-7&amp;_nc_sid=a27664&amp;_nc_ohc=_MsddF6gkCEQ7kNvwH3fzB2&amp;_nc_oc=Admh1B78XLq6oFdOtZiSow4k-zVMu0LWC5xogLYr5xB0wLpIVsMtihfk6NQjLVdQ0e0&amp;_nc_zt=23&amp;_nc_ht=scontent.frix7-1.fna&amp;_nc_gid=OKgomgjXixuTmoYWK_PKOw&amp;oh=00_Afcd3IpO4ngV_dZG4Y4tnpSi6amcevgObQOztnbE9RYbYg&amp;oe=69026E5E\" /></p>\r\n', 'Upload', 1, '20.21 MB', 22, '2025-10-25 01:50:03'),
(98, 8, '[video] สื่อการเรียน การหา ค.ร.น. ป.6 ', '1761467677_การหาครน.mp4', 'cda11up', '1761467677_การหา ครน .jpg', '04:00', '<p>&nbsp;</p>\r\n\r\n<p>การหา ค.ร.น. ป.6&nbsp;</p>\r\n\r\n<p>&nbsp;</p>\r\n\r\n<p><img src=\"https://scontent-iad3-1.xx.fbcdn.net/v/t15.5256-10/560066252_1525303448923753_474719124155118432_n.jpg?_nc_cat=108&amp;ccb=1-7&amp;_nc_sid=a27664&amp;_nc_ohc=UqRxc2V_2gsQ7kNvwHT1WsU&amp;_nc_oc=AdkYfRVVZhOTs_6SUsWLP9F7orR7Yd3p2URCg354dRb-S_-nqybXqpXtgIpftxvNAOM&amp;_nc_zt=23&amp;_nc_ht=scontent-iad3-1.xx&amp;_nc_gid=oNg9EJypXALknsvKlJXNBA&amp;oh=00_Aff_l72JTn2Ecw9IgxOB-9tRL2NL1ED34AQPtwHV_luCyg&amp;oe=6903A047\" /></p>\r\n\r\n<p>การหา <strong>ค.ร.น. (ตัวคูณร่วมน้อย)</strong> สำหรับระดับ <strong>ป.6</strong> สามารถทำได้หลายวิธีเลยครับ 😊<br />\r\nมาดูวิธีที่เข้าใจง่ายที่สุดกัน</p>\r\n\r\n<hr />\r\n<h2>💡 ความหมาย</h2>\r\n\r\n<p><strong>ค.ร.น. (ตัวคูณร่วมน้อย)</strong> คือ<br />\r\n&ldquo;<strong>ตัวเลขที่เป็นตัวคูณร่วมกันของตัวเลขสองตัวขึ้นไป และมีค่าน้อยที่สุด</strong>&rdquo;</p>\r\n\r\n<p>เช่น<br />\r\nค.ร.น. ของ 4 และ 6 คือ 12<br />\r\nเพราะ 12 เป็นตัวแรกที่ 4 กับ 6 คูณแล้วได้เหมือนกัน</p>\r\n\r\n<hr />\r\n<h2>🧮 วิธีที่ 1: การเขียนตัวคูณ</h2>\r\n\r\n<p>ตัวอย่าง: หา ค.ร.น. ของ 4 และ 6</p>\r\n\r\n<ol>\r\n	<li>\r\n	<p>เขียนตัวคูณของแต่ละจำนวน</p>\r\n\r\n	<ul>\r\n		<li>\r\n		<p>ตัวคูณของ 4 = 4, 8, 12, 16, 20, 24, &hellip;</p>\r\n		</li>\r\n		<li>\r\n		<p>ตัวคูณของ 6 = 6, 12, 18, 24, 30, &hellip;</p>\r\n		</li>\r\n	</ul>\r\n	</li>\r\n	<li>\r\n	<p>หาตัวที่ <strong>เหมือนกันและน้อยที่สุด</strong><br />\r\n	&rarr; 12</p>\r\n	</li>\r\n</ol>\r\n\r\n<p>ดังนั้น <strong>ค.ร.น. ของ 4 และ 6 คือ 12</strong></p>\r\n\r\n<hr />\r\n<h2>🧩 วิธีที่ 2: การแยกตัวประกอบเป็นจำนวนเฉพาะ</h2>\r\n\r\n<p>ตัวอย่าง: หา ค.ร.น. ของ 12 และ 18</p>\r\n\r\n<ol>\r\n	<li>\r\n	<p>แยกเป็นจำนวนเฉพาะ</p>\r\n\r\n	<ul>\r\n		<li>\r\n		<p>12 = 2 &times; 2 &times; 3 = 2&sup2; &times; 3&sup1;</p>\r\n		</li>\r\n		<li>\r\n		<p>18 = 2 &times; 3 &times; 3 = 2&sup1; &times; 3&sup2;</p>\r\n		</li>\r\n	</ul>\r\n	</li>\r\n	<li>\r\n	<p>เลือกตัวประกอบที่มีเลขชี้กำลัง <strong>มากที่สุด</strong></p>\r\n\r\n	<ul>\r\n		<li>\r\n		<p>2&sup2; และ 3&sup2;</p>\r\n		</li>\r\n	</ul>\r\n	</li>\r\n	<li>\r\n	<p>คูณกัน &rarr; 2&sup2; &times; 3&sup2; = 4 &times; 9 = <strong>36</strong></p>\r\n	</li>\r\n</ol>\r\n\r\n<p>ดังนั้น <strong>ค.ร.น. ของ 12 และ 18 คือ 36</strong></p>\r\n\r\n<hr />\r\n<h2>🧠 เคล็ดลับจำง่าย</h2>\r\n\r\n<ul>\r\n	<li>\r\n	<p>ถ้าตัวเลขไม่ใหญ่มาก &rarr; ใช้วิธี &ldquo;เขียนตัวคูณ&rdquo;</p>\r\n	</li>\r\n	<li>\r\n	<p>ถ้าตัวเลขใหญ่ &rarr; ใช้วิธี &ldquo;แยกตัวประกอบเป็นจำนวนเฉพาะ&rdquo; จะเร็วกว่า</p>\r\n	</li>\r\n</ul>\r\n\r\n<p>&nbsp;</p>\r\n\r\n<p>cr :&nbsp;<a href=\"https://web.facebook.com/profile.php?id=100003981580038&amp;sk=reels_tab&amp;__tn__=-]\" target=\"_blank\">Woon Tsk</a>&nbsp;</p>\r\n\r\n<p>link :&nbsp;<a href=\"https://web.facebook.com/reel/692122127263290\">https://web.facebook.com/reel/692122127263290</a></p>\r\n', 'Upload', 1, '31.11 MB', 6, '2025-10-26 01:34:37'),
(99, 8, '[video] สื่อการเรียน เตรียมความพร้อมก่อนเรียน เรื่อง ค่าประมาณ ป.4', '1761468717_เตรียมความพร้อมก่อนเรียน เรื่อง ค่าประมาณ ป.4 .mp4', 'cda11up', '1761468717_เตรียมความพร้อมก่อนเรียน เรื่อง ค่าประมาณ ป.4 .jpg', '04:32', '<p>เตรียมความพร้อมก่อนเรียน เรื่อง ค่าประมาณ ป.4&nbsp;</p>\r\n\r\n<p><img alt=\"\" src=\"https://scontent-iad3-1.xx.fbcdn.net/v/t15.5256-10/566802674_789750050701642_1521059814191910917_n.jpg?_nc_cat=109&amp;ccb=1-7&amp;_nc_sid=a27664&amp;_nc_ohc=agSlTT_3od0Q7kNvwGBGLin&amp;_nc_oc=AdndOYCIfhTBFmK9uTCwfimdU4mVjmMBURNm_SlqcyqdN9LiR97qDADt9reuAlnGJnQ&amp;_nc_zt=23&amp;_nc_ht=scontent-iad3-1.xx&amp;_nc_gid=ismr0iOWA8h-xkVwiV371Q&amp;oh=00_AfeOOFP6tFw_VnVwK8YufTAC0Add5UEW5KlL88stBJfJwg&amp;oe=6903AE62\" /></p>\r\n\r\n<h2>🧮 เรื่อง: ค่าประมาณ (ป.4)</h2>\r\n\r\n<h3>💡 1. ความหมายของค่าประมาณ</h3>\r\n\r\n<p><strong>ค่าประมาณ</strong> คือ &ldquo;ค่าที่ใกล้เคียงกับค่าจริง&rdquo;<br />\r\nเราใช้ค่าประมาณเมื่อไม่จำเป็นต้องรู้ค่าที่แน่นอน เช่น</p>\r\n\r\n<ul>\r\n	<li>\r\n	<p>ราคาสินค้าโดยประมาณ</p>\r\n	</li>\r\n	<li>\r\n	<p>จำนวนคนในงาน</p>\r\n	</li>\r\n	<li>\r\n	<p>ระยะทางคร่าว ๆ</p>\r\n	</li>\r\n</ul>\r\n\r\n<p>🔹 ตัวอย่าง:<br />\r\nมีคนประมาณ <strong>100 คน</strong><br />\r\n(จริง ๆ อาจจะมี 98 หรือ 102 คน ก็ได้)</p>\r\n\r\n<hr />\r\n<h3>🧠 2. การปัดเศษ (วิธีหาค่าประมาณ)</h3>\r\n\r\n<p>เราจะใช้ <strong>การปัดเศษ</strong> เพื่อหาค่าประมาณให้เป็นจำนวนเต็มหลักต่าง ๆ เช่น</p>\r\n\r\n<ul>\r\n	<li>\r\n	<p>ปัดเศษเป็น <strong>หลักหน่วย</strong></p>\r\n	</li>\r\n	<li>\r\n	<p>ปัดเศษเป็น <strong>หลักสิบ</strong></p>\r\n	</li>\r\n	<li>\r\n	<p>ปัดเศษเป็น <strong>หลักร้อย</strong></p>\r\n	</li>\r\n</ul>\r\n\r\n<hr />\r\n<h3>📏 3. วิธีปัดเศษ (หลักการง่าย ๆ)</h3>\r\n\r\n<p><strong>ดูตัวเลขถัดไปทางขวาของหลักที่ต้องการปัด</strong></p>\r\n\r\n<table>\r\n	<thead>\r\n		<tr>\r\n			<th>ตัวเลขถัดไป</th>\r\n			<th>การปัด</th>\r\n			<th>ตัวอย่าง</th>\r\n		</tr>\r\n	</thead>\r\n	<tbody>\r\n		<tr>\r\n			<td>0&ndash;4</td>\r\n			<td>ปัดทิ้ง (คงเดิม)</td>\r\n			<td>42 &rarr; ปัดเป็น 40</td>\r\n		</tr>\r\n		<tr>\r\n			<td>5&ndash;9</td>\r\n			<td>ปัดขึ้น (บวกเพิ่ม 1)</td>\r\n			<td>46 &rarr; ปัดเป็น 50</td>\r\n		</tr>\r\n	</tbody>\r\n</table>\r\n\r\n<hr />\r\n<h3>🧩 4. ตัวอย่างเพิ่มเติม</h3>\r\n\r\n<table>\r\n	<thead>\r\n		<tr>\r\n			<th>ค่าจริง</th>\r\n			<th>ปัดเป็นหลักสิบ</th>\r\n			<th>ปัดเป็นหลักร้อย</th>\r\n		</tr>\r\n	</thead>\r\n	<tbody>\r\n		<tr>\r\n			<td>37</td>\r\n			<td>40</td>\r\n			<td>0</td>\r\n		</tr>\r\n		<tr>\r\n			<td>64</td>\r\n			<td>60</td>\r\n			<td>100</td>\r\n		</tr>\r\n		<tr>\r\n			<td>128</td>\r\n			<td>130</td>\r\n			<td>100</td>\r\n		</tr>\r\n		<tr>\r\n			<td>472</td>\r\n			<td>470</td>\r\n			<td>500</td>\r\n		</tr>\r\n	</tbody>\r\n</table>\r\n\r\n<hr />\r\n<h3>🎯 5. การใช้ค่าประมาณในชีวิตประจำวัน</h3>\r\n\r\n<ul>\r\n	<li>\r\n	<p>ซื้อของโดยใช้เงินประมาณ</p>\r\n	</li>\r\n	<li>\r\n	<p>เดินทางประมาณ 10 กิโลเมตร</p>\r\n	</li>\r\n	<li>\r\n	<p>ใช้เวลาประมาณ 30 นาที</p>\r\n	</li>\r\n</ul>\r\n\r\n<hr />\r\n<h3>🌟 สรุปสั้น ๆ</h3>\r\n\r\n<blockquote>\r\n<p>&ldquo;ค่าประมาณ คือค่าที่ใกล้เคียงค่าจริง ใช้เมื่อไม่ต้องการความละเอียดมาก&rdquo;<br />\r\n&ldquo;ถ้าตัวถัดไปน้อยกว่า 5 ปัดลง, ถ้ามากกว่าหรือเท่ากับ 5 ปัดขึ้น&rdquo;</p>\r\n</blockquote>\r\n\r\n<p>cr :&nbsp;</p>\r\n\r\n<h2><a href=\"https://web.facebook.com/profile.php?id=100003981580038&amp;sk=reels_tab&amp;__tn__=-]\" target=\"_blank\">Woon Tsk</a></h2>\r\n\r\n<p>&nbsp;</p>\r\n\r\n<p>link :&nbsp;https://web.facebook.com/reel/1478742853178398</p>\r\n\r\n<p>&nbsp;</p>\r\n\r\n<p>&nbsp;</p>\r\n', 'Upload', 1, '30.67 MB', 6, '2025-10-26 01:51:57'),
(100, 1, '[video] สื่อการเรียน เทคนิคการคูณเลขสองหลักง่ายๆ', '1761469019_เทคนิคการคูณเลขสองหลักง่ายๆ.mp4', 'cda11up', '1761469019_เทคนิคการคูณเลขสองหลักง่ายๆ .jpg', '2:44', '<p>เทคนิคการคูณเลขสองหลักง่ายๆ&nbsp;</p>\r\n\r\n<p>&nbsp;</p>\r\n\r\n<p><img src=\"https://scontent.fhrk1-1.fna.fbcdn.net/v/t15.5256-10/566566526_849943994146091_6354182432462939663_n.jpg?_nc_cat=102&amp;ccb=1-7&amp;_nc_sid=a27664&amp;_nc_ohc=OzZQYvCZUOgQ7kNvwHxp-XN&amp;_nc_oc=AdlR4OkV5Cqbxrf5J8dMdG7EBY_wCQRojQeKAX6Xu0eMdWnQNE5U_c_qEmS_RGgHbZg&amp;_nc_zt=23&amp;_nc_ht=scontent.fhrk1-1.fna&amp;_nc_gid=ecYIrUDoDeAIWHO-p8PJbw&amp;oh=00_AfciIBcrxL0iqeslZuahu66IDqLY0M6rTGrcKoRBO9FsHQ&amp;oe=6903BBB6\" /></p>\r\n\r\n<p>&nbsp;</p>\r\n\r\n<p>cr :&nbsp;</p>\r\n\r\n<h2><a href=\"https://web.facebook.com/profile.php?id=100003981580038&amp;sk=reels_tab&amp;__tn__=-]\" target=\"_blank\">Woon Tsk</a></h2>\r\n\r\n<p>link :&nbsp;<a href=\"https://web.facebook.com/reel/1071917831535884\">https://web.facebook.com/reel/1071917831535884</a></p>\r\n', 'Upload', 0, '22.87 MB', 1, '2025-10-26 01:56:59'),
(101, 8, '[video] สื่อการเรียน มาทบทวนการหารสั้น ', '1761469512_[video] สื่อการเรียน มาทบทวนการหารสั้น .mp4', 'cda11up', '1761469512_[video] สื่อการเรียน มาทบทวนการหารสั้น .jpg', '04:23', '<p>[video] สื่อการเรียน มาทบทวนการหารสั้น&nbsp;</p>\r\n\r\n<p>&nbsp;</p>\r\n\r\n<p><img alt=\"\" src=\"https://scontent.frix7-1.fna.fbcdn.net/v/t15.5256-10/566524453_833086252562234_1429428476352996592_n.jpg?_nc_cat=109&amp;ccb=1-7&amp;_nc_sid=a27664&amp;_nc_ohc=eitnrZpGQZMQ7kNvwHQj-Up&amp;_nc_oc=AdnpVYtFlCHI2BOaGBX39op7bwhw25u_cuSxtQrOIj2WiFXyvKE2tQ1Fmt2O2K02B20&amp;_nc_zt=23&amp;_nc_ht=scontent.frix7-1.fna&amp;_nc_gid=ynGbkTkPOEjwOLCiqVcMYQ&amp;oh=00_AfeWY4Gui0qQ3OvWWUglu7mGWk1jhzclcy88OYhBRpD8KQ&amp;oe=6903BE22\" /></p>\r\n\r\n<p>&nbsp;</p>\r\n\r\n<p>เรื่อง <strong>&ldquo;การหารสั้น&rdquo;</strong> เป็นเนื้อหาสำคัญในคณิต ป.4&ndash;ป.5<br />\r\nครูมักให้ทบทวนก่อนเรียนเรื่องการหารยาวหรือการตรวจสอบคำตอบครับ</p>\r\n\r\n<p>นี่คือ <strong>สื่อการเรียนรู้ + สรุปทบทวนเรื่องการหารสั้น</strong> ที่เข้าใจง่ายสำหรับเด็ก ป.4 พร้อมตัวอย่างครับ 🎯</p>\r\n\r\n<hr />\r\n<h2>📘 สื่อการเรียนรู้: มาทบทวนการหารสั้น</h2>\r\n\r\n<hr />\r\n<h3>💡 1. ความหมายของ &ldquo;การหารสั้น&rdquo;</h3>\r\n\r\n<p><strong>การหารสั้น</strong> คือ การหารที่ไม่ต้องเขียนขั้นตอนยาว<br />\r\nเหมาะกับกรณีที่ <strong>ตัวตั้งมีหลักไม่มาก</strong><br />\r\nและ <strong>ตัวหารเป็นเลขหลักเดียว</strong> (เช่น 2, 3, 4, 5 ฯลฯ)</p>\r\n\r\n<hr />\r\n<h3>🔹 2. ส่วนประกอบของการหาร</h3>\r\n\r\n<table>\r\n	<thead>\r\n		<tr>\r\n			<th>คำศัพท์</th>\r\n			<th>ความหมาย</th>\r\n			<th>ตัวอย่าง (48 &divide; 4)</th>\r\n		</tr>\r\n	</thead>\r\n	<tbody>\r\n		<tr>\r\n			<td>ตัวตั้ง</td>\r\n			<td>จำนวนที่ต้องการถูกหาร</td>\r\n			<td>48</td>\r\n		</tr>\r\n		<tr>\r\n			<td>ตัวหาร</td>\r\n			<td>จำนวนที่ใช้หาร</td>\r\n			<td>4</td>\r\n		</tr>\r\n		<tr>\r\n			<td>ผลลัพธ์ (商)</td>\r\n			<td>คำตอบหลังหาร</td>\r\n			<td>12</td>\r\n		</tr>\r\n	</tbody>\r\n</table>\r\n\r\n<hr />\r\n<h3>✏️ 3. วิธีทำ &ldquo;การหารสั้น&rdquo;</h3>\r\n\r\n<p>ตัวอย่าง: 84 &divide; 4</p>\r\n\r\n<ol>\r\n	<li>\r\n	<p><strong>ดูหลักสิบก่อน</strong> &rarr; 8 &divide; 4 = 2</p>\r\n	</li>\r\n	<li>\r\n	<p><strong>เขียน 2 เป็นหลักสิบของคำตอบ</strong></p>\r\n	</li>\r\n	<li>\r\n	<p><strong>ดูหลักหน่วย</strong> &rarr; 4 &divide; 4 = 1</p>\r\n	</li>\r\n	<li>\r\n	<p><strong>เขียน 1 เป็นหลักหน่วยของคำตอบ</strong></p>\r\n	</li>\r\n</ol>\r\n\r\n<p>🟩 <strong>คำตอบคือ 21</strong></p>\r\n\r\n<hr />\r\n<h3>🔹 ตัวอย่างเพิ่มเติม</h3>\r\n\r\n<table>\r\n	<thead>\r\n		<tr>\r\n			<th>ตัวตั้ง &divide; ตัวหาร</th>\r\n			<th>วิธีคิด</th>\r\n			<th>คำตอบ</th>\r\n		</tr>\r\n	</thead>\r\n	<tbody>\r\n		<tr>\r\n			<td>63 &divide; 3</td>\r\n			<td>6 &divide; 3 = 2, 3 &divide; 3 = 1</td>\r\n			<td>21</td>\r\n		</tr>\r\n		<tr>\r\n			<td>72 &divide; 6</td>\r\n			<td>7 &divide; 6 = 1 (เหลือเศษ 1 &rarr; รวมกับ 2 = 12) &rarr; 12 &divide; 6 = 2</td>\r\n			<td>12</td>\r\n		</tr>\r\n		<tr>\r\n			<td>96 &divide; 3</td>\r\n			<td>9 &divide; 3 = 3, 6 &divide; 3 = 2</td>\r\n			<td>32</td>\r\n		</tr>\r\n		<tr>\r\n			<td>48 &divide; 8</td>\r\n			<td>4 &divide; 8 = 0 (ยืม 48 ทั้งหมด) &rarr; 48 &divide; 8 = 6</td>\r\n			<td>6</td>\r\n		</tr>\r\n	</tbody>\r\n</table>\r\n\r\n<hr />\r\n<h3>🎯 4. เคล็ดลับจำง่าย</h3>\r\n\r\n<ul>\r\n	<li>\r\n	<p>เริ่มหารจาก <strong>หลักมากไปหาหลักน้อย</strong></p>\r\n	</li>\r\n	<li>\r\n	<p>ถ้า <strong>หารไม่ลงตัว</strong> ให้ใช้เลขถัดไปช่วย</p>\r\n	</li>\r\n	<li>\r\n	<p><strong>ตรวจคำตอบได้โดยคูณกลับ</strong><br />\r\n	เช่น 21 &times; 4 = 84 ✅</p>\r\n	</li>\r\n</ul>\r\n\r\n<hr />\r\n<h3>🎨 5. สื่อภาพ (แนวคิดง่าย ๆ)</h3>\r\n\r\n<pre>\r\n\r\n&nbsp;</pre>\r\n\r\n<p><code>4 | 84 &darr; 4 &times; 21 = 84 </code></p>\r\n\r\n<p>หรือจำเป็นภาพว่า<br />\r\n&ldquo;4 คนแบ่งขนม 84 ชิ้น &rarr; คนละ 21 ชิ้นเท่ากัน&rdquo;</p>\r\n\r\n<p>&nbsp;</p>\r\n\r\n<p>cr :&nbsp;<a href=\"https://web.facebook.com/profile.php?id=100003981580038&amp;sk=reels_tab&amp;__tn__=-]\" target=\"_blank\">Woon Tsk</a></p>\r\n\r\n<p>link :&nbsp;https://web.facebook.com/reel/695849920218548</p>\r\n', 'Upload', 1, '25.26 MB', 22, '2025-10-26 02:05:12'),
(102, 8, '[video] เรียนรู้พยัญชนะและสระ - สื่อการเรียนการสอน ภาษาไทย ป.1', 'https://www.youtube.com/watch?v=mDGOvJ-RFuA', 'mDGOvJ-RFuA', '1761471804_[video] เรียนรู้พยัญชนะและสระ - สื่อการเรียนการสอน ภาษาไทย ป.1', '12.29', '<p><img alt=\"\" src=\"https://i.ytimg.com/vi/mDGOvJ-RFuA/hqdefault.jpg\" /></p>\r\n\r\n<p>[video] เรียนรู้พยัญชนะและสระ - สื่อการเรียนการสอน ภาษาไทย ป.1</p>\r\n\r\n<p>&nbsp;</p>\r\n\r\n<p>cr :&nbsp;</p>\r\n\r\n<h1>เรียนรู้พยัญชนะและสระ - สื่อการเรียนการสอน ภาษาไทย ป.1</h1>\r\n\r\n<p><a href=\"https://www.youtube.com/@%E0%B8%84%E0%B8%A3%E0%B8%B9%E0%B9%82%E0%B8%AD%E0%B9%8B%E0%B8%AA%E0%B8%B7%E0%B9%88%E0%B8%AD%E0%B8%81%E0%B8%B2%E0%B8%A3%E0%B9%80%E0%B8%A3%E0%B8%B5%E0%B8%A2%E0%B8%99%E0%B8%81%E0%B8%B2%E0%B8%A3%E0%B8%AA%E0%B8%AD%E0%B8%99\"><img alt=\"\" src=\"https://yt3.ggpht.com/ytc/AIdro_lUme-SWUIrKIHuJ_ZnCCdwrXPNtIWd19QesoGKVX6Sh4c=s88-c-k-c0x00ffffff-no-rj\" style=\"width:40px\" /></a></p>\r\n\r\n<p><a href=\"https://www.youtube.com/@%E0%B8%84%E0%B8%A3%E0%B8%B9%E0%B9%82%E0%B8%AD%E0%B9%8B%E0%B8%AA%E0%B8%B7%E0%B9%88%E0%B8%AD%E0%B8%81%E0%B8%B2%E0%B8%A3%E0%B9%80%E0%B8%A3%E0%B8%B5%E0%B8%A2%E0%B8%99%E0%B8%81%E0%B8%B2%E0%B8%A3%E0%B8%AA%E0%B8%AD%E0%B8%99\">ครูโอ๋ สื่อการเรียนการสอน</a></p>\r\n\r\n<p>&nbsp;</p>\r\n\r\n<p>link :&nbsp;<a href=\"https://www.youtube.com/watch?v=mDGOvJ-RFuA\">https://www.youtube.com/watch?v=mDGOvJ-RFuA</a></p>\r\n\r\n<p>&nbsp;</p>\r\n', 'Youtube', 1, '', 8, '2025-10-26 02:43:24');
INSERT INTO `tbl_gallery` (`id`, `cat_id`, `video_title`, `video_url`, `video_id`, `video_thumbnail`, `video_duration`, `video_description`, `video_type`, `video_status`, `size`, `total_views`, `date_time`) VALUES
(103, 7, 'บอกลา VScode! ใช้ Google Antigravity ให้ AI เป็นลูกน้อง เขียนโค้ดโคตรเทพ! ', 'https://www.youtube.com/watch?v=CmPvaKibA6o', 'CmPvaKibA6o', '1763883783_บอกลา VScode! ใช้ Google Antigravity ให้ AI.jpg', '18:35', '<h1>บอกลา VScode! ใช้ Google Antigravity ให้ AI เป็นลูกน้อง เขียนโค้ดโคตรเทพ!&nbsp;</h1>\r\n\r\n<p>&nbsp;</p>\r\n\r\n<h1>บอกลา VScode! ใช้ Google Antigravity ให้ AI เป็นลูกน้อง เขียนโค้ดโคตรเทพ! 👨&zwj;💻💯</h1>\r\n\r\n<p><img src=\"https://i.ytimg.com/vi/CmPvaKibA6o/hqdefault.jpg\" /></p>\r\n\r\n<p>cr :&nbsp;<a href=\"https://www.youtube.com/@MilerDev\"><img alt=\"\" src=\"https://yt3.ggpht.com/TB-vi3ODEvKAyK1162pYgR6yX4-7JvqlJx8L38Y26lM5ac3G30CtQueiIqSFt6vlwrh4LmOtDQ=s88-c-k-c0x00ffffff-no-rj\" style=\"width:40px\" /></a></p>\r\n\r\n<p><a href=\"https://www.youtube.com/@MilerDev\">MilerDev</a></p>\r\n\r\n<p>&nbsp;</p>\r\n', 'Youtube', 1, '', 0, '2025-11-23 00:43:03'),
(104, 6, ' เพลง ก เอ๋ย ก ไก่ แบบดั้งเดิม | พยัญชนะไทย | ท่อง ก ไก่ | Thai Alphabet Song', 'https://www.youtube.com/watch?v=1Tk-x5KHJFI', '1Tk-x5KHJFI', '1764226242_เพลง ก เอ๋ย ก ไก่ แบบดั้งเดิม - พยัญชนะไทย.jpg', '6:39', '<p>&nbsp;</p>\r\n\r\n<p><br />\r\nเพลง ก เอ๋ย ก ไก่ แบบดั้งเดิม พร้อมการ์ตูนน่ารัก หลังจบเพลงมีการอ่านทวนเพื่อให้น้องๆ ท่องตามพร้อมๆ กันค่ะ&nbsp;<br />\r\nLet Learn Thai Alphabet With Thai Alphabet Song. Sing Thai Alphabet With Us :&nbsp;<br />\r\nCC Support : English Translation</p>\r\n\r\n<p>ก เอ๋ย ก ไก่ (Gor oei Gor gai)&nbsp;<br />\r\nข ไข่ ในเล้า (Kor kai Nai lao)<br />\r\nฃ ฃวด ของเรา (Kor khuat Khong rao)&nbsp;<br />\r\nค ควาย เข้านา (Kor kwai Khao na)<br />\r\nฅ ฅนขึงขึง (Kor khon Kheung Khang)<br />\r\nฆ ระฆัง ข้างฝา (Kor rakang Khang fha)<br />\r\nง งู ใจกล้า (Ngor ngoo Jai gla)<br />\r\nจ จาน ใช้ดี (Jor jan Chai dee)<br />\r\nฉ ฉิ่ง ตีดัง (Chor ching Thee dung)<br />\r\nช ช้าง วิ่งหนี (Chor chang wing nee)<br />\r\nซ โซ่ ล่ามที (Sor soh Lam thee)<br />\r\nฌ เฌอ คู่กัน (Chor cher Khu gun)<br />\r\nญ หญิง โสภา (Yor ying Soh pha)<br />\r\nฎ ชฎา สวมพลัน (Dor chada Suam phlan)<br />\r\nฏ ปฏัก หุนหัน (Tor pa tak Hoon hun)<br />\r\nฐ ฐาน เข้ามารอง (Tho than Khao ma rong)<br />\r\nฑ มณโฑ หน้าขาว (Tho mon toh Na khao)<br />\r\nฒ ผู้เฒ่า เดินย่อง (Tho phu thao Dern young)<br />\r\nณ เณร ไม่มอง (Nor nen Mai mong)<br />\r\nด เด็ก ต้องนิมันต์ (Dor dek Tong ni mhon)<br />\r\nต เต่า หลังตุง (Tor tao Lung tung)<br />\r\nถ แบกขน (Tho thung Baek khon)<br />\r\nท ทหาร อดทน (Tor tahan Ot thon)<br />\r\nธ ธง คนนิยม (Tor tong Khon ni yom)<br />\r\nน หนู ขวักไขว่ (Nor noo khwak khwai)<br />\r\nบ ใบไม้ ทับถม (Bor bai mai Thup thom)<br />\r\nป ปลา ตากลม (Por pla Ta glom)<br />\r\nผ ผึ้ง ทำรัง (Pho phueng Thum rung)<br />\r\nฝ ฝา ทนทาน (Foh fha Thon than)<br />\r\nพ พาน วางตั้ง (Por phan Wang tung)<br />\r\nฟ ฟัน สะอาดจัง (For fun Sa ard jung)<br />\r\nภ สำเภา กางใบ (Por sam pao Gang bai)<br />\r\nม ม้า คึกคัก (Mor mah Kheug khug)<br />\r\nย ยักษ์ เขี้ยวใหญ่ (Yor uak kheaw yai)<br />\r\nร เรือ ภายไป (Ror Ruea Pie phai)<br />\r\nล ลิง ไต่ราว (Lor ling Tai row)&nbsp;<br />\r\nว แหวน ลงยา (Wor waen Lhong ya)<br />\r\nศ ศาลา เงียบเหงา (Sor sa la Ngeap ngao)<br />\r\nษ ฤาษี หนวดยาว (Sor rue see Nuat yow)<br />\r\nส เสือ ดาวคะนอง (Sor suea Dow ka nong)<br />\r\nห หีบ ใส่ผ้า (Hor heep Sai pha)<br />\r\nฬ จุฬา ท่าผยอง (Lor ju la Tha pha young)<br />\r\nอ อ่าง เนืองนอง (Or ang Nueang nong)<br />\r\nฮ นกฮูก ตาโต (Hor nok hook Ta toh)</p>\r\n\r\n<p>น้องๆ ทราบไหมคะ ว่า ก เอ๋ย ก ไก่ - ฮ นกฮูกตาโต ในแบบ ที่เราท่องนี้ เป็นของ บริษัท ประชาช่าง จำกัด จัดพิมพ์เป็นหนังสือขึ้นมาครั้งแรก ตั้งแต่ปี พ.ศ. 2490 มีมาตั้งแต่ 68 ปีเลยนะคะ ส่วนชื่อของผู้แต่งนั้น ยังไม่มีใครทราบ ซึ่ง แบบเรียน ก ไก่ แบบดั้งเดิมนี้ เป็นกลอน ก ไก่ แบบที่นิยมของคนไทยมากที่สุดค่ะ&nbsp;</p>\r\n\r\n<p>ขับร้องโดย : เส้นอูด้ง<br />\r\nสงวนลิขสิทธิ์ ภาพและเพลงใช้เพื่อเป็นสื่อการสอนเท่านั้น ห้ามคัดลอก ดัดแปลง ทำซ้ำ หรือใช้ในเชิงพาณิชย์&nbsp;<br />\r\nFor Education Only Non Commercial.&nbsp;<br />\r\nกดติดตาม SUBSCRIBE<br />\r\nhttps://goo.gl/y0ye6l</p>\r\n\r\n<p>&nbsp;</p>\r\n\r\n<p>Cr :&nbsp;<a href=\"https://www.youtube.com/@HappyKid.Network\"><img alt=\"\" src=\"https://yt3.ggpht.com/c1vKsILiXuGh8fHXvcl-lHbEidLhhWChOiQWfNGW9YAxST2JqYia2O-2R3XrM6_vz49-oPR00g=s48-c-k-c0x00ffffff-no-rj\" style=\"width:40px\" /></a></p>\r\n\r\n<p><a href=\"https://www.youtube.com/@HappyKid.Network\">HappyKid</a></p>\r\n\r\n<p>ผู้ติดตาม 1.67 ล้าน คน</p>\r\n\r\n<p>&nbsp;</p>\r\n', 'Youtube', 1, '', 50, '2025-11-26 23:50:42'),
(105, 6, ' ฝึกท่อง ก-ฮ 3 รอบ | ฝึกอ่านออกเสียงพยัญชนะไทยเพื่อผสมคำ 44 ตัว,พยัญชนะไทย ,Thai alphabet,', 'https://www.youtube.com/watch?v=QYIOk8JgqWU', 'QYIOk8JgqWU', '1764227306_ฝึกท่อง ก-ฮ 3 รอบ ฝึกอ่านออกเสียงพยัญชนะไทยเพื่อผสมคำ 44 ตัว,พยัญชนะไทย ,Thai alphabet,.jpg', '6:51', '<p>ฝึกอ่าน ก.ไก่ ฝึกอ่าน ก.ไก่, ฝึกอ่านออกเสียงพยัญชนะไทยเพื่อผสมคำ 44 ตัว,พยัญชนะไทย ,Thai alphabet, ✨ แจกฟรี! ใบงานอนุบาล (PDF) เหมาะกับเด็กอายุ 3&ndash;7 ปี ใช้ประกอบการเเรียนรู้ 💛 ✅ โหลดฟรีทันที เพียงกรอกอีเมลของคุณ 📥 เหมาะสำหรับ: 👩&zwj;🏫 คุณครู 👨&zwj;👩&zwj;👧&zwj;👦 คุณพ่อคุณแม่ที่สอนลูกเอง 📚 ผู้เริ่มต้นสอนลูกในระดับอนุบาล fb:ใบงานอนุบาล ใบงานปฐมวัย by Smart Kids <a href=\"https://www.youtube.com/redirect?event=video_description&amp;redir_token=QUFFLUhqbmNzWkh5bGR4M2xzenIwVmR5ME1Bc2plYjRId3xBQ3Jtc0tuckZSOWhTdEZiV0xURTRBWEF2LTBZdGdGYm1KVGVxRkFyb3NzS0tXeFcweDVYUmlmbFBfakJxN0hxM1JtQzhUQW9Mdm1WdFdVdndtOE1iSkF6T0JySXRIUHJ1dGQzeGQ2Z2ViTUk5TXRHV1JwMmpfUQ&amp;q=https%3A%2F%2Fwww.facebook.com%2Fprofile.php%3Fid%3D61556098967174&amp;v=QYIOk8JgqWU\" target=\"_blank\">https://www.facebook.com/profile.php?...</a></p>\r\n\r\n<p>&nbsp;</p>\r\n\r\n<p>cr :&nbsp;<a href=\"https://www.youtube.com/@bySmartKids-yy3se\"><img alt=\"\" src=\"https://yt3.ggpht.com/jDsVIVIds9-DLhmZx6aN1OEs8-tpeVcKmRzjE5mQKP-05LxFVS2aLdBvJpNoVIqsdhcdKYd8C20=s48-c-k-c0x00ffffff-no-rj\" style=\"width:40px\" /></a></p>\r\n\r\n<p><a href=\"https://www.youtube.com/@bySmartKids-yy3se\">Smart Kids Thailand</a></p>\r\n\r\n<p>ผู้ติดตาม 4.15 พัน คน</p>\r\n', 'Youtube', 1, '', 45, '2025-11-27 00:08:26'),
(106, 6, 'EP1 *ใหม่* ฝึกอ่าน ก เอ๋ย ก ไก่ - ฮ นกฮูก ตาโต 44 พยัญชนะไทย ~ Thai Alphabets ** New Version **', 'https://www.youtube.com/watch?v=k_Xok3td7m0', 'k_Xok3td7m0', '1764694811_EP1 ใหม่ ฝึกอ่าน ก เอ๋ย ก ไก่.jpg', '4:26', '<h1>EP1 *ใหม่* ฝึกอ่าน ก เอ๋ย ก ไก่ - ฮ นกฮูก ตาโต 44 พยัญชนะไทย ~ Thai Alphabets ** New Version **</h1>\r\n\r\n<p><img alt=\"\" src=\"https://i.ytimg.com/vi/k_Xok3td7m0/hqdefault.jpg\" /></p>\r\n\r\n<p>&nbsp;</p>\r\n\r\n<p><strong>ใหม่</strong> วีดีโอนี้ สำหรับฝึกอ่านพยัญชนะไทย ทั้ง 44 ตัว ตั้งแต่ ก.เอ๋ย ก.ไก่ ถึง ฮ.นกฮูก ตาโต ภาพได้ถูกคัดเลือกมาให้น่าสนใจ จำง่าย และ สามารถปรับใช้ในชีวิตประจำวันค่ะ</p>\r\n\r\n<p>&nbsp;</p>\r\n\r\n<p>** ฝึกอ่านเพิ่มเติม **</p>\r\n\r\n<p>อ่านออกเสียง พยัญชนะไทย ก ไก่ อ่านว่า กอ <a href=\"https://www.youtube.com/watch?v=GLY2BFdkemg\">&nbsp;&nbsp;</a></p>\r\n\r\n<p>&nbsp;</p>\r\n\r\n<p><a href=\"https://www.youtube.com/watch?v=GLY2BFdkemg\">&nbsp;&bull;&nbsp;EP2&nbsp;*ใหม่*&nbsp;ฝึกอ่าน&nbsp;ก&nbsp;ไก่&nbsp;อ่านว่า&nbsp;กอ&nbsp;รวดเดี...&nbsp;&nbsp;</a></p>\r\n\r\n<p>สระในภาษาไทย <a href=\"https://www.youtube.com/watch?v=M_1zVMihtIE\">&nbsp;&nbsp;</a></p>\r\n\r\n<p>&nbsp;</p>\r\n\r\n<p><a href=\"https://www.youtube.com/watch?v=M_1zVMihtIE\">&nbsp;&bull;&nbsp;EP3&nbsp;สระภาษาไทย&nbsp;32&nbsp;เสียง&nbsp;พร้อมตัวอย่างคำและ...&nbsp;&nbsp;</a></p>\r\n\r\n<p>&nbsp;</p>\r\n\r\n<p>** วีดีโอ ภาพสวย ๆ ได้ความรู้สัตว์โลกน่ารัก ๆ **</p>\r\n\r\n<p>สัตว์เลี้ยงลูกด้วยนม <a href=\"https://www.youtube.com/watch?v=2z2pMQB41bw\">&nbsp;&nbsp;</a></p>\r\n\r\n<p>&nbsp;</p>\r\n\r\n<p><a href=\"https://www.youtube.com/watch?v=2z2pMQB41bw\">&nbsp;&bull;&nbsp;สัตว์โลกน่ารู้&nbsp;EP&nbsp;1&nbsp;สัตว์เลี้ยงลูกด้วยนม&nbsp;ภ...&nbsp;&nbsp;</a></p>\r\n\r\n<p>&nbsp;</p>\r\n\r\n<p>ถ้าอยากให้ทำ วีดีโอเนื้อหาอะไรเพิ่ม email มาได้เลยที่ hello@thaikids.club นะคะ</p>\r\n\r\n<p>&nbsp;</p>\r\n\r\n<p>ขอบคุณที่ติดตามรับชมค่ะ :)</p>\r\n\r\n<p>&nbsp;</p>\r\n\r\n<p>&nbsp;</p>\r\n\r\n<p><strong>* New Version*</strong> This video is a guided reading of 44 consonants in the Thai Alphabet, great for kids (or anyone) to follow along.&nbsp; Each consonant is linked to a guided word, i.e. gaw gai is linked to the word &quot;gai&quot; in Thai which means chicken, and haw nok-hoog is linked to the word &quot;nok-hoog&quot; for owl.&nbsp; The visuals are selected to aid visualisation of the consonant to help create association as well as linking the guide words to usage in daily life.</p>\r\n\r\n<p>&nbsp;</p>\r\n\r\n<p>** More Practice **</p>\r\n\r\n<p>Thai Alphabet phonics <a href=\"https://www.youtube.com/watch?v=GLY2BFdkemg\">&nbsp;&nbsp;</a></p>\r\n\r\n<p>&nbsp;</p>\r\n\r\n<p><a href=\"https://www.youtube.com/watch?v=GLY2BFdkemg\">&nbsp;&bull;&nbsp;EP2&nbsp;*ใหม่*&nbsp;ฝึกอ่าน&nbsp;ก&nbsp;ไก่&nbsp;อ่านว่า&nbsp;กอ&nbsp;รวดเดี...&nbsp;&nbsp;</a></p>\r\n\r\n<p>Thai Vowels <a href=\"https://www.youtube.com/watch?v=M_1zVMihtIE\">&nbsp;&nbsp;</a></p>\r\n\r\n<p>&nbsp;</p>\r\n\r\n<p><a href=\"https://www.youtube.com/watch?v=M_1zVMihtIE\">&nbsp;&bull;&nbsp;EP3&nbsp;สระภาษาไทย&nbsp;32&nbsp;เสียง&nbsp;พร้อมตัวอย่างคำและ...&nbsp;&nbsp;</a></p>\r\n\r\n<p>&nbsp;</p>\r\n\r\n<p>** More engaging videos learning about animals **</p>\r\n\r\n<p>Mammals <a href=\"https://www.youtube.com/watch?v=2z2pMQB41bw\">&nbsp;&nbsp;</a></p>\r\n\r\n<p>&nbsp;</p>\r\n\r\n<p><a href=\"https://www.youtube.com/watch?v=2z2pMQB41bw\">&nbsp;&bull;&nbsp;สัตว์โลกน่ารู้&nbsp;EP&nbsp;1&nbsp;สัตว์เลี้ยงลูกด้วยนม&nbsp;ภ...&nbsp;&nbsp;</a></p>\r\n\r\n<p>&nbsp;</p>\r\n\r\n<p>If you&#39;d like to see more videos or suggest a topic you&#39;d like to see or learn, please feel free to reach out to hello@thaikids.club.</p>\r\n\r\n<p>&nbsp;</p>\r\n\r\n<p>Thank you for watching :)</p>\r\n', 'Youtube', 1, '', 0, '2025-12-02 10:00:11');
INSERT INTO `tbl_gallery` (`id`, `cat_id`, `video_title`, `video_url`, `video_id`, `video_thumbnail`, `video_duration`, `video_description`, `video_type`, `video_status`, `size`, `total_views`, `date_time`) VALUES
(107, 6, '[FB] ป.1 สอนแต่งประโยค ประธาน กริยา กรรม', '1765471470_ประโยค RT เทคนิคดีๆค่า v2.mp4', 'cda11up', '1765471470_ประโยค RT เทคนิคดีๆค่า pic.jpg', '5:19', '<p>[FB] ป.1 สอนแต่งประโยค ประธาน กริยา กรรม</p>\r\n\r\n<p><img alt=\"\" src=\"data:image/jpeg;base64,/9j//gAQTGF2YzYxLjE5LjEwMAD/2wBDAAgEBAQEBAUFBQUFBQYGBgYGBgYGBgYGBgYHBwcICAgHBwcGBgcHCAgICAkJCQgICAgJCQoKCgwMCwsODg4RERT/xADqAAAABwEBAAAAAAAAAAAAAAAABgUDBAIBBwgBAAMBAQEBAAAAAAAAAAAAAAABAgMEBQYQAAECBAMEBQYHBg0PCQUECwECAwARBQQGIRJBEzEHUSJhFHEykYGhsQgVQnLB0VIjYhYzk5KCwvAX4YOyQ2NTRKIk0lY3lJWzJTS00xhUVXN0dbXV1OLxNTajRWQmdsWEpGXDRuPllieGOLaFxMalEQACAQIEAwUFBAkCBAYCAwEAAQIDETESIQRBE1GBkWFxBRRSMqEiI7FC8FMGctHhFWIzwfE0JJKCQyWyc2M1ouIWREXSNv/AABEIBQAC0AMBIgACEQADEQD/2gAMAwEAAhEDEQA/ADY3y4w6zLeO2Qlt3+f8hMS2sJYLtx13WjKWQW6oej7Ie2IgpN+5xRV1T+4bbEvziOiLpoF8c+61Ez+vdto26virO0zjxPZt1I9HnL3oonJpuDLbyUJX+xrV5tTqYs4/hRtPkup+QwwgcOkgnhEFOGLtY/wJH7LeOK4fJSYcRhK72WtNR0zU657UiF7DuJBzrf8Ael5XQ/8AD2GbcHS28qX13WB6tHsjFYuoaJabNtXyngr40viJG31QG8J3IA69ORn8W1J/bOCHUYXdHG8Qn/Z2rY9pMopelzljb8+YPcR/SS7/ANxGVje0GTVPtz+wuL2y6PT4QBje/wD3GwCfkWqu3pETU4ZQPKv7s/J3KfY3DicN2Xxn7xfi+oftJQ16PbFoj2il1k+1iWrF2IV+Ravp/YGk7OlRG3L1w27XcS3Da0uNLIUCkhbjaEEEcCAeHGYhaGHKUDm24v5Tzp/RxdNDpKZfzRk/KTq9s4a9Hp3Wq0E69FfhXcE5SLhVStlvttIHkJ0OpcVkoKkvh8USGUGqmNndCJIsLJk9S2YR0ENJHzQ4ABkAB4R1UqSpKyIqVVO1kYERaUbAiyMzMlGSi2sQPRBoGpSQ6PbFs42UZMCDQLmEQMoGXTGygsK7MEW4eaK9XgB6zGwAbAht13dyJ4bez6YslaVJCk5gwhlwYEYI2KDXqCUCUARsArszSYEovAlABQ8YATnFiBGQDuzJRso1MaAIAuysuyARFyBGcIVg1KSzjRFtInGgQC18gRmnONgThDBKKmUW2RgGUUxFCmK6M+EocUQIqIQXZkACZhPxPWvvdpDt/uQ/oUhGgrKB11SnkD2QUHucNQbV9nYWvRmtxWzsAjOpXhSaUuOpnuN5t9s0qs8reB0FBlKfTDk0xzBznBiNYOlq0a7Q2o/toiOc1MWr/jqUZjyW2R+hgdeP4Yzl5Ix/nOyX479h1qMnHHLnHOLr8AC+vswZ7rX1ujJKZD0GGFVDF1x1d7Vlzl/DZ+ciHCpWlhRqdqt/kiXrm2WEKkvJHZlvtIM1LbR8pSR7ZQw5WqOwPtL6yRx4vtj9FHHTScT3HlMXR7XHkj9s4YsnCuIHPKQ2n5b4PsBhqnupf9q3m/4Cfri4UZfnsOrPYwwuz+EqloNvVd1ftQYiPcxMHs8amg/IbdV+gEc5TgiqufhHrVCflLUfYIcTgG5Pl3zcvuWifauK9n3bXwxiS/WpvCl8w8v81sIs8Hrhz5DR+ciIj3OHDafwdverPyUpHzwVUYEYT+EvXj2IQke2cPIwLS5dZ67X+elPsTD9i3TxlD89pL9Z3FtIQQtvc5qcPIpzyjxzdT8yIbPOlrZSVfjv/wBHCajBVDRxbdV4vOfMRDqMKUFv+KBXylrV7VQew1njVt5ImXq+7fGC7P4khXOl34tNZHynVH2AQ0vnXUdljZDxWr6YCcP0VPk2TA8W5+0Q4KRSkcLK2/FJ+iH/AC6X6d9xL9T3nvruGTzmq6uFtYAfnH9FGDnDW1cGrAeKFfrxLFhZJ8m3ZH7Gn6IsLa3HBtsfmiD+Xv8ATS7kL+Yb39N8kQv1Xa4f4vZHwSr6YsObtf2W1mf2JyJobRsQnzCLaOwQfy+X6aXyF7dvf0//ANUQv1W8SHhZWvD+AdjP1UsUOHKyY9Fu6fnhQCOwQO7p6BA/T7Y1pdlgW/3v6d/8qE5fMXGbgki10berZqPDxG2LU3mXiF6rW1tcuthKn20OJ3KEkDUApJOmYhRDP6ZmCbezYxY7l/HUq8+kxluNo6cM0as27j9r3qalzm9V+Gx15u/YcOR8DLjDySDnCZT9CtJIB4eiFFKgEgQQPYWsUx4SnFiBnFG5E5w4ZRQFQkRugRsoEAGFMVlDkZAO7KaDGhJi0CDsF2mSMYUmLwIYreLKaYzTF5RkoAKygSi0owiACumM0xcJjdPZBlHcppgRfRA0CCyDUpAi2iM0wxF5wIjLqdgjyry2Eul1v+lDD2IqI1muo2o8F6v2sTzIRxa+RHOj70e8mzzjCYR3sc4aZyN9q+Q06R59EML5jYcQfwlwv5LJ+eUS9zRX4495D3W3jjVgv+pBgi0Fk8zsPzkG7kz+slKf0UMOc1aWnyLVz852XsSYl7zb++uwl+o7KNvtoPtQbZo2w2H3JnS2mWyajM/yYJr3Nxgfg7Jv851Z/wDwojq5uuz6lpbz7S6foge+oe8+5/uJ/m2xjjUTD4gqJmoJHhM+2LFSRHPHeblTHBi1T+xqPtVDZ5s1dYkA0nwaR+iML2+m8FLuF/OdivxX/wClnQ1mZiqshHOjzRrilT3oTw4NMf0YZe5j4kcyTeFIPYwn/wDCPthPfQf4KncL+ebJe8+w6UFCNnHLFY+xJ/rB2XQFNf0YDWOK++c6m+nMjy05eZk+aD2xPTlVO4X8+2nu1H5I6lKBvpZATjl68VV4Nk/DNyTx0hRPm0oTDDmLcVzOm+vl8JEB3+jFe0t/9qp3Cj69tX+Cr3HV9aj+kwJk7D645L99mMD/ABuo+Z76IH31YwP8bqfme/owc+X6GXcg/n239yp3HWxP9IMDSpWxXrjkf3wYwV+7VX/z/ni6axjBX7pVj+M+mHzqn6Gfd/EP57Q/R1P+U6yGiNh8xgTTtMvEyjlAusaP5f31V8twgfylQHrTFjTDtzcJuWmUIKlqcdSrLsBcJglVrWuqMu0H65Sa0pVH2fxOrpdaJkHWyfq6hM+uHAnKcciwtV7xuuWziFLcUgLUJnqzIlM+eOn2F9c3LKd6UzlsEuPGKoVZVYtuGTWxvst5HewlJRccrtqTRKL6RKGkKyh0KyizcrpgaTF5QJZwAVSkgxaNjOMAFVRWHCmM0wAVTGkmN0wCmAATEuMCcYnjGmRgAGoQIyUbwhAbGgRUGcWgBAjFTi0soxQgGNODOMzEa6DOKkkQCEDmQ2X8MXjY4zZI9DiTHPsMUpFQqjzN6neIDJcQMx1gQDLTI7Y6LjpJ+92+P1W9f5KkwQsJOzrkp/xd0ftTGVRw9opykr8F3nl+vR+3oO173XzQtIw3RmpSs2D4p1H+UTDiKbZM+RbMp8EJHzRKnAnHdC3uo5nGMOCGd0lIySB4SgBHhDsCUUkkK7Y3KARDkh0RikwxFIyHNEZu4B2Y3AlD7Nq48rShJUegCAu3UgyKSPGEvMMsrXtoMZxkjD4aAjN3BcBqRgaYf0g7IAahcwLXGQ2Y0NGH9AjZARMqviUooa3cAIhRs6S5dsl3YAZfdEQwWSDKQiHuYp20LW3qOMZ5XaWBHCIuEAQ4psoEyJRgAO2cR7Tf/UpUJe6yu7gi4lBZxNcqHEPNLHpSkwe09aCNjlGjEbp+u0yr1S+aFUm5U3pgRW0ivNHSaQ6VNNq+slJ9UKzR1eaEHDit9TrNWYmwg/yRC9b8Mz5oiOCPZoyvRg/6UPJyEWzgJTMReUMoyLCMlKNgAEoECcZnAAI2MjYAMjYwxogAGcCAIENK4AipGcWgQAYOMbKAIEAAlAlGwIdhXMgRsCUAzjAp1eUZi2f2cS0g/wB0n54cbotdUJqZCOPlut+jJM4M0lbYEvTB/Ktu8cz7WeAqKX4p/wDMF8YcrCgD/Np/dLcPDwTGnClRWQVXTCemTale1wQYUiBp7DDj6XtF+EXs9OPvPzYgjCbnxrv8lkfOsxowg1tuX/QltPtBhdCOz1S+eLaJ/Fil6fs4/wDbiHKo+78xA+820V5T10rxWkexIiyMH0xPFL6vF5wewiF8My4JjC19zFra0I4U49w8lL3EIycKUgfuE/lOOq9qocRhmkJ4WjJ8Uz9sKu6Jjd0eyKW3pL8Ee4eWHuoT00GlolKztx+xgQ63Sqcgf4MwPzBErcnpEbuhLyh6vpg5VPgl3DtFfhiR02NinyWGvQkQN0ykZNIH5sPKbHT64opGWRg5cOgZvBDcyOASIzrdkX0Rujsh8uPQM/gu5fuG9EZuzDukxuicPInwXcLmeH3fuG0tgbIulPQItojQCOEHLXRBzPBdyLoURLKIWLLtYw5Uc+KEo/LcSPZEyUJeNzow66OGt9lHr1fNE1YpU5PogdWVnhqn9wi4HYL9QeMp6G0D8pX60dQpn4IS9PmjnPLpvrXSyOK2h5go/PHRafPdCR2/NHJS0gej6HG20v1m2Tmzl5ocyMoaCVDOcPNpn5os7DZiNnOAEifCN05wAzIEbKBKADIEAwIAujTGZQIEoANyjCicaI2UIZWUDTGygSh3CxWNEAxogEaIBEDOMmYAKuQ0YcUTDauEJjQkYwTrw7VBx/mrh9QMc5wp/wB/t9rbw/kR0nFSdVBqYH+iv/tY5phQyr9tlxQ4P/LMZVv7lH9o8v17+9t/N/4DfDjVq89+DQpXhFQnUQIM7CG7OxmkAaG58I66lblpWWPj/Az2u19qqO7skrthe+CL/P8Am6/NDLls8yZLQpPiIUPvhvUPcQU9EhCxu2KrZJUpA66eyYPYYl16kLOUdH0LhsaFZyjTqPNFXs1a4W7ewuLoTaQVCG3mnGHFIcBChkRBjoDIaZeQPiuqT5oScRJlU3jwBl7IqG4z1ctrE1tiqW25ubXNaxGsbN69d3bYmePYPGJr2G71porGl3SJkJy+eJOE20hFwv400CfZnOFUpTa71xTpkrrSURJO3KJrV5wq5Y4Guz9PpVtvzJt3eH+ojYZSd64go6OtLhKcTLih2riluOLKQok9EozDmlSro8ZuT88Vrl5dMPhtuZCkABPTnESlJ1bXsaUadGGzbmsyUmNppVDUrTvpmfTFL/DQQ0py2JXIEhJ4eqKChVF37SQSSJgTAi7lUqFNZS0631gJBRznnD+04VLviiEtu1LmUHCLwlYTqfYPXzu6GwTUeiFVdHplkyFXC1K9PE9ghvDHXubhWXCcZix1KHWUkyAQTn49sOo5SqRhexNGlQhtqldxz5dFfAcZsaLeHS1qChwmSCemU5xEqlGXYyWk6myZT4EHoP0xAsK5T7O6bdXcICUqGrOavDKJlWx1Qn7ZTCFlU8wdJy8wgltq8JLLGcuy4Rq7KvRnmyU5LWNuIr0G3KLJKiZ6zMCRy88Vur23amWUs6gpQWFIzOfrhLsOYWHLSzbbW4+VIEiEtE7emcohN49oLdw86u1untSlFAIQBKfaqF7FuZSdqU+5mq3m3pbWnFVKbfnh4iyKzqV12Gj6JfNEm9p1tdWm9QhKFaN4CB2Tgq1XHtPu0p7vTltqBnNS0yI6MkwHeaNwbLu7VObQdG71qcJ9OSRFr0vd2uqcu0iHqW2jKUatWElbSyJhEtsEnmIk/DbKwPKtkfyVrie/jCotIKw0yZHgrVCXf371fukOXLNrrbbUAftAJT4S3kVX2stuss/pcrW7DnhF7xT5WttLh7wa6FUSwVP9wbHmEGS1HVTLOfCOaWNbq9Os0tMXDTbTLZ0JS2DkJkATMQlY4xEu/Va/CjxbK1pASoIlIT+LKMYUZSlGC1u8tz0qVX2baRzq+SGvYjsMiIxd1btJm480j5biU+0xyNyqVB7Ny7uF+LivphtTql+UtavFSj7Y7Y+hVGrupFdhxz/WSknZUpHWHK/RWvLqNkP2dB9hMRncZ4YZ8qosn5OtXsSY5aSNsozfNp4qSPSPpi16FHjVM3+sdR4Uu86W5zCwu3wu3HPkMr+cCI6+Z2Hk8EXq/BoD2mOdG5tx+6I88Yb23H7r5oteibfjVZEv1g3b+GEV3s6Tb8ycPPqCVKuGfunG8h+QVQtWNRtKi2HLV5t5HShQMvEcR6Y5Ay4h7NBJ9Eom0yq39IuEv2jymlAiY+KsdChwIhVPQqTj9lUu1wZVH9YKylatSTXhp96OtGAITMM4gZxDT0vpGh1PVeb46Vjo7DshTEedUpTpTcJppo9WhWhuKcakGnFrQEWEVjZwimAxkaTA4wAZGygSiyRAgZUCNi0kxhlAANMxGSlGzPCBtgAJWhITOXnAjJplw9QEMd17y1u7lxbhMtSQ9oHgN2RwgNWrduqbalpQElOhS1LT2HrEy9EdMXLpY8SUVHiP9Xo9kaUIPZ+nwhPfxFRWHN05eNhc5SBn5yBKJaHEOJCkKCgRMEEEHwirNcGiXfih06Oz9PpgAp4TRCNf4ypNg+WDreUnJRbE0pPRMkT9ESBXbJdIdqbJLrTYzRwWDtBGciIeSVvhYZJdBRy6YyEeiYtbrN2bdu0UjqKUFKcSZyIH1cuMK6ndwy467ughCSoqnwAz4SiailB6xY402bMTjHFA8IK15j2pqdcVZ2yAwgympClZbCSJAThZoFbTW7A3Cm0tLQsocTPqggAzBPTOG6NaMczVl9xTgybmeMZGodacnoWlcuOkg+yG7q7trNreXDqGU8NSjKcCRGpeBKG7S/s79Ou2fQ8kZEoM5HtHGEK8pGKu/P8Ad7/SytxShN1aNAUZy0yPDshxhmeKQ0ru2AYSUDipI9IjdMF1eFGygrvKwvfnPXvEpTP84zPjDeH627TL9dOvrpNw1PS1cBQUkHYJz4K4ccjFch2eVqTWKHKDtcMi3WGfwrjbY+6UE+0xqFIcSFIUlSTwKTMGCrj5Sl3toEky3KjkelUK1hcCwwkzcE+RbAontJHV85h8mSpqpwbtgTkYqApUJggjsiHVMRUyjkIuFkuH9zbGpUu3YPTEbB104/TC0+oFxtaleUCdK1Tmc5jOfGC9cVFxiu31yEN3CluOtpS6krAzkCkDaIcNvKU8r00uGSzd8OobKTXafWQvuylBSJFSFjSqR4HjmIhY+VpozKD8a6B/JQqI2C6Pdsuu3zyC0lxOhCCkpJE56pbB0Q9zCys6eg7XHleYJEZ+oQhSjNJ3+nUio1G/l1M5fIlarPS+r1CD9Tx9imCNgRGmnJUNrjh9coPVOH2QHaPXHDT+FHrejxts4eNyYMxLbD6BJIHZDTTQnOHhDOs3PKNgCBLbDJaxBKBKNgQBZFCIEovKMlAPUrKNkYtIRoTB2BfxKRoEWCY3T2QANygQ4EQNMADemcW05RaXZAzg7B9pTTA0iLwJTgENLTDTiYfVDTnGEAlYiTqotRH/ALK/+0Mcywoj+/8AZ/sn9yVHUK+P701D/dX/AO5mOYYVV/f+y/O/uaow3b+2oftHmevfHtv2n/gOKUaVjxgyv/8Adzn+yP7WC6sTX6YMbg/vcv8A2R/ax07j4Yfnoael/HV/Z/wFdXEw+iq3rbYbS8sJGQAPCGF8TAlG6jGcEmr6HHKpOnVk4trVhgwwtS7d4njvPPOIGI0/3xc8E+yFOhWgsLUqcXLXI57OMP31OtL5M3QMwAFiOfPGG4vwvY740KlX05Q/E/qXzZAwnk3cjtR88UxO4tNwlIMklE5RPplMNOdeAUFIWElJ25bD54gYqT9uyelEvXApKpuUwdOpQ9OlB6SV+3Uewpmw/wDLT7In3TVu2td45nu0dUETzhPwl+CfHgfUYk19wotEpBlqVL2Qqq+2t5fcVs2vYbtXtmeonffDeKuJp8jVkiWUvGUKj7LNWskkjNSZjpSRFLWxtrG0Dga3ypCZAmrOJaVobti4UhtITqIOUoJyimsmjXHqVt6VVqTqtOMlpHoFe3r1ph3vLtwCo6ChCBxWoHh2dpgqV3EVRr90p64XpTwQ0jJCE9A6fTF8UXZuKo6B5KCctkzEG2t1XKyhJ60jLonHrem+n01SW5rK8mk9eGn+TyN5u6jcttB2p53hx1GVLQnioJ8TGG5aT+6p88KrGErE9a41PL2lRMvMMokt4YpCP4s2fR+vDn6vtYSaUU+g6fo27qK7tHzxC/323HFaT4SMV77bngVH82DUiiU1GQtWh+YIdRTrRHksN/kiM5et01hTNF6BW4zQUe8KVLSy8r8xUWT31z8HY3KvzCPbBxTbsjggeaNDSOgD0RD9dktFS+40j+r3vVfkE16nVS6aUgWLg1bVKSn54bZwrWEgEMkHpVcKP7WUHbQRsEDck/FjGt6pKvbNTg7eFzfb+kci6hWnG+NtLhSThetODM24+UpxXthxjA92Fay+y2v6zbQn55zg1BhZ+KYt3Zw7FeaI9tmvhjTj5I0WwUl9VScvOVgupwY78e+dPgAPni6cF2/x7m4V4LAgxCzd+qYsLF47PZA/U92/+58kJejbP3E/+oQUYLpg4lxfi4v6YdRhOjp/i4V8ok/PC2KdcdEvN9MWFNeMS99upf8Adl3lr03aR/7KEdvD1JRwtGvyR9EOpo9ORwt2h+aIVPgxfT+nzRoph2nzTiXuazxqz7yls9usKcF2Ca1hqzulgttJSRnkBI9kINZaQ1UXwhAaBWfsxwTslHRqdYNtMTlMwRMZMbis3Al+6E/lAH547fRNzUluMkpNpxeLucHr20pU6MasIqLz2dlbRoUOWN6WK05az6lwyqQ2a0Zj0ynB/jl+DLnu+Jqer6zhR+UkiOoQvXaeXcwl70dew1/V2pm29SDfwz07UZAjZQCJRwnpGRs4yBIwIDZxYGKRucAWLRk4EjKBAI0GAOMZGwAcbruG3aNbG+tbt9SUKSFhSuumZkFJUmW3ZLbF7GuVC5w3UmnFqceYSkBw5r3bmRz4kjPODDVaYiqWi7VxakIUUlRTKZCSDLPLOIDtLssO0q+ft0FRU2AreErC9gBByl1vTHoRqQdO0kr304HiZsz1QU3nLFdk2ltl0XIWS44VzQpOwBOz2wbqUl+ywwkuzDjdq45nOaeqSB+aIKAaekp5pOTJQsmWSSVdXjsnBraq7dUwrdv8HUMONugZSXplkOg8RG27glRVli0/INW+4K9lfW9uzdh61RcOXCNKFr/clHipIzM8xw6IVGbe4scHX29QWy+6haEnI6eqJnon0RTBNu29VHCtKV6GCRPMBRWnPxEoV8anRRCPrOtj5/mgryUFCHXKGb6u8S8Ao/vjcL1eSykflKhfxE9Kh32lX7kc5dP60IuAUAm+WRMzaSPDrkwqYqeaYodyFKAUtIShO1RPRGe8jfcRXTKGd6BUppq1zbu02ySFofKVuCQyAkM1nyRwnBiRh52xwxeWiTvHnAXllO1YkdKePACQhFwzVbWk3jjlyF6XGwgFACpHVPPODcatTE2abxVwgW6yAFyUcz8XIcYveScEoRjo7O/UM0m0FnBdVYp91cMXTgbQ6EaVLOQWmcxmcuIh3F15arq9g6XW7y0Sk7xlDgyVnxlPpHmiaujYaxI489aLUFpI3i2gUTJ2yIKfEyiHcWOHKDchtxu4v7gDVu/LCPECQntzETelKrGXwtLWKQ1q8B7B9qtDl9fIb7tbPT3LRJ4CZn9EIpfv6xVN1v16nnilOZ0pE+joCYNNpW7Co0u6etQpG4ZXrbIkU9UyP0QVKHds2VUtrl/Vu0KWVaRqOaSBIeOcVRgp1ajcfhjoJt37gys4PpSUAvb59W1SnFZnwEodbwtREKBFomYzzUo5+eJ9peW1+wi4t1hxCujiOwjYRDksuEZOpNN8CJznfEKuO1AVC1TllbfOqK1m9U5SqPS2Z6nGmVqTnmVSCRlAx2UqrDInOVsj0ZqhrC1oqoVlLq5rTbISrPMTACUD0dHZHRt6efaxbwjJstO0b+BtCdcoOIjaunSlU2V7AZjUg55QxSALnEjO0G6dWds5ajt2RNxvZbm8t71P7okIJH10ZiZ6SIjYQa1V9g9CHlHzH6Yqkoyg6691xYnO6sHVOWQygu8wCpaqe30IeV6xBiGUFzHqtN7af7qfWv8AWjzd/L7Kb8DKprCXkKOCmwKdbjhPUT6VmDpYj7FMv0ygn4Qkmm2x+4B9sHCxBLaOj/sjlheyZ7Xpa/4Gj5Cg2cosnhDQPCHU8Ipm6LJi0Vi0AFoCYEAbYABFTxi0ZpMAAAjYECADY2BAhkggQIEA/pBKMEbAgCRkoyUWjIAiVVDTgyMOqE4bWJiEMSq6r+9l+P8A2Z79oqOV4ec3eILD/afoDHVa6n+9t9PL+bvftDHJaD18S2AHDWr9oqMN1rVoftr70eZ6+ry26/ql/gPocCjC98IWhpxG9GotSlwzlBdSJRucdVSnnS4WI224e3cmknmVtTV5qjBOAEKJzi4EhGscOwxl9U5PxF2zq1jdW6GnzpUAJgk8RtilWq7JaSzbmcpHVwGUIwzIi8jKMvZ45817+B1Q39bk5LJaWv4CzY4hYLMnz1xlPpiHW71m/W2WyeoCDMeEQAg9EboV0HzQ1SjGWZEz3tepS5crNEykVNFO3gUgr1y4GUpT7D0xaq1Tv6EhI0hM+3jKIWlXQfNA05/TBKMHPO8SY1qsaLpJ/SyfZ15+1bCFALkMp7IaqNaubxCkT0plwiIpSU+UtCfFQENrdYSlU32BlL8KmDLSz30G9xuFDIpO1grVjO+cPSZ+qHsNt66khPSlXshmqqBugRtHEbYdw2vTWrYdKiPVHtQV/TLf+1/g86H+7Tf6VfegyOWufCAm0J2QoLZE+EXbZHRHgtn0UeHkQkU8mHm6XMwoIbTsEOobHRCHYThSkdBiwpSPqxJqlQYpNqbl5JKEqSDLiNRAn6Jw9ZXFtfsh63cS42oZKELMFiGKYgfFER3bmmNOlkL3ro4tspLih46ch54WFN6kqByyIn4wV7WyZw3dXNwzVLFxD09SLhXXEp5dVWqfohrXwGKDd/SnWrhbbmtVulS3W5aXEgCfkq8OmHaXd06rMhy1cSuYmpPx0dhGzOEekuUFx28KU6H7pDqdYU5uzMEkDUkSn2xflm6hNpdMKUAsPEgHylACBoSSDELMfViwtE/Vh8QXsUVaoUut01Nu7Jt8FpSF5t+WBOU+31RKV/8AX+BSSYs7hPbA3Ke2ELFVRqFPqdJdZf3Zdm25LNCpqR8U5bZwYGyotp1KBOkTPSdsANWKlkRTcw/GEQhj1qnqEQRuYbBRV3FfWSg/yZfNB6s8/NBR5nsyumHAOLUvMo/THX6PPLv6fjdHH67G/p837sov5hYo7pt6nZuj4lw0f5WcddbOU+kRxttRQtKtoUD5jCujnXXEamBZ2E2lKbmoOzOg6ZmS+OUdvr9KTVKSV7N/Oxyfq5USrVodYxa+Z08EFRG0QF8Y5b+rLXt5vE21PBOWTbk/OXIxXOLFTq9LZsUTIAm0nbw4n2x5evRnrnUpQI5tdY35iNWrt13ymqZbRvFFg2y5DoA4z7ISzzQxc8M6ksfJbbH6GDXoB1yNAnsjkB5hYnXL++t125pHzQ2rG+IlJmqq3nGX+EKHsgtLoB2WXYYxUcVXi2vLmlVVv1AH/SXc/wCVAXiSsLSJ1K+PR/OHeH5cFpdB2R2mM3iB8dH5Q+mOImrXzpOu7uFH7p1Z/RQ2b24PFxxX56vPxgs+gW8Q/iErGaw3QXxtWppP8ofRCvKEPHIWaU22hKlarhGSQSZAHonHbH44+Z4EcRLwjZIvmaqy5mlxptrPiCdZCh2gyMJjbt3Sjf2KuDgLLqehSVZKHo9sGHBFq81b3SnW3Gyp1MtaSkySnt8YYxbQrl29Rd2bK3d8NLqUDgpPxvSI6nVj7Q4Sd4tId3fRa/xGsBtE3l4vobbB9JJ+aJmPFEUy3R9e4B8yTG4Mpl3YovFXLKmVOLRLVxIAOcO4vpV9VWrVFqgKCFKUslWmUwAIjcuL3VPVWWUaet/MSMNVi0otPvHnTrcU6A00DmuSR5gOmG6i3UanZO1a+WUo1JTbtbCFK6DslwMTaLgp1NxvajoKUSKWkmeo5ZqOWXZt2wr16jOVSnC0YUlo60qzBlJOyQh15UoV86eZ/T5KwKdrKyCa3aMKp9xcqeCXEOttoa2uAjOX68LFIpT9Qwtds8CXi7bg7dIHT0mcSLPl+ylSVXdwt3PNKOqn5zBgYskWrKW2UhCUAAAbIe43cMlk82qflYIyswn4YrrVAfuGbttyTkpyHWQpMxIgynFL+sBVbcvKUXHFvoKFIU3qInIdUZ+eDZd0OwvVan7dpw/WKBM+kZxa2otnZj7Fhpv5KQPZnGa3FJzVS31Wt4MeZq+NxEpFEubChVFTiTv7ppc29oASZDxMzOEC2dpzdncs3NutV0oyZXMjd+jpnHQtzlnDBotgt7fG3aLnEq0J1eeCnu4RnNvCVg+roJGC7S5tqc4XklG9c1oSrIgSAnLZOUwIWoc3KQJDL0RmgRlWrRqTctCJQkwn4xZferai2064A00maEKUJ5k8BKFTBlOcsrBTrrZbcfWVEKElBIySJbOmFzcDojN1LKNFvctDlYeI3GWmgm4lpy6pSnGG06nUqS434jZ6RCbhbD9Sp1QNxdNpQN0pI6wJ1Kl0QZNI6Itu+yJp7zlU5QTvmDLPQrBZx3JyqsJn5Nqn1qVBqCJQUsbT+Gz2MNiOTe1VKk7cWiKkHGnJi3hNH8xtkz/c0/PBysRpbR2D5oKWE25sMjoSkQb7TyBGMH9KR7ewhl2VFf0IkpE9sOgShtEvqw5FM1RZImc4vFAoA5kDxMow3lonyrhlPi4gfPAA4OEACGDVaUkZ3tqP2Vv6YZdxLQGQSupWol++A+yGhNXJsDVCM7j7CTRM6oyrsSFn5oju80MItfxxavktKPzwtOoww5CBBXc5uYTROSrpfg2B88MOc5sPp/B2l45+QIL+IZPAOM4EEZ3nXYp/BUt4/LdA9iYjr53Ln1KW0PF0mDMvEFFo6FnAzjmrvO6qmeinWiOjUVH54jO85cRuHqtWbfgjV7YL+DCz8O86lAjkrvNzFqzlcso+S0mGF8z8XOcaktPyUhMPXows/DvOwQI4q/zAxW7xqt16FyhhzFuInvwlTu1bfwqoV5+6wjF9UdvUttHlKSPFQHtMR3r6yanrurdHynW/pjiK6xfu+Xd3Kp9Lq/phl29eXxccV8pSj88FpdAOt4irNHFJv0i/tCtVu6kJDySSSkykEk5xyug3DFlWrW7eX9m0VFWnM5tnhn0xDcuDmOIyO2KIdBzHrgdHO4t6ZXdHPvPT6e65eaTWRtq3YHf79KHwQm5V6AIqvHFNSk6bZ9Q6JgQTu8EHq5GNTcOS8oxf2nvfIhelUVxb7Q1rx+zKTdOX2FbgHsjEY4u3CQ3YM5fWUfpgqKfmZTz80OKvnA0AMtkxB9ev1P5Fr03boMa8e1JIVK3tknolP54xWOL5SdQUlMtCVaUJ8pXRPogtt3O8B3mrsVDL6ii4tpLmFKcl6BEuLf45d/8AAr2Db2+ENAxleOqku4eR8kCKrxQ+rhcXavz0iC8XVCY9EowPLH6coXKfvPvD2Db9H3i0cQPq8p24J7XDFDW+lThPa4r6YRu8qzzEV7yZjMQclf1D9j2yfwIWDV3ihRTwHSSfnhhVXcIOXz+qE1VyRNIUM9kUU8o8CIaoQ6B7PR9xd4YQsvWds50oHrAiTQSEVazP78Ig09Zco1ov0er9aJNNVovbZXQ6j9sI93aq+wiv/bt8j5/cJU95U/pqv7zoR2Q42IpOYB8IC7hi2TrecQ0J5FRl/wBseBUTzNdGz6Cl8EX4IlNw6BEFut0wqQk3KElRkkqCkgnsKgAYnjgDEXLEvGiEqw7eiYB3c0zlMkGch2xmB3m3aBbAGSkJ0qG0EcJwpvsW90jS82haRn1wCAfTEZ1bdqVW9mhDDxAU2NACHQOKUnbPaOMNNWsBOWpKEzUoATA88JV/RKE/cOvOWaXHmpKIGWvtHTE5hgPoUt0LG9CdTSviqHRDrhZt0a1ySE5E8T2AdMCZS1E8IsQ+uzTZNybt0vNyHlEkjTIbZQ7as2ds41u7NLJU2VqUlOnQcurMRvwi1qSUW8nlkgIUUpcUgDinpE4k2922+SkTSsCZQoSVDTk/AEkijd8ysNcUl0qCUkZ9X9aEXE1EvK/eWi7QsBFosnXqnNQIJGkcJHthfcYS4kgdVUjJUs0z6IYYp6rVtpLbiiG9SingXSfrHxhJ2dxZRIr2GqjXO4lbrDPd+t1QSSv6JwstJVb2ye8LbBSAFL4JPngMXKlaEPyQ8oFW7EzIbJkbYLmLL58YlptkokWpUhRT8VwqVIzlx9MU3mGGFF7aOK0IfaWr6qVpJ9GecNt1GzfuXrVt5JeZIDiOBE/HjCLjy3TZUJNxaAMONPtFKm+qrMy4iEajuuO4rtXLpJDlw02tRVkSrRll4iEqblgB0C0MlQXeZzWpi1XL64n5svGDBbHrCErmGzqozavqu/oTGmwlk3dF/wBaMPU4czY11j9Dfdqc6VlI9sFy+Kmqnet9DpV+WNXzwtu1SxbWoF4TSSCJHKUINeXOqrcQZodaZcSemYI+aPY9VlTqbeSzK6a0PJ9Fz093BtNKUWr2LIdmZTixXPImIcnOMWCl9Prjy3E9pS1JiFFIIHtiyVAAZxC1LHE+uNTL64hZGNSJwXP4w88anP43riImX10+eLoIn5Q9BgyiuycktIGagSdhgAW44OgHtBiKlGr48zskFk+oQ61a3C/JbeX4NOn5oWUv5DgXbzPXPHjp+mMU60BNK1fk/RATTKgrIWl8raNNs59EOig1wnKlVNWU8rVz5hBZeBN2dI0xhb1bB5vphHOO2PiWY4ZanIaVjxzPTaW8+hSlGfrh+1L3ZHmL02v0F0WwT8WN3QPAQWl4+qHxWLZH5pP6KGlY7q58lTCfBAPtnA9zPGzKXplXp8w1bkp2Ru6PR7YKC8a1lX7vLwQmKLxVV1SneuDzJ9fCE9zUfB95S9KqBz3Cugxu5A4kemQgku1ypKt1OqvUnSQCkXAKzPbpSrOIhrt6omb7p9Kvphc+q+HzKXpUusToB3CTm62nxWIqq5sUZm5aH5wJ9U45/wDC10f3Zzz/AK8BdReVkVqJn0/rws9Z8Eil6X1kHtVUpLXG5QYocQUdM/tSfAfrwRO+Occz6YbVcOKPlEeeJfO6lr02PvB7XiekJnmpX5H9KGXsXU1pWTa1E/dpH0wRt+o7T54wvE9MH23vfIr+W0+v57g5qxtZp8ljzr/WijuNUJQHAw0AFSPWMx4jLKCbvVS4wNaj8bL0/RDy1H+N9wl6bR4yYbTjnWkqDdunx1fTDasbvEdXcD8yftgqFR6SRGlzYkQcqXvsPYKHj8gyuY0vcpOoHg2mGHcZ3e19Z8DphA1qMZI8Z+uDlf1S7/4FLYbfoxXViu9UrrPPflmGbitB14r3KFTAHXzV4lRMJihGD1wnQi8W34N3H7BtuMLi9bYzqVmkBjQ3Lh1UmJH6pOIQM7o+hKR80FsGLEp25ZQ1TSNopRiorRJWSF1zmDiNeff3x8lREMuY0r7vlX9yf2RUJt09YJZZbYSd5JBW6pfEkddMuHHyYj60/XHnHzQ3GPQLsVncQ1B3y7t8+Li/phhyr3Sv3Z0/nqPtMQFXDQGax54xF7bZzVs7YWSPQeZk0Ve9S1ukvOBE56dRln6YaXeOuHrKKu3wiGq8a2RnfE9MPlx6CuS98Qc41TwIyiEq/TOK/CHQIMi6BcmlzLMxVL8uyI5vVS4CKd6J6IeTwC76k8PgxilapCRBiD3lQ4QDfO5Z+qGo3wQZurJSkqCuJjNRiKu5dJP2kNd4cKvKMGRizLxJ+sHbGhYiAXVA+VGl4mU1QZGGdCg4CgCZTxAlPMdsaVjSOHnhO3zec1DzxUvt/WEFg5iFBdw0namKd9SDNMJ+/bHFRPojBfW6T8aHkYc1EpdypUzFO+KSeEMmosqQdLThI2gE/NFWnHLp3QllxORPWSQJJEznKUFieZ4olKvVkz0xnenDtlEdTiUzE5lPxUzUfVASioOpBasblYO3dn5+mHZeInUUcWtSSblww4y4shRWSBkPDOGmLC+Uypx6yvkqCpJQ22NUpcc0wqUDDt3fVmmMO27zdsu5b35dkerqznIDZx8Yl6BGtCTtcanaKKkb96ShJMm+qO05xGu2nE93W1qWhKlgOSlnLoJjsTfL7C4SNNg2e3pnCbX+U1nUQymzeTYpQSVJCCoKnEqUTTKcs3r3TPzRQuuHIqMdHZ5GNuKIXWVjsS0PniWjkPS0/handL8A2P0MUpQ4slxaOWqK/rGKzPSf0+mOqjkfhxPl3d6v88J9gh1HJfCaJau9q/ZlfNBmp+8vz2Dab6nIlFc9sUUpRmM47InlHg5P8VW58p1Zhxvlfgxk/wDdbKvlTPzxXMp/lE5ZXwOfYeXqw+x9ys/tjEtg6XUK6FJPrhWx5SLDDNofg62Qy3koIT5OfGQ6ZwT7KtXj1zbpKAErcSD1DPzx6W039GG0pxk8U0eLvdjWnvdxkV9cx15k6mWz0pSfUIRMTUW9qV7bPsXbTe4koMuqkkyM5kaoWKevXYWyulpHship0Oyq4AfCpjgUkhQ9IMeTWVq01/U/8nr7e/Ip/sR+4SaldU29ftBVFMtFg/xV8KE8pzT0T7YN9k4y5btrYVrbKRoUM5iWUJNMwnRLNBCbdC1HylLGo9uZ7IUS01aWQZZacCM0p3ORQDtERKxoi63u8uFpsoUEzDrawpJl9ydsZc2bT1mbYzBA+yXPrtq2EHsgU+1uWJ7x9T6JdTeJG9TPYVDj6YfeRNMTYoJVtzEqdLuHLS/aRcllxbZV5Dh0qInPtGfCDHZ1iyrlPRUG96Utaps7dYHDoJhDrWAhf1Zd4h0ttOqCnm9MzPbpMxKcTKYj4A3dndI0WyjJq5SMpn4jvQr7qKcVlTTE1qC+u7a7xLTyl4pR108ZSVp1aeyFy1cbu3nHQiW6OlLmxYln6JxH+92jXD4uFMpUueoKBy8R49kKDaENpCEAJSMgBCbTGWgQIEIBi9SNy4rr5J4t/hD2JhPep9tWW0t3rIaUkg281yuEy+NPYemUK0R71G7TvkbptSclLUjUdPZLbDTsBEew81cIQi6uH7ptCgpKHFDTMcJgQ0rCtKXdi6W2tTiZaF6lTSBwCZHKFNDiXm0rSqYO3SR5pw0/ULFhUnbllJHxdQn6YFUavoA+wnStIHAZeqI2MmN/h+4+50r8xhy0vLe5M2XUOy+qoGXjKHq0jfUe6TKc2VyHonBSllqQl0mn8yK8c9GpH3oS+44bdWLC7+5LmueuXVVpHACfCF/C2AKJiWxRc3e/CmfsBodUmYBURMDjxhMqSUNVR/UQJyInx6DBr5WOoVaXzOoKKXgodk5x27qco1qv7Kf3HJsoxe2276St96Lt8pcJJ4sXCvF53+lD7PK3B6ONgVfKW4f0UGZKcoslIjldWbO9U4oQmOW+DkcKSwflAn2mJjGAMJI4Uey9LST7YVUISIebhOpMMkUQ2MHYabTJNJsAOH4BH0Zw+xhnDzPkU2wCuxhsH9rExsw4iFnn1Cy6DSKTTUS02dunwaR/Rh0WdqP3BoDsQn6IcEY4jWnbkQocZTHTI5jsh5pdWLKuhRDDHW0pHHKY9kUvlpbtHVEJHV6oGRKzwA9MO7tx0I1q0lKieoMj+VMzGyNdYbdQAU6tJmJk8ZSzkROEpS6seHA4N1ozrdsVTdKbkQ2Dtz4ds4jXVQ+1Vum9IyymVAemNbEJkgjONiB8Ivz4CMNQfnsEPIwuhRzjDIwlqvrlX7qR4RTvb6v3VfngySC6FVbaBnwioIhKL7xObi/SYwF1w6UBxw9CUrWfVP2QuXLoGcVtSQPHtiVa3NMQ253jSpRkEzUAAPjZz8o5ShDRZ1FwgJs7xX7C586Yf+Aarp/wC7BOf4Jf0Q8q6/IXMRMXc2mZDyZbJqnDRqlumfXQeyUR/vfrjipJp914lEhA+9PEChnT3R6oMniHMj1SLqqVuctSfRGG+Y6Y1GCMQqAV3dCflLkfUDElrl/iN5AVpYQk9Lh/oiDL+bi50V0Ivf2Puj6Iz4RtuhUKKOXFePF+1HpUfmi6eWNWJ699bD8xZ+eD6fyxc9e8JKqk2Tk2fPA+EkjgifiYWkcsbgS3lTR+a0Yujlln16m5L/ZJEF4cWL2iC4iCq/2gAeiM7+70eoQZ2uWdN/dL66V4BKRF08uKKlUu8Xah2LEGamJ7qK4hTN46TxEVU8+fjQc2+XtBbJCxcL8XIUaPy4w1e3KmVMEANLc6yiqenZBngg9qhI5wp5W1w/lRQvj6/rjpP3rYbtlHTT7cyJE1JnOUVsqRTGg4HLS1US64U/ZJA0T6o6chCzx6ie6hF2sc7ClrTMTIHROMS3cL/BtvK+ShZ+aOlizs5Sat7duX3Al7IbcsNafKCJH9ySE/NBzYC9tijnQsbxXC2ue37JfziAbO+/0W4y/e4P67AtoJSXT2qWD80RX/ALSaUpJlxy4wc2PQHu4sJrNLqL3kWj3GUjIfPDqaHWTqPcXJJ/T0cYPdpbtsttyt0FekFRIzJO2cokm4WM92NuU4XOiJ7xLgED70sQLZDybPJRACZ9fPslEtrAGJDxbth4uGcHLvWfkKi4uZAzCvNCddIl7x8Pz3hPb5eV0+W7aon4mH0ctLxRm5UGkn7lBMoNiLhKzKco3XMGUoOexe1zCqnlof3SpL/NbTDg5Y2xGdSuDPoQgQZFqHDMRqFSTC57fAT3NTqF5PLKlpT9td3iz06gPZFkcu6CmWs3S/2aUL61y6IqkzM5wc5ie5n1EdOAsNo/i7i/lOqMXGDcNo4WKFfKKjCqT2xWY6YTqy8CefU94S/vXoAy+D2fSPpiycP0ZHk2NuPzQYUSicVLXRBzZ9SXUqP8TIHwNS0nq2duPzAfmh40WmJ0kWzBJTw3acpHwiQEp1eiHNMHNmCnP3mQnKXaDybdlPghP0QFUu1cTmyjgRLSJZiRiaZGBIQc2QOUr/ABS/PaJdrh2mWhUtFq1ntIE4ntt26iNLKW5ADq8PH0w4pOyco1DLTTh0Oh3tAIg5khKU+raMLDaEk6RF6WE/CFtIS+1SYy4QpTZCcocpDBFRtEnasCJzO2LNKMnzYecQ/wBqwAwjKU0iLOMmWUOMjSyjsSBGqMFj0bkZDWczDhR0RfdRYDshZQIym+yM3auyJKgIbVxh2sBHUhXRDSkLJiWrOcNFBmYfAOIS+alvKnAn+DJ/JUI51bKkm2X0Os+2Oo8z2NdKSr97dEvSDHLN7NltCW1HSoHIK+KqOqlGUtrRsm8s2jinKMd5ubtK8Itdx1uiKC6NZH96HqiQp1toTWtKB0qUEj1wm4VfL2H7c7UpI9MJVg86rEN+3dI+ElATSEqmlnPhn1RGW4g1XqX95mu0kpbem10S7g3Wl1bvK0tPNuHoQoGUos6guXTSS09JOYcQ5IDaQUwV7O2p1MxM289euNPPHq2onJOrglUsoMD6rhu/Spq1S5OUnVP6Zz46UT4xi4GqYqQIwGYGyGru/s7JGq4uGmQPrKAPm4wiil5b3zq0m3uUMpAzSWgqZ2HMxDvbC/dYWh+9tlNFJ1amE/PA+Gnr4yptup5H+kOgts+jaqKu0h25Ou+fVcH+DBKWR2aRx9MNYDjK3RiA9ilzD7ws7e8N4wBPeBM92RlpBMwUz4QYqDVryqU5q5cW20pcwAWyoyBkDOYGcQL/AAlbVEtjSlsI+qkZwpWdLVbNIaQZJQAEjwhuMccAUvD5EwG7V+7tfi/140Ju/wCHb/F/rxRDK0/GMOJQv6xhAZouv4dH4v8AXhq8W/bsLcW+AAOKWtR8w4xIkr6xijoISTPzZwrBcRr+p3jVBvX7Z9x1baDLUxulZ/VhJwVUA5ZvF60euVFw/aAJVOecjqMGSzG/ZdSpbjqVTBS83okOiUQ7fC6LF55djcuWqXjqUgAFE/uQRlDSiHUTcItpXiC8fTcoSCtz+bAkyBPA5acjBxdQHLVaelCh5xCNSqBZ0t5b7Y1OuKKluHylEmZ7BnC21m2PCCTV9CZO6aOOV6lJdqbi1LWhQJTlLYTPZCvy5bRT6g4ylalB1Go6jxIhnE7e6rFynhJ1weZRjMMPONVhkNlAUslA1gkcOgER7b29KrseblWeVLHsPCpbuvR3apZ3kjXtbzkdBSYsgZxFSL0jNxj0Nq/ykXS1dn+MJHyWk/POPFasz307pMlphxuIrbFx/pLnoQ2P0MOItVk53Nz6CgfoITAmon+n9aHW/wBP6TERNoJ5uXKv2VX6EiHUWbG0OHxed/pwDsShFtQAmVBI7TKIptbLSZ6Ez2lUyPSsmG+6UFjNzuhO1TrjZn51S9EoG/IRIXUae2ZKvLVPi82D5iqKmsUkcb+19DiT6gYZ+EcN2/G6pTX7Jbj2GKKxPhVrjVaYnsS61+hnD0BnMvvCs2kda+vHE8SG9A/QGNawJSXVj+bVN0dM3TPt6qRHWwyR5GhPghtI/axuh3KbpHgfolGnNXVmXs1b30cwa5YU5wdWm1BaTl1kvGWXHOH2eVFsD1aNcK+UNP7ZUdHUk7XlS+UZxUtp2rJ9MDr9Braz4zCG3ysRpA+BWU7ZuLa9hJhSonK6iW1yl69srQuSmi3QAW/lOHgexIg0lDKMyRLafCIa3nkPqUhLeifVKlEEiQ4GRn+mcONZt2CW1yq+dsLOLcOUWjXlu4zY26WborAToH2a0S1gZcDMERBQ3at/gmWkjsQIMGNWDfUu3uVS1W11NSdsnUAA+dPqguJMiYmrOVzn3DcJKzfePbwDYPQP1osl2GAQYsFxnnl1MuY76tjjjkxFUvy+aKFZIhtwmWXogUn1YnOVx5TkzMmKFwnoiMbpQ4gAjjnFk3AVmIMz6sXMb4j4dkYzeknj6ooOEAAkwwzNW1ZYqnGZmAZCKqdCYVxY4lpxoMjFJzjQcoLhcsVKJnEqnVH4Pf30iqbbiJCW0SznEHeCfGNKwUDrDbMQAptO9yylIcSuapHIiGVEAznMg+qKrOeRnDaldbj4whSqNkgL63jFgsEZHxiLvRPj4QC8ZcJTh3FmH3W5nyiES8kbYxCGmUAISATxMsz54bS4CnbAK+EJ6DU2h4KHqgaoZ1xoVDQ81x4eMaCIY3h4RpeMIWZD807RA3kMJdKuMArMA1U0HdYjdcxEcuxocPCDUnMPqWemAF5QypwxiFqg1HccWvONBnDRWRsUfRABV9UwCuPkygTnDYWs7IE1DIiGO9y6RIxYLkeIhn7Q8RGtpUviQPGAEOmSpSPmjDIcD54pu1I2ifZGkK2kemANehqjJBjLMLW5JOZPCMW2oJ6eMPUtaGLptbk1JBM5QBFZpJYLiTmrIOWilhQC0rlp7IpbMKtavaJUZkOJJzjLhS2HXNIIBM/Qc42xdL9StVKnq3qfNCWGJ02pKUVbVNa8MQ/N/g0+EWIiLaXF+7eraXabu2Qy2pu41T1q+MmUtkSjFLU6ypjBOMW8ynynG0+KkiG139i35V1bp8XUD54MAHFeTDR48YZdrlGbHWqNmnxfR9MRHsV4ba8uq2Q/ZRCTQE9U4qDCQ/zAwez5dXtvzSVeyIjvNLBTXCpa/kpJirhYvj9CXKUnxWD6U/rRzqUichx6INGK+aOEb+nqZauH1r4iTR+mCMvFNM2F5X5kvnj0vRq9GnQlGo7PNxPJ9aoV6m5UqabWXW3U6JgtYXRJfVWoQGcNLs6m9e2dzu1Oz1pWkKSZ+PbBVoHNCl0i0WwbO4eJVqBmEAZdoMSf1ZrX4tNV2anPoEcm/lfd1XDWLwZ1+mqUNpTjNWkr37w3W+H2Xr1F9dr7w+3LT1QgJz6BxiRWajaUzd3LwZKk/WV9pL7hI4wQbrnTeKSUsWKGh07wkmIS+bF8ok/BtkVbVr1rUfSqMHGbOlSilq0HCoVzGFddCaZbO2duTkoyQo9qlcZeETaRhO3t1i4qb6r654nWVFtB7J8T2mCEvnBiWUmxatDsQDLzww7zWxa5/GkI+S2kfNDVJr8L7QlUh1R19CgAEtpAA4AACHUo7I4q5zLxer/1JxPhIQw7zBxQ6evV7r8ZCdKp7r7dA50PHuO5hKRxkPTGl5hPFxseKk/THA3cYVt38JVbo/s5+mI68R3zh61++rxdV9MP2ap0Fz4Hf1VGnt+VdWyfF5H0w05iChteXUrJP7Oj6Y4A5WnVeVcuHxUo/PDZqo2vEwezVBc6Pj3I747i/DLXlVa09C5+yIl5zDwe0hQ+FUTOU0BRI7RlHDFVdoD8IqGlVdnth+yVB86K4M7anmhg62Ro7+8+Rt3ZKj7IZc5wYRTwN2rwaA+eOKmrtbAYw1kbEHzmGtpUf4mLnf0/M7G5zpw63+DtbxfjpHzxU8+6ahMkUp5Xi6B+hjjqqo6T1WvUYw1C9V5LCz4IVDWxl4ida/BByxBj9urX7t0inFveKUZb6cp+CREawxq9Y3SLhuzSVIMxrcVLzZQVw/Vl+Rau/kGHBb4gc8myf/F/rR1RqbuNFUlKWVK2Byv0/ayrOq4rM3m7Q/K50VseTa2SfzVK/RGGl84sSr8kWqPBv/tglopGKneFm/8Aky+aHUYZxY5/FljxMYewt4r8s61WlbRrRWQbDzWxatExdtp+S0j5xEZzmhjFeXwm8Pk6UexMILeDcWL8pAHiqHUYBxKvynUJ8TD9hfQXPa/EhUVzDxW7kqrXnoeIH8mUR3cY150nXVrw+Ny5/TiOjltXl+XcoHgDD6OV98uWu98yRB7C/dFz37357xv75L1f4S/dPyrhf9KKqriD5V151E/PE1HK0ful44fAAQ+3ytsh5VzcH86H7AuiDnP3hI+G7P41wD6FGMNdsP4UnwSYXW+V9IT5SnleKj9MPI5bUNPFlSvEkxS2MeiFzfE7MwpTjg3jmlHxiJQ6QyT1nF/jPoRFUNqV5IEk/G4AeMWatXHTqmEo2LlMr7UjYO31RxpXO2rkWraiihdskZKUPDeOKPmAEWDCbkJWypIRwOkrnx6DmDKLCi2Yl13iofG1+sgJEalhVlrWFF1tRBUSAFoyAnkOsPAAiKyNamcqkPwSdzFU5Ck5LP50j80Qbi1dYWUklPRLh6IUwrohq4ZFwUzUU6Z8P+2E/AdKTwmk0xMqbSPvbq284JabUCeOpK5jPsgla5yg8YqS1Z4Zvk6p75TDZPiuZ9UEVSmp7fPCnrbyOX1VwU45Vorm64G9lFSURTU3E6HFdjm8nAUvqxUuIjdTU8kzMAseJDu3NK8uJ7Yxt5YIAi95JJyZz8YYaccn5AHTlBoTK+YUGlzTFg6nhDDTqlCUpeAiK9ePMukZ+aArNYUSZw2JxFZvivjl0Q5v3B8ZI/OT9MAZr8CQFkcEmKrcWOAPniMq7/f0D9kT9MUN21tuWh4uo+mDUPra0T7iRqX0S80AhR2nzxCXWKcjyr23/LB9kNrr9GA61816NR9gg7BZanuvuJykLJnrT54qUkjykflCEtWJ6In+NA+CSYp99lDH7u6fBon54LS6Mapzf4GLARnPUjzw6srWlIU4mXYmcIJxpRkggd4X4I0/PDIxzTEKmm2u1dH2iRBkl0KVGpr9PzDEEIHFSvyJQPs/rL9Agur5htDybN0/KcB9kNq5hvfFsUfnLX80Vkn0H7NPogyjQn4rh9EX1NlGnQpPEzl6oKiuYF+R1bRgelR9sNKx7WT5KLdP5pPzwcufQFtphuTp6JemBqR9X1wTHMbV0t6wu2E1ES0Z5beMMLxnXD/Gmx8lKYOVMa2s/APgcASZNp85jG3usdTYlLtgg/fZWzxv1DzRRWJqorJVSc6fKh8mp0GtrLqdCS4QR1U+aMWo6yZoEumQ+eOcu126UetUXjP99VDLtXUrM3jyvz1n54ORP83D2TxOkuXiBxdbT+c39MNfCTCeN0yP2REc0VU29rzh/OP0xU1K3+so+k/TD9nn1GtourOlrrdPT5VQYH7IIbOJaInyqi0fAmObqqTHQoxgqjGwesQezS6j9lj1Z0dWLaCgy76lXgCYbVjWgJ/jCz8lsmOefCjeycYasPqTi/ZZdRrbRXU6IceUADJdwr9jI9sV/VBoyJyZuV+gD2mOepqbisksqPoXA79fHyWVehCjAtn5lRpQX4Q+ucxbAHq2lyfFaYYe5kt/EsJ/Kcl7BBK11hzhaPehoxvda+5miyuPxZilsl4j5ceKQbjzKvArqWLKfFxSoqOZtZQrW3bWiCM8wo/PBWTRsTuSItH5dqSIcThjFjnC1c9Jl88NbGPRiUFF4IMt7zSxNeHWt23Css0sgZCIicfYjDgX33dkZgpSkEQlowPitf7gE+K/14fa5cYoc4htP50Utjbgyr630FRXMzFq0yVWrn0OyiO7jrEDxOur3R/ZyIbb5WYiX5bzKYeRyjqpHXvWx6DDWx8PmUqzwzLuI5xTUF+XUblX7O59MNO11xflXTqvFxR+eFAcp7hPl3pPgkw6jlUzLr3b35MNbG34UHOt+IRVVhJ/dlHxUfphtdTTLNz1/rwZEcraYPKffV6ZQ8nljRgM98r8+H7H4IOY3+JhQVVEfWPnihqqBtn6YOrfLaiJ4tKPiqcSG8AUJP8AFGz4w47RaYBmv1OfKqae2KipdAPmMdLRgmiIOVmz5ofbwnSkeTaMD9jEUtqic3gct+EXviMrP5hgd5qLnk2zx/YzHV0YesU8LZkeDY+iHU0e3RwaQPBKfoh+zQFzEuByZLddd8m0uPyDFxTMSOcLK5P5pjraaa2PiDzCLiwaGweYQeyw6hzE+ByZvDWKnuFm8PEyh9vBGLXv4uR4rjqqbRsbPbF+7oT8URXIpi5q6HLkcucUr8oNp8Vw6jldiFR6zzKfSY6duQNg80Dc9AHmh8mmhcxnOGuVFTP4S8SPBJh5HKdyfXvl+hMdB3YHR5v1oBag5VPoHMYRE8p7b4928rzQ63yopfxnbhXpg7bseMZoHRDyR90WeXUKDfK+hJ4odV4qh9vlxh5H8V1eKoM4QI3R2eqC0egZn4/ntC83gSgI4WTfpzh1GDqMjhZMelE4XdI/SI0N9kGnh8v3DztiQjDNNRwtWB4Np+iHE0S1R5LDY8EJ+iFPR+mUZu/TBoLM/EgJpduP3NH5I+iHE2DQ4JA8BEzddkVOnbCchqOZcSOLRr6gje6o+qIe1joMZrPQIXM8S+TN8GNi3H1RA7umHJr7ICXErWUBbalJ8pIIKh4gGcHNSD2eY0GExbcp6Id09kW0HZnApidKSGd1Ft0Id3Z6IAbPZBmJwGt34QN1D4aJiwZhNjQerZpTiJrGhvIhHAudqvudoG2H9aFmSVJJ6AoZQ2/13LdtUylSlqUkcDpQePSkdHCN3LUvwaBpzGQEj2RxqKSOidSU/IupUuAigbUplxtxwnWVZgAFKVfFEugZZw5GQEia0H2QppS1HdrUnzHL0S4Q5qVPNSvPFEu79190eSpw6fBICQfTKLbY55ytJ2Oukk4ptLBCVjt0pw4lP8JeIH5KTHN6niZim3BYLDjqhxOrSPDgY6BzFd002ltfXeec/JCR88cjxEsLq1xnwVKKSzOPkcO9hGpuUvAUHsdJBkmyHpWZ+yGFY6fPC0ZH5yjBaWiq3l443ZpDgQATsOfoi3wDixfBtCfFfCLVFMj2eF3ovvDCcb1HYywmfYTDTmNawT1Syn9jHzmEVGE8VKGa20+mcXGB8Rr8q5QPP9MV7Mvyw5MFwQpO4qrDnlXCR+aBDTuIqiZfzyXgUiIowBWVEFd55kmHU8uL9Q616v0CH7LEHSp+6ihxFVSf+8HPQ5DbtZuV+VeOE/7QxMRyvePlXjvsi6eVrW24eP50WtougnCK/ChKXVXPjXbh/PVDaqoDxuFn89X0wup5X2Y4uOK8VGHU8sqX8YKP5xivZY2wFlj0Xcgtiq2+c31E+JjF1Zg5KemPGDSjlrSU/uZ85+iH0cvKOP3EemD2SPQrTiEo1a0HSYr8NWw4JVB7RgGjJ4Wrf5Ih5vBNHT/FGvyRFezLwFddTnhrLfxWj/Kipq6/isH8kx0xGEaUnhaM/kw6jDVOTwtmfyRD5EB3/Ohy74RvF+TbK/Fn6I3f1ZfkWrv4tX0R1ZFBsk8Ldr8gfRDqKPbD9xT6ED6IPZ4eC7A+ZyUN11zybN/8URDiabidwdWzf/JlHWfgtocGx+SIummoGwD0RLhBFJHJ0UDFbn8UdHjDqcI4td/cFDxVKOrCwbGyLdyQNkLLAdjlKcA4qXxQB4rP0w81y0xI5xLY/OjqYtAPiiLJtB9UQ/o6CsjmCeVdbX5Vy2IdRyiqavLvkD0GOmptR2eaLC3T0eqC0Og9DnDfJ54+XUPMIfb5N23x7970COhbpI+KPNA3Q6ILx90O8II5N0xPG5uVQ4jlJR0ce8K8TB2S/ZreLKH2FOJEygLBWPzYupqKhKHRCfgExvlbQEcWFK8VmHm+W+Hm/wCJpPiqDXuRA3AjXLDoiPq6hcRgahI4WLXpzh1GEaMjhY2/pQIXd1A3RENKPRCzS6iQjDtNR5NowP2MfRDyKPap8lhseDY+iFHdnpgbs9MGnRDzPq+8gimNDghP5IiwpyPqiJu7gbuDTwFdkQU9A2RqbBA2CJgbEWS2Ia7AuRU2SBshxNqkbIkaIGgw7/m38AuM7lOyBuctkOr0o4w2oqVDjByHTozqPRaDS0IGyfhDSm+gRJ09kYUDoiuWjohtYxxIm5V0RoZMSd0IAbEHLRfJh0I+5jdyYkbvsgbvsgyIrlw6DGiNE4e3YgbsQZYidOD4FUyPEQ4G0q4RmmUDMcMoTjczntYtfToWDY6I0IHRFkKC8jkfbFimJOecXB2Y3IRsotpgSgsLQrAkItIQJCEIb0+EDT2iLygSgH2lNHh5owpzhyUYRAIb0GAEw5KBKACumBICBqSNs4zeHYITki40akuBsoqVAZDjAKlnbFIlz6GlPau/1FuPGBpjY2cRdm8YRjwKbsRm7i/GNlABHu192tn3v4NtavMmC1hBl96tsq1KnpddcMz1sjkewkwY8QEijXxH8Cr15GCzRqm5THnXGQNa2S0FfU1S6wHSJRluJfTD9oieIaru9tLEydWVL2NIGpfpzy9MRU1i8cVJq2abT++FSlerT5oYoFEfqalXLxUGyTqcOa3FdnZ0mDZTMODWkW9sAAfLVmfylRPMqTw+lE3TES3uKms9ZFqR0aVg+fXOFan2bV5pQ4ncuq8mR1JV4TzEGRvDzZQA422QOI0jP1RRvDH22oBDadc0hJMwJ5bDClOpHCZEoxYmow6n4xM/MIdGH7cD40GDuLfbGiwblwPni+ZN4k5SMLmxf0kuNTSciVaVDz6TDhubYfu7X4xP0wXBXL5xW7DNiDMji6sTEtskjblF0X1XVq0ts8CJt2rqpH08RGGepr9COrk0/eFxy/tU8Faz0IBV6+HriO++/c9XNpvamfWPjLICEovYgUkqCnRKctNkqavAEQ2HcREo/wAMOo5/zQJCR25Qpc6eCsOMKcXdu4sJSEgAcBF5RFw+zUnW7hVUQRJz7CfVWpG0qCeA6ImXDTbJRpmAoHImfCXTGcqc4q7RfNg2ooLHMhX2tKb6GXl/lKA+aOQ1pWqo3R6XVR1jmM5/fa0R9SyT61ExyW/693cH98V88XS+PsRx19d0/IfwXbh+p3s85aB6pwYb942bgabaTwmSdvZCPy4Z1u36+l2U/AQZ6hTFX7bYQoNqQTmQc5+HhGz0SsyX8WqBZsJubZt4Dyk8B0w+iyTPNPrhFaqF8gJs7dROkqCdAzVDttiK/sbjd3YUtPxkrElgdIMJSt1BtIVxZDoEAWkj+tEy3Ldw2h1szQsakn5vRFy2I0hK4kQu6pGyLd3A2RK3W2M3eUaJiZGFsOiN7t9yPMIkhqN0RX7hMjd1HR+nzwO6j9P/AGxI0fplGhEUBH3EbuBD2iN0eMAZhkMiN3Qh7RACOyALjSWZjhF0szh5Dc4cCB0RnOoVES69fiiUu5vygu7oJ0o6SohIn5+iIeDcQuYltrpTrCGV27iEzQclhYMj2SlKJmNLff4YqiJcGNfpQoKgvcpXP51VGthat1+YqHzxk27ooN+67I3dHoh/SIzSIdwGd2Y0NmHdIjdIgzMBsNmBpMOxkh+kwZmBQJjFp0oURsCvZDukQNI2wXA40i9vGLw3Tbq03CHSsOT62oKjrFJvU1Wl2V8kg95YQ4oD4qpSUPQoGOW1q17nWKhb8N3dPpHhvCR6oPPKq9F1h561UdSrS5UkfIdAWn0atUJaSAXyiC3inHTdDvTZWzCLl5ABeK1aUNzEwnIZqlx6IM9w42wy66sgJabW4qf1UAkxzKgU9WMcUKFwpYbfW/dvqHlBE5hI6JkpT2RpzHZE2uzoNLu/hOm2l6EFvvDSXdB+LPZ9HZD8ocbZbt2W2WwEttoS2hPQlIAA80bLsjaN7akyWo1LsgShzTA0QxDYHZAlF9EbKAZVKYuERso2UAgS7IqtQQO0+qHAIZd6y1dkXTjd+RdCnzKiXAppJMzAIlCPivGdrhwpt0IFxdKGrRPShtJ2rInx2CE+icy2L28Rb1BhFql06UvIVqQlWzWJCQPTFSr0oSy3OtcuH0rQNGmBoi8oEorRljeiBo7IQ8a4xGH0C0tdLl46meeaWE/WUOk7BBXH38XlqanOoKaE160mQkNoR0eiM6ldQdrOT8DOdVR8ToZTGSgs4Jxq9VHhTaisKeIO4f4FZHxFcBq7dsGeHSqqqrrRrFdCoTU8BNxJiS0w3bsuvoU6p5RShtJAJkJkzM+ESaVUWqvTmL5kFKXQTpJzBCpEQWOayTrpSp9XS+mXb1c4WcCf+FbD9l/uhiZTktwo30fAlSedoVzGE9MgNpPARW7uEWVo/cLBKWW1OEDiQkTlBCrmOqnWmRasNd1bWrMNKUXHBsST9EVVqxpLXiVKSgg1X2NKBYPFo3JdWnjuUlYHZPhEqlYrotaVure40vH9ydBQpXhPI+eC/QeXbSrZD1UccStYnuGjp0A8NR2nphExLTjhmuJatnXJISh9pRPXTMnqnwlGE5V7cy30mVVcyN2kdNlGSilNuFXlOs7lXlPMNuK8SnP1w9Fwlnimc0lZlJRsotGEQxFZQJRbSYGkwAVlGSixyEzDbiiqFcqnTlN2RilgcMz6oorUeMX0xkQ53Omnt4Q8WYUxmcX6sZKEjWyGzOcCRi+mBpgEVlGSlFykRkoAsYDGxmmNAgYcSJXEldHvkiZPd3JAdgnBIt7hS9IQFLUdiQSfMI6ERkQRMHiDtiLYUWmU59b1taNNOOcVAHbxlMyH5soipT5it0JnTu7oph6/rSmGEgugABKUhjTID8yDzQb69SE79DissyQUn19MFtp5xPBREugxITfuNga3Qn5S5esmMp0OkyOXlTv9wchUbb46kt/KUJ+qcD4Ypyf3ZKvCZ+eCf35xwZOJV4HVFFXTh+NCVKXVCyeIcTXrIDj7IocRWcFDvDmxRgG7cO0+eHy59RcsN7FytwmVuUIDeqfA6vqBJSOPTFWzcqcWpaVpLaQhKJyQskk65TzkJSim+qalqa026T5YmoE6TwkM9okTGLRfMtpS24RPq7FFJUJzJlsVMRFyh5y4DNsp+5WltLaCpxXAJHnhFYrter63Pgdhm1tUHT3m5EyuR+KmR+eUUxw+8bSnUxDhLl6+hC1bSElI2dKlT9ELVlaM2No1bMpCUNICUgdm308TDve7uFtLiHfVTFeHii4vtxfWeoBxTSNJR25ASy4cRCw7cN3SLZ5vNDjQWnwXwhIrV7U65UL6gWSLYNIQjfOuzmBl4jjlwhTt7cWibS0nr3LTDRPSQIis/s35l0bcyLsuIUeYbwXiG4l+5W7aP/Ln88csuvwj6u1UdHxpcbyuVlU/JUtI/Y0afmjnD5BaeV06jE0/iMJu9ao/FEjBFRcp1o+4jSreXDk9YykFQarTFVm5IXCFNn6w6yfNBWwcjRa2alJBSq4Uog7QpcoOD+FqfcklCSwo7UcPNwjdJt42sZu9+AiPvC0qRetXQsJc3japdOwg9h6YlVW7tatS2rohtq7Q5oKE8VJ6fCJhwQ5mUXQ/OR9BEOW+BQSN/dEp6EJl7TC5bCw9gt1b1MWlWaW3SlM+MpT9phZSifEQLGn29hboYYSEITs4knpJ6TDiltN+U4hHYVAQ/hKURvd9kULZESAErzQpKvAg+yApAIi4y1QmRpRsouURmiNYvAVisCLaTA0mGIrKBKLSMDSYB2KxdCJmAlEOtNzMKc0kxRxNCDG6TDmmBpjBu5aVhKxT/wCHKp/ujvrygrcp0f3yqJ6LVv1rg14v6uGaqf8A2YjzqAgtcpU/zuqHoYtx51LgGuPkHUJjdAi0oEoAKSHRAkOiLaRA0iGTZjcCLlECUA8xSRjdJiwECUAXZyvmHbd2xbUJCQd3Tw8FtJn/ACgYUOU1+GK7c2ZMk3durTPhvGTrHp06ozm4wW6/aO/w1ijztrUPYRCHh+/VRq3Tr1c0Bp9pxc/4JZkrzpJhPG4+p0bH153HC1TWPKcbTbp7S8oI/azhB5R2E1VW+I8lDNsg/KO8WP5KImc37tKKTT7VKv8ACbovDtQ03MetwRM5XWXd8ItOnjdXL70+kJIbH7Qw0/8AILGQtyjJQ6pEopG9Kd1boRKNtepkoEotKMIiyTJQJRsbABko2UbKNCYAMlEa9uGbNi5uXDJDSVOE9ic4luKCGyfNBZ5j33c8MutpMl3TrbA8CdSv5IMXDRSfCxvs005Tv4doUKIwMV4tS5euJQh51b7oWqQKEnqtjPokIUeZWHbemPWtQtGwy0+dy4hGQQ4kTSoS4ah54SKfhqq3tGdrFqneIYe0FKJ71OkTLiZcZT4CLVPFNQq1Ftqbefam2f3iXz5ZCUlOhY6ROME753KN83Eq6xa1D3gaqLq2HbV1zNbU2FHp3fA+aUKri0toUs8EgqJ7BnCFy2t1MYYbJBG9fdWJ5TBkJ+qJ+KbjuuHak6DpIt3AD90oSHrMdG3vyV2msW1ST8Ag2CFYuxlN2akvvrcX2MI4D8kSjpKW0NpS2kaUpSEpSMhpGQEEblTapXVL1+X4K20pPQVq+gQt4qx5bUFxVpbNpubsAFUz9m18qXE9kZ0JJKdSTxZNPLa8uwT7PA9VtsV99G6RaIulXKVpVnpJ1adPqg2K8rKCGjmJiRp5Dr6WVskz3W5KApM/iLJz8YOlLqdrWLBm9tlTQ4DltQocUnwh0qtJ1GldN9Qpyim0grc2DNdJSOh8+tMLmBhLClO2dV0/+YYQeax/nNLH70+R+UmDDgxJThamTy+yWf8AzDBL/dx8v8BH+9MkV27bsaJf3CwCEMryO2YkBHL7RF4Vm4t23D3chwuJSSlrPKfGD9zIdLeGHkjLePMoPaCc4hcrGE/B9SWpKVanW0HUJgpCSZZwtzHNKMOvEKizTylaJzJYU2G6q2pLiU/h2U6kudpRkQemWUIeJL/76cRJVZtrksNMNAjrGRzJHpg33+A8PXrpdDK7dZ47lWlM+nTwh+jYUo1EcLtuyVukS3rp1LA7Oj0QKhXs4XWUMtRqztYVrK37rZW1v/BMNt/kpl7YtKLfFT4CNlDUVFJdNMDkqfHIrKBKLygQ/wA4CsVjDGyEBQkFeEIL3GlK1qPQIq4tplpTji0toQNS1KMgkRoTCPj/AFjDF3oJGbQMugqE4iWrOyCUKd0uApWl7Z37Zds327hEwCUGek9u0RSq1K1pFi9eXCpIbHDapWxI7TBe5WZs1TsUyfURDHM+/O8s7AHqpSX3AOk5Jn9BjNSvFvoNT+m9rEd3mVWXHStpm2Q1PJBSVSHSpX/ZBjwzim3xG0pvSGLtvNbQ8lafroJz8U8RBSwjWqfYG5sKk0hVpegJU4UgqaPTkJ6enohqkuilYoZ7s4FtN3gQhaTPW0VS4+BznEZna97W4EqpK50VbjbQm4ttAJlNa0omejrGAYJXMu6cVX0W+shtphCkpBkJrJz8coMOB7y9vqA13ttaS0sttLWCFOtjgc8zLgDFqdpJWxNI1E3YUH7hi1aW8+4hppAmpSzkISXMf0FpwoSLp4D46GwAfAKIMoi8zEvJp9npUQ0X1BwDp09WcJuGaVhS+pzq6ldbi6DikgLfLICJApKE5JJ49MFRtWs7XJlUytqwbqZV6bWUarK4DhHlNKGl1Pbp4kdoyh/POOcpf+CautVPu1OpYd+yfA06xkcxl4K6Y6DS79urU23vUaRvE6XEj4rqciPTxEKM/qyvsHCpmHyEmZJlLiSeHngIksaklKhn1goKT6CMoKuOqncC/asULUlpLSXVpSZBSln43hLLxhVoDLlAw85d3TpUFoFylvYhOk6QJ7VTzglN5lFA56tAxHiM07+aW0jcKTNa+O5B/RHZPZCZZUesVdHeVeSszDj61DX06ciZdHCItGtX8RVnU7M61KuH1dCBs/Qwbancdyp1y80AjcNKLfCQlkn0CJs5yfgQ058cAu3FjUKMuZfQ2tP8DcAEeKeqr1ROpmLnUqDd9J5PDfAAOJ8divUYR6XTruuXTiEPJ3uhTyluzM8x0eMN3lrd065UxcpCVgAiSgpJB4KByyy2icQ08Y6WJ1xuHlLiHG0uIUFoUNSVDgQf05iM1Qh4NvHHWrqyWokI0vNz2CelYHjkYWouLzK5cNQ5C1Ut1L3etR0lpXVkVSMyBnwmDLshkMub9TTl0rUqelOZ+zE0k6griYr/AHtBA7y8ozymJZmc8tP3UW7lbJXrBuQqRBlKRz1HiNvsjDMnxE4yjwEyuJ7zjKi22xpO9l0S1K/QiDAkziNu7I3guzbE3AToDpQCvT0TnDinzLqoXq4pmkET9Cod0gd2krPQScKyfrOILrORuA0D2DUfnhVUoG+OfBQz7EpE4YtGO4Jc7vZto3i966rWZFZlNXW4efKEvEOJLWyt32mnEPXT4Uk7tWpLKVcSVDKcuAERXf0JLrcqE4xbb0srBMxPdJfcrNyFfhFXSk+nVKOduvOLSvUcpGDxXhKlXpG1sjzwUF0m8RT37l1lTTZ0ISVDNRUrYOPAQ9vG7ZyylmnJrjIVcP2y26TZ5HNsK4ds46DYIL1sw5LykJPq/WiLSsLNsUamzRkWAOHgYMdGpeqxZknydSfyTGrkoyfkGV3ZBRZuH4phxNi70GFxukOfUIh0UdwnbC5g8rC7fNmztXXjxSmSR0q2QXrXDt/WXXVb0FQ6ytZJnOfACD3V8OvXNnoSJnUCZ9kRKbhe7srlDvVl8YT4piZyuxqIUlUaqUJ5CkLWnbMeQrshepK01FkzSEuJyUn54M7tAYfbU24gEKHHoy4iIVjhpVPvA4CkjyVdo7YM1sAUBPNJGycVNMl8WDR8GMiNFPt9ojWFbQmUbBRcsw3lpMNLYlslBufpdmRNSYQqo002VBMXGYstuAlaIGmLGBIxeq/LJAlInDyAIaRxh0CIq/EVEsRnGRpEAiUZliRjpWjCdSPS0kf+YmC/yiSSqrq+5tR61mF3mEdOD6gexoed1MI3J9E2Kur7u3HqV9MDGsX+yHACNnG6IGj9P6TDZBWGL+oWFMYL15ctW7Y2uKlPsA4n0RJ0xzGv3N3izGZsy7oQq7NmxM9RptCiCQMhPLPhOFYeLDk1j/CrrmgVBKe1aVpT+URKFdh5m5aDzLiHUETSpKgQfMYKF1ylY3CxbVFe/Ay3rad2pXaQZgT8ZQj4QxBUMJ1/4PvNSGF3HdrphROlpeqQdRPyZE5yyIMH1rhftDKup0qUCHCmBpnDuGUIXOe2kKNcAf6U0SP2NQ+eC5VbBbuG8P1QCYcZubB4jYth5Zbn2qbPqg484mP7w2Lm1F8E/ltr/owm0Kl/DnKuoMJGp2zvn7hrp1NoQ4QPlIUoemDBoaV7+SEHEGIDXLOhNqKtdhYqt3CfjObzJXbNtKc+mOnYbs+4YcpFvKRRZMavlqTqV6zHJ6PYmp1Oxs0/xi5Zb4TkFLAUZdgnOO0lCAAhIkEgJSOgDIQDSsmMlBIiks5Q/u4opIn54um7SJlgNSgRcpjCI6DIrKNAjd2qLASgAxKYtKBKNEMBu64oHTnBL5uP6bWls/Wcdc9CUy/RQdLhP2ifkwQubq51Cko+qw6fOpP0Q56UJHVRWXbXtixe5d24ZwnZGWbq3lnLpVp9giTeYLwzf3BfesG9ZOpRRNAUe0JMvGLYPZ3OGKWn94n51ExTE2LqdhksofDrzr2aWm5agj65KsgIKWVUI5sDaMIctOXgKLVu1btIaaSEIQkJSlPAAQicx3C1hS7kc1rZR53BC3Y3rFSsmLxgktPo3iCRJUj0jsgv805pwykfWu2QfPOLbjy244WFPSm7YWE/lKzKzqj3SppCfEJVBdp/c04qJrGbffHd/r4atZlr+5g2cqUaaHdr+tdftUw9ifl9Z1y4Ve2zvc7lQ+06uppw9KgOBjCFN1NvZY3uQoNwi1wIHMh2ju0G33DrBdS8g2wZkep8YdXgJRTlbeqdtb6zJ/BqQ8kdAVMGXqhPvuWtWp9lc3S7m1KWG1OkJ1aiEjYPCHeVKx8LXifrWk/yVRM8yqQbjl1svEmKaqdDOap/vnTx0Wzn7cfRBpwmgpw3TB+8A+ckwU+apnXLUdFn7VRIv8appWHqbTaavW/3VAeeH7lOfVH3Xsi5yUdzd8IjUstWT8SZzMv7T4Jbsw+gv79tZaBmoJTtMjBfw5jC6w7aP2zDDThedDgUtRyy6BxnAawjV7yj3lbuCpASgvIS5MuvAcTxmBE7lk3ZXFQu2bi3aeWWUraLiQopkc5ahlE1ZzqThK2VYK4ZnKd1pcu1zMqwV9rbWyhPh1kS9MGLDmLafXhu0/YXIE1MrPHtQfjCJ1zRaXeNqbfsrZSSJH7NKT6CADHPavbHDOKFM2riglh5tbap5hKj5JO3LKKkq9FZ82bqinKcNXqdTCeA7BA0xrS9bDS/rtoVL5SQYtFRlm1OSfxyfVlJQJRciBKGIroMVUOqvwh2UUeW0whTrq0NtpBK1qMgBCaDiRk7PTCJzCVpwvc9rjI864kHGuGUO7o3wJBlMIUU+eUJ3Mu+Yew5b93dQ6i4uUSKCCCEjUeHCUZOWp13Th2DPKtH82qau1lPthEx053rFVy39UMser9eDHytZlQ7t7+FuUgfmJMFiuEvY0up/wCnNpPo0xmn9nLzE/hXmGiscv7KoMMLtSLO4Sw0lXVm04QgTKkiRBPSDESg8vLmyqLVzfXDKm2VBaUNhRLhBy1auAHpg4LEjLoAHmEoqRFRUWk2i+Uc6x87v8W3I46Ay36p/PB/sW9zYWjf1bdlP8gRzqrk3+Mbjbrv0N+hJCY6YtASNI+KlI9UoS/ueQqT1ZHqFMYqto5bXDRcacEiOg7CDsI2GCw/yvUlxW4qOlB4JdZ1LHZqQtIPmEJ1bu8TWlQf74/dtTWQ2oLcSyUz6u7KSEyl6YkUbHVWpqVN3Eqg2R1Q8shaD0hyRJHYZwp1NcsojlKLxTG8Q4VtsP2TDveVvPuvbuWkIblpJJCRMiUumF3l7vF0R/V5Heju5/J60F+9vqtjCotBLOojqttNA7toHIqUo+0+iDpSqc3Q6QzazB3KSt1Y+Ovio+HRC0lNOKwFH49AmYncN3ia7Az0qbZHoSPpgz4pYLGFnmhlure3QR2J0gwV6Ok1fEjR8oP3pePyAoq/aweb23bvmX2HBNDqVIV4HKGtavkCV3J9UwtcvP8AC74be7CQ7AsThfqVqu7pl2wnNTjCwnxlBSuLeqYSqSFpUpMj9i+n8G6k/EUDMTl5SDBpoNetq8wopSGrhsTdZns4a0bZbOyJg3Tk1LS/EIu10wt4VqTdMqyTc9VC0qZenxROWZHQlXGUK+LaTZqtl1RSlhxKW0tqQubbs1STsIPGcxKK1/Cqb11V1ZFDTx/CIVk28R256Vdss4SjQ8SOITbqYeLYVNKS8gspJymBrl6pwWcG9E1IlxlroybgdM767XsTbSPipxMvZBiMQqBSU0ezU2pQW+4Qp5QGQyyQmewdO0xNIggrXKjFpET778WKP+GWCR9xYtfoo04wxaof96oHyLRge1JiFZWy726YtkeU8tLYMshPb6BBit8M0TVuFIuHtJKV3G/S3pUNqUAyl5444qUn0MIVt1WweAjnE+JlDOr3HoaYQPU3GpxPiBAzq10fxX+ThSvcCKTJVpfMloz/AA50EdmoT1QwnAz8utUrFPhNXzw+XLr8xW3rw1sQLrENWu0aH725dRtSXJD0hIEQlOq2QvDBDXx6sx+a2T88W+86mJnrqa1fJal9MGV/6sTob2orNS7hDtULuHd2Gy71SdIGo+aL41w6/aUKnG8bSybyp2bLSD5eifWMtnlQqKvqTy/vmaghL19rbeaKVyR1jp0kTHYYJmNse1bFdUsHLhehtm5QtlhHkNzWJHLie2Kh9GVLXUuFGpTVpKzO3Cn09uwt0aWtLaES4bEw5YO2DTakNqaABzAltzgk2Ncu7qiLUVmYbXp/NiNhmuOvVB5ClnrtzzPApip586fUV8dDopvLUfHTFTUbUfHTBX704fjRneHD8aC0uo7+AYb6tWdvbOOLVNKZEyhLONKcELUkKKUS1HonCXUnFu0+7E/3JRHiIQMLPouL1+3czS6woKB7DCqQk2h36B7puNaZfamgSHEZSyM+0RFq+OLWxvSylsqICSZ5ZnpgmVKjVOmPB60DjqAZoUietHYqGrG0qtXqCXH0OSCkqdccGkSGyDLJaXFc6OcRjSCEDNIOfaIivYme4JAT28TCYonhDKuMbUqWupEm2Tn61dO5az54huOrcM1En0xSNjdQihJXKygSjYEVwEwNjrQ7LOKtDOHNMY1fiZSwMMVIz9MOSipGfpiEUIHMdWnCN4Olxgf+YITeTyJWFVV0vsj+RCjzPmMJv9r7H7YxD5PpnSKmf/akf3JMN8AWL8v3BtlAlGyjdJhAUlMxxaouLbqt2tKilabp5SVAyKVbwmYIz4x2yWccYrtutNfqLCEKUe+voShImSS6qQEvVAHE61R3zeUmwuVK1F21YWVdJKBM+eOcczUNpxddaPKLVsVHpWUD9aJWFeY9xh6xFPu7RV2w0TuClYbdazzR1+KejoiNQrK9xzjQ3TyFBtVwLq6MiUNtNqBS3PtkEDzwwsdOtwruzGvyt03q+VpE4clGgAGNhMAq83GtWFNfHd3tqqfRMqT88R+Tagug1Vrjpv0ql0BbAH6GJ/NZGrBl6fqu2ivM+kfPCZyU61jXEbRc2ip9ikOD5oYRxaFyl4Dw/SKqqp27Lm+mpTSVq1NMFYzLaZZZTlMmU4ViOtDhTKAIaY3qNSkYotOc4dVFFjKDBoRQxkotKBKOpGMnqYYwCLSgQBxBKBAjQM4BDb466fk/OY57zaP9+bDstD+3EdFfE0BXQfnjn3NxqVUprn17ZxPmWDFVf9uzrpSzbZeDDVQrpm0wpTrl5QS01YocWTsAnBCb73j7FxUZ7txzPoZtWz84i9fxeLzDtKollrSlthAu1DLWtKuq2MvSfNBs5fYY+AaXv30Su7sJWuYzbb4pb8TxMZ03njTguC1LUnUagnohet2G7VhphpIS20hKEJGxIguc10n72Edl2zBmlCDzLty/hS5I/cnGXD2AKzMbySVO39LLqr7KXkQeVC50G6R9W69qYNEcxw5jG7wzY3dtbMIccuHEqS4s9VuQPxRx84iSMYY6VJ3W6E8f8F+z9eyMaFaMItNN6vDzIhUUYJMPNdSXKJUR02ro/kmCNysJ++BQ6bRwRt1zIrdxT7myfYtyp5tTZdTNCkhQzMsxOJnKelXQubmoLbIZDO6bURktSuOn0cYKs1VlTtdWYpNSqRtcic1k/wB/7Y/+xp/bQMAYPFVf+Er1J7qyQW0HIPuDp+5Tt6YOdcw1SMQbpV60VLa8laVaVSPFJlxES7a0Ys7du2t20tNNpCUpEW9u5VVLhhYHSed31T1G7m2Q/bO26kp0LaU2UyyAIlIeEc2pLzmFcVpDs0pt31MujpaUZA+BBnHT5QUeZOGlvgVi1bKlIARdJROZA4OZdG2HuKV6X04x1QVIWSa4YhrBStIKSClQBSRtBEc2xIv4Rxq+hGeq7ZZEs+BSIUqJzFXT6Mq0uGnHn22yi2cEpEbN5P6sNcvKHc1rEHwk8klm3cU+6szkt1U5AeB80ZTq56SjxvZiqzU4pHRm2w202gfFQlPmEWjZZwIqOkUcsnqwQCIA4xYw+AiuXRBP5t3tyzZU+2QVJaecWpwAka9IyB7IOMJOMsO/fJRnLdEhcN/a25+7HxfzoUrtWRSaTVwn4dwA1XaAL9F44i4UtxtKDp3SSg9UKlnI7IQKnZVCmXTlheBaFNKnoJJR0a07JHpEK+E8S3WE6g7Z3za+7rXouGVDrNKBkHE/pziNi+poxBiN1yyBdbO7YtwBIr6PWY57YpqzR0Xja6Dry9ZbawpaFCkq1uuLXpM5KJlIy2ygk3QLmNXcpzqYy+SsD5ok4QxG/hWqLtr0LTarXu7plXFpXDWB0jbEa2U1d4zDiFa0OVLUhSeBSV5SgvaDXaO6aXgdPdyWrsMUnKZ6AYddE3Ce0+2ItSe7tTrt7+DYdV5kmKj8K7DX8PYc9oCDfYyt1ETC6gpfo3hPsjpa5knxjnvLW232JrZw/ubbrpPQdJjohiV8cmTRwb8Rh5hp9JbebQ4k8UrSFDzGOd1+3ZssRXrDaAhpDqVJQBIAKAMh2Z8I6THP8cIQ3ii5ltbZV4HTL5odTWnK4VVhYPVoxbM27PdmWmUrbbXpbSlA6yQdkJ+L742NAvXAZKWjcp+U51R5pwoWHWp9kT/orJP5AgucyroJt7GyB/COKeWPuUZD1mFDSC8EN6UyJy2s95UX7ojK3YkOxTmXsnBvMI/L6z7tQVvkda5fUZ7dCBIeucLMFJYvqwp/CiLVbVq7sLhl1AWktrMjsUBMEdBBgp4HfcRX7QJ4OJcQsdILZ9hzg2Vx3u9IvnfqW7pHjpMFXADO8rjSuO5Zec9OnSPWqCt8K8xVNJrhcOLgmYzTnFpZmGaleopthcXaxqDLZXp+sRwHpMPBFj3hGGCUvGGIHnVuof3aUjUW22kqaQmfFU0kyH1ic4WaDjFmpLTa34bt3lEBt5PVacJHBQPkKOzZ4REqivroQppkrDayit07iSHwPQUqBPo4wdghLY0qQHNOrUdM+k8J+VL4sFTBzQYt72qKTNTYSwzPYtQBUfRlCi086QsrUqZJUSZzmY5qcXl7SPT9vOcJPBE1DttcuOLWopE+okHgOiWcX1WYATrOlO2Qn7ISm95rAQCtZ4JSnUTl0ARKsmru0cLjti84NEpBKCQTnOWr1Q3T8ju+zpRS6LwJOuxO0jKZmrj2Rin7RUvs1mQy2Q18NSKgGljTkQUoSoeP2c4bNcWnglX5Q+gRLg0JTlLWMGwqc2rlO6skNJ0T1eJgiA7y6tRPMutj+VBs5q1Bd1eWWocG1HjMwVLCblUsU5Z3COPjF0Vc5d5K9VnVaQ0G7JpkDLQNXbqGcIlKcNnXkA5SeW154X7GSW0DsT7ILNccVZV91XDS+0955GLqxw8zBY2DoFKlxi2rIw0hetKVDgUg+cRYKh2JvY1xG8YdR9ZtY/kwU8Mv7mvtIOWpTjft+iDYDIjt+eCQp1VPxQBw0XsvQpX68TNO41YPW2BwjEnj6IzMxQMtDS/KMOiGleWY0ofGKRkoEo2UbKNiDJGBKNiwTCBs1lJnDwRnDbXlCHoxrfEXFaFVJipTnDkowpiRha5qZYUX/vLHzxE5OJ/vLUv99SP/ACkxK5sGWFwOm6Y/RwzydQRQqgem+/8AwkQ3wGsWGsJjZRso2UKwispCOT1AbnmM5LZW2j530n5461HJsRpDPMO4JMpVO2Xl2qaMCBHQ77BmGb95T1xTWCtZ6ykBbWo9J3SkifbKJtNpVNpDJYsLVq2Qc1aEyKj0qV5Sj2kxLKRGaRDGVjZRbTACYAC1zUAGC6j2u2g/+0IhI5JIPda4vpetE+ZLh+eFPm+vRg55P8Jd2qfMoq+aIfJJH95awqXG/aHmZ/XgfAX4mHIxmmLyjIBjakw2oZQ+ROKGHcBgjOMi5gR0x+FGMl9TKSgSi8CGIrGgTjQI0QCBIEFJ4HKC1zAwpdV+xYFpoN1bLUUJUdIdQoZpBOU9ogzCMcQlwSPoPRDxTi8Ga7eqoXjLB/IIeDOXNza3aL+soSndEFi21BepX13JZSGwbTB1jVNqQcwfGMi6NOEF9Pbc7KSgleLvcEN3Vqxe2zts+kLaeQUOJPxkmHZRkXlLklazEGmcusO0y43+6XcqBm2l8hSEdHVAAJHbOFwISEhOlMhkBLIDw4ReBCVOEXdJEqnFER2kUx5WtyxtFq+spls/NDyG0NICEIShI4JSAEjwAhyBBlV72Vx5Y3vZFJQCIsYyGJlCIotCVpKVAKSRIg8COgw+ltS8osGEI49aE5xRFStTprV38BAd5dYbvbnfqtVNTMyhDikoP5sLdlY2dNt029oyhhpPBCRL0npMPHKBGUsreC7Dkq1870VjJRsCRiwGUBncqBG6YtKNlAMzTA0xaBAAgYrwJT8SDfoULS8SJB4Dqr7HEjj48YTcL8tV0WoJqF++1cqamWG2wZAy8pUznLog4ERUcYmVOMsS6dSUfFIJfMHB7lRnVae3qfSmVw0lObqR8ZIHFQ29MIuAqBf3WILZ5du60zbL3rq1oUkAp+LnxJMdJeZlNScx8YRUAAZZRnVgu46aOWorlV5k+mE7FGr736pp492cl5oUobeaQ4hSFjWlYKVA7QYFoaSV0EXlpfWNjWXVXb7bAXarShTiglOrbmcvXB4bqVOeMmr60X8l5B9ioK19ytaU6pVlflhJMw263rCR0ApUnLoiGvlnXRki5tFjpKlp9Wk+2M3CSbsSrw4XD0AFDqkK+SQfZHOcVvi8xZehJ1SdbYHiAB7Zw8vBeMrLrMAqI/gLkJP8ooiVhXBFVNTbvKs0WG2nN8UrUlbjy5zHkqMhPMkmHJycWmhSvK2jDo01uWmGvqMttn81EoInMK6L2It0ODDDafzlTJ+aD8vNU453jxl5jFFy6tPVdS042dhEgk8egjOHa1LsHU0gHijW3dKJT2UjybdtR8VjUfbD/RBHXzBxBdBDNtuWdCEoCWGNazpTL42vo6BFhjbFNmpKn1zHQ/aoQD6QhB9cTGeRWs2EaiUcGL+N3+74cu+l0ttD85Yn6oTOXDE7iov/AMGwhr0rVP2JiDiTFv3wU23tjbbh1D6XXClRLawlKuAImMyMpmFrl9bbui3L8s37kAdobSPnUYUmpuPhqEpZpqwuHjEHErZdoVRSP9GcUPFI1fNE48Yq6hLiFIUJpUCCDwIPERbxRbWnYE7ADyfhtbKwFC4tXUAGRBIkuUj0ylGYvoTdJfRdWydNtcLKVIH7i7KYCdoQsTkPinbEJ9u5wtXhIZ2z29tyfJdaPDMHgU9VXbOFDFeK7Cs0pNraNOBbrqFuhxIk1o60kGeZKpZjZxiLKMpQlg8DFu3gHKgNJbwkzJMi7cuE9slqA9kPlIQ0XFSIEyQOMgJxtMSUYXpYlx1qJ+UVEe31Rj6pMK6JEnw2xyylldjr9Mp/8L+ego2Vui1ZRLJ95O8cVLrNoPBCejo88XW38Zt51Cjnq1FQPilRIMUeUe+9i7dGk/JUZ/thFp8IvE5q1SUqkrjF0ym++xuAGnwJtvJ4LPb86TCWptTa3GHUydQZHo7FDpB2QrPpLqMslJzSe2IdUWhTVvemSVJO6cE5ah2jsVCkabSvKnPV6PE55zIXOrMp+o2PaIQ6GjXX6cnjJ1J80K3MG43tfdIl5IAA4QnYVbLmKLFPQVHzCKo62Mt27152OoW2SB4CC1jdrd1Ntz+EZB9KTKDOwJJEIWPmfsLJ+XBSkT8xi6mDMXihcoz2/pdk7Oc2UT80ShxhIwZcB+gsicy2txB9B+iFUw44CkXnBLxw0q0rqnUiW8S28nxEHSYlBY5j232dlcj7ppXpzHzwpCaDLTbhN3YWz6eDjKD6ofhFwLed6w6wJzLKlNegHKFqBYFAJkIa2xdZ2Q3Gu3jrcUnwLCNlASIsExqQYBGyMaBGwMAJGcPgTAhtIzhxEZ11qi6YBFoEoEozGFTm1lhtkdN436krjOT6JYevFdN6r1Nojebx00CzB23g9SD9MX5RpIwy8em9d/apEIa4hokYEjG+iBD0AyUcjxadXMC7l/rC2T62o67IxyPECS7zEuEjiqr26f8AzWxBwYn8S7TrQTOEzF+JG8L0Vy9kHHlFLNs2cgt5QPH7lKZqPhCtpz9MELnc64FUVvUdErpcthUC2JnwHDxgiwauIyMccwb3VcsP3BaBkSzaIUyjbp1bpfTtVChReb1XsnA1WbZu8bEkqW0nc3DfSdM9CvDqQauWzDDOCKSWtP2iXXXTl1nC6vVMjaJS8IcxLgmg4kZWX2EsXMupdMpCXQfupSCx2Kz6DAkMLfM/E1IruDbRynXKH0O1BsKHkuNaG1qIWg5g8OPHZE7kuzowrduyM3qi5n0htptPtJgg4pw5fYWqqrG60K6ocZeT5LzRJAXLYcpFJzBjpPKgW33k2QZcClJdujcSyKHVOk6VDp0aZHaJQwQY4ouLxVQgYFIooS9MXIirmZhpXaBjRjJRaBKOhKyMJO7ZkoEo2BDBsEoEVW4hHlGUU79bz8uKjCTwVzOdelB2lOKfmOwIoi5ZXwUIcEjwhODWI4VadT4ZJ+TBPpz8YqWW15+SeyLyjJQ80lgaQqzg9GyhtlbCDFSw6Nnrh8RumKVWRqt9V42ZG3L31DA3L31D5okTPTA9MLmsft0+iGNw99WUZ3d49HnESfTGQcxh7dU4JDPdvrK80aGm08BOLxkDkyKm6qz42KyzisXjCIlmeJSBGkQBKADQkAxYCMlmPCLJg4gCUoEbtjQIAMlAlF5GBIwANkRUiLkRkoAuUiqmpzI49Gww5KBKWUJrMVTqSpyunYjK6vlCRjJRJOYkRPxhtTCD5PV9kRKm+B0U93F6S0GjOMhwtLHQrwihHoiWmjaM4zwaZkaBAEo2EMyGbqwsr5IRdW7L6ROQdQlYE+jUDIxIyipgbsFrjDNhZ2YkxbtM/wCzQE+yUa+w3cNlt1tDyFcUrSFA+ggw6YE4EgyxC/e8vqPcv7xpdxapUes0hSSjt06gSn5oWbKzt7C1atLdOhppMkpnMz2qJ2k7YfMVIkcoTSTvYShG98ChEVIhwpMVgYyFU6TYVdoN3jIdAnoXMhxsnahacx4cDthMawFREOBSl3jqQZ7tbo0nsJQhKvXC9x4AxqUaTMw7ZiJunFXYp2DI+9y0bOcrNtXp0hUR9IWgpPBSZHLYYmLlb01tG3cNNAfmifqiMUnT4R59Z2kdXpmlNrgXS64/aNLCZu2fUcz6ygEgGXYpElCHA5vEgpMwoTiKlx61dDrY1ZScQOCwNufxhsh1ATIvWn2javLa4LQfA8O0RUJXj8jDe7d06raWj17xu7duzdNsN7zdbreLLRAdPWIkkq2DskY1pylsAk2z6F7VOsKWT6ZkQ7cOhYQtvWl9s9QFtXWJyKFZSkrx8IbcrdsypTNwFNPJSCoeWj0KHsOcVJkU1icsxm+m4xJfrRw3sk7MhDeBUb3FLf3LKleuGK6+HateufWeVE7lu3rxG6r6rEv5UXR+LvM6nxHRGPJhNxwxvKCpe1p1tXozBhVaTpSIj4hYFxRb5H7yVD83P5ouZDxEnl2/qtL1n6joWPz0wY455QsQXFBcfWy2h3fICSFkyEuBy2xMcxBius9VjfJSdjDZSPy5ZxKeW4mr2Dqt9hr8I6238pYT7TCDjy/sH6Ollu5ZddLyCEIUFGQnPhCU3grEd7133EI1fwrilK9IBiXacuXisG8vEBO0No+cwNt8Pz3Cy+JL5b6k0u5y6veOr25ZwYx5MMWVjbU21btrZAQ2gSA2ntPaYdKpxUYN6DbsYTMxoE4yLCOiEbRsQ3qXSIsBGARcCKQjAI0JjQIsBBcDJdaHE5RUxZPGIrRuvIqOJaLSEaBFpRgWkEvnKqVIpyPrXSz/ACBEvlKmWE5/Wu3/AGiIPOgkWdJH788T+SmFLlQE/ecz095uZ/jDAxxxYY9J6YGgRaMKYAKyBy6THJL1PeOZahsVXGh0+S+n6I68NnCOQ2P2/MprbOuq9T0N4Ml4o66ePCChzgozl9h9m+abK1U97WuXlbl0aVnwCggmDf0wHWW7hlxp1AW24koWlQmFA5EEdBEEXqJoInJ7EjC7JzD77ml5ta37QqOTiFGbjafukqzlxI4cIPJ0/SeEo5bjLAtRwlUfhGl702W83rDzWreWapzCF6RMAfFWcjwOcN1Dmjiap0j4NIYbccSWnbppJD7yJS0ymQhSuClJ9EoCrkDH9ZGIcTXly0rUwzK1YI4FtrLV+cvUrwMGbka69qr1uVHdBNo6E5yCypxJMpy6yQAfAQ/y35ei3YcqdbtGyq4ZU1b2byArQ0sdZ1xJ4LUMkDiBntg30ehUmhsrZp1m1aoWoKc0aiVkcNSlqUoy2CchshsESdMZpMXlGQANLhtYzlDi4blnGlCF3foRVlZFdBgaf05RfKBIRsZFDIZmINzUT5LXn+iNqF4XDukHqjyiNvZ9MJlTqthRrVVzevJYbGUzmpR6EpGaj4R0UKCtnlgef6j6lJSdCjq+LX3EhRW4ZqJMZBPuuaul5QtKYVtDgt58NqV26UoXLzw7Z81LFawm9sH2AfjtLS8kdsjpV5hGi3W2jomcktlv5rPKEnfx1DWAYk214tkgK6yfWITqTXKVW2tdhctv/WQDJxHykHrCJcW40a0eDREJ7jaVLrNCS4MVkKC0hSeBi2mE+n3JYXpWZpPqhSSdXCOSvRlSl1TwZ6+w3sd5T92a+JFQmNlF42UQdGUblGSEXIjJQACUV0iLRg1GcxLPLPjABQiKyhwpipEAisoyUWjIBorKBKLGBKADI0QJQIANAi6YqkRcCAARbKBFHHggSGavZBqOEHOSijTIccoaU4gHp8IosqVmTCbiavN4dpqr1bSnuslCEgyBUrhM7NsPI7Xeh0Q2KSvN9wpKeSPinzxneR9Q+eEPC2M7DEgU3p7tdIBJZUoELHShUgfEQrwR5c8O00hs6EvIc7w3xM0jadg7ZnZAbU26kLbWlxJ4KSQQfNBL5n1522bYpVs4psvAu3BSZHdjIIPQDtiXy2t7y3oLr1wpSGnXQphLhICUpmCrrGQCsoirJKpkREtrTzWi7WDVIxukKyInDLF8hyel1p8JyOhaVEeOkmH0lCwdBn2Q3EznRqUX18UNm3SeE0wNwocFA+OUOSUI3hEuCfAUdzOIyWF/cxm5c6BDxE9sZByi/bJ9BlSF/UMVKHPqKh+UYYXJiHt0+iGi2s/FA8TA3R2lPomfmh2KmDkpA95LgNFsD4yjGBtHR5z9EOKTFJQ1BIh16r4lTGRqhFYMpOdvEVblvW8AVdVKE9UDs2Q3cNG2tHLlw6W20Fap8ZAdHSeiH1Am4Gf7okfkiL3RY3Sm30BbboLakETCpgznLsjzHDNJs9CNd0YJJCI1XWHka0210pEioGQ62k8B1obVV0F6bdjdIXwyebbcz4cFT2RN7hQrUBKbdaW93qA3j4HGXCchq8Yt3aiIeUrurawoJ0jNbhIAJJmo5jV0w1TSCe6lPFITl1qoLWltbVyhM+sF3KJyJ4nQgKiNd1W5DTg7pay0rPWd1Kl9Y5cYXxb0nW4kWLYKGwtU0JnLjLbEWrosRQ7u4TbNNfzZwp+zRPyZcSmG46IhVnBuyRx+oK13TyulxZ9cLPLBJ+H7r/Yf0YRHiVrUekk+cwZuVLX21Ud260IB7Bs9kaUlqjGbu2w9J8kRcgKBBAIORBzBiqfJi0acDKWJCt8OUa1eLzVm1rVnMp1Z9k8hExLaEeSlKfAAeyLTga8jKFZoadzeEYVTEUKiYEXGm3iTmsjZzjQCRASIsBIRajZCxNAi6RGCLgRYWLJiwjBFkiARoEbAAi0AGQBkY2UbKAY60rUJRaUMoMlQ+DGNWOWV+DLg7oK3NPD1QrNHtnbJlT67Rxbi20ZrKFCRKRt0yzEFDD2Pa7hewcprVvbLQFrWgPtuBbK1Gap6VAnPpjrGUMO06nPub12ytHHP4RbDSleconEDOZjEPMavE92XUFJJ4WdtukDwWE6gPFRgfe7zMfzUmtZ/WvFp9RcTHU0jSmSeqBsSAkD0CBAKxyw4V5mI+LWPReqPsfhQwHy6rlnX7eqVZruqLYqdSlbiVvOuqSpInpUoiROpRVnwjoMhGw7IAQIEoEAGKSlSSlSQoHiCAQfQcoiNYeozD/eGqZT23pz3qLZkLn0ghIkYmQIAKFMosIBECAEZFFmQ7YsVZRRSpxVOOZhJ2RU5xmmLSjJRvFZdDJu+pWUM3z4YZMvKVkIkQm1VzU8EdAjShDmVYR8TDf1nt9rUmsbWXmyKojifTHN8S1S6xbiRNrbTW0l3u9qifVJCpKdMjIzO3oEHPGdRNLw5fPpMnFo3KOnU51cvROC3yopW+v7mpLTqFsjdtzHFxfEjwTnPpjfdtrJRj+LRnm+lwi+du6qvy02r63YYqZgXD1jaNtPWbd6+QN666VHUvbpAkABs6YvUeVtAvLcrbt3LFwiaVsOFUvFtZII8CDC/TbcOOFahkg5eMKKiAnshVI0qUYwUFJ44G209q3cp151pU1e0UjjlcwxW8H3Kbxh1RbB+yvGJiUtjnCXalQkYNGDMaNYgQLS60tX7aZmWSHwPjoBPldKYMlStbN/fMOIS6w4CFoVmM+IkejZHL8S0q6wfiBt21UUt699Zr+5nm2ctnDwkYUoz2yjWhfI/iXQFOn6g6m2rZedG+Sassx00Qo064C0aFZKT64RaFU0Vmk2l+jLfImodChkoeeJzDhadCx6Y3mo16N1xV0clCrU2G7s3hLLLxQrBMCUaghSQemBKOJrK7M9yE1UipLBq5UiMIixjDAMrAjTGQgBKMIjZQJQaAUIjJRciKmGBSNgERkoABAEaRnAEAcSyYuIqmUWR88AIx5e7TOeZyHjEfMmZi90qbmnYn2mKRcFoduwoKMM7xYIYqFlbVK1dtrltLrTiZKSfaOgjYYeVGRR0NXVjmeIMPVDB1RQ/brc3GvVbXKeKT9RyW0esQa8K42s64lNtclNteJABBybfP1mzsPSk7eELd3aW1+w5b3LSXmnBJSFiCHijl7fUpS7yk67m2Sde7H4ZjblIzWB54xqU5Up56fbHqY5Z0ndCZjO97/iy+M5pbcQwPuUolP1xMxxVrsXdvSGXVIs7S1twG0HSl1SkAlZlx+5nOC6gzf1u6lddJXPyyJ9ae2FbF97TKjVGrqnOKW0u1YbUlaFIU2ttMpGeRmOBEYSm5Tm72uu4zcncrT72/wANVdtxt0Bad2pwNr1tOtrAOlUuOXpBjqNu8HmWn2lZOIS4nwUJiOOI4x1rD+v4CpmsEK7q1MHI7fmitq3zWnhY0oLM7PAUGnwvqryPT0w4REeHWnJkJV6D80byjxRG62Vk50+1W+aLSjCItKBEnKUMYYuROKmANEVjDGxkAhtZM4rOLL4xSEMxUVjVcYyABYbmq7l++KPqMUuLnU8EJQ2dDsgSNRMkyVpEwQZq055Zw6iXeCR92fXFn1MWyd6WkklWwCZJBM59J0x5keJ3VPwjJu7MFSC2CTpRoIT1hwSJHZPpjHL5lhxDYt9OsKkEgZyy4pBGw8ZRXvBWi4ISJk6kJCUTbzl9XPNOZnGi8uVah3cTSkEzVL4oJHk5nOKJ6FF1EIe0qZUmY6JjIgcQNs4gYruv/daouiYBt/2xEKAublTanDakSGSTqnxlwlxyhK5hO6MHXZloLm7EuiZnL1QuAn+e45KrNZg3cq0fzS9c+tdGCgfKMHHlamVDLg/dH3DPpjbbkNXdg4ayIG8MVSchF40+kiVKXmZGiBGiKMzZGNAgRYQxmCLiMAi22HfARo4xdIjAJxZIigLARcCMSIsIBAjRGCNEAzRGgQI0GATAZxZCyMjGCcCUKUVJajTaY8JKjSIZCiIcS70xlKk44aouNRMvFdJgBY6YGqIHcyBAgQCBGygSjYAKwIBkIzWOiHZskCsooVdHn2RpVPj5tkVi4UW/iByKZmBF4GkRtGKSsuBDxKygSjdJgaTDsBUwk1D/AApfjKFfTnCRf/4U54/NG2xV63YcXrr/AOD/AOpBO5sOqTSbBgfulyVEbSEo/XiVyyZ3OGVOEZvXLpPgmQhH5oiouVS1QtCu6hmdvpRkpaphc5cTwhNp+LsSUayTT7XcMIbKj17ZSnpqzOorV80VXqKO8UmnaJhtNu6no8qcJQz1JXxOoN1HujBlobAJUpaz1Uj0yHrhBrHMyg2ZUhNw7UXB8S2ALc+jWrSj0pnBQFvjTGTqULN3dIT9Yd3tEdpHVb88zC/SOVNkzpXU7lb5kDubf7NsHoK1dZX5oTD5s6svsqL14yw+ZMNv7PRUdzuVGKwhDH5EW45r3efdqWynoLzylkfmoCf20Ilbrtbxe+wl9hpe6Kgy3bNOT6/GeayY6Fa4PwxaS3dKtTLa6kvn/wA3VChb21taiTFuwyP3ttCP2qRDe23VTSc1Z8LfxFDfen7eSnSpSlJYNsTcIUt+k4dsrW4BQ8EqcWn6uszl4jbCpp7Y2HGLZx9YSn0nYI3pwjRpqN8EcdapLdbiU7azfC+JPp5Uq2QT0Q+ROMaaDaEpGwRpjirNSqya6nu7KEqW1pxm9UtSiorFlRWINTJQJRsCACsCLSjDABUiMIixEYRDQFCIyUXIjCIAKygARaU4wgCADQIsnKMjRCBEZw6nFn7owI15IS4vzxkaxeiPS26XJjboZAIiFX67Z4ep6726Mwnqttg9Z1w8EjLznZHP7jFuLa7cPOW7142hA17qzCghhH3RQJnxJziZ1lTxVyp1Ix8TpUoZqL4s7G5uFcGmXF+ZJgq4GxxfX18imVNzfFc0sPlI3msZ6FkS1dmU4VeYVQ7jhe62KfKGE/nGZ9QhQrRqwlbRpEuopRbXgETC9FTiSuptnitpDu8ddUmWpIzVlMEeqDBc8pXgs91qbej4oeZOoCf1kKCT+TA5TWQNxUb0jyEIZSeOasz6oO0pxlQowq5nLroTSpKcLsKNF5YN2t0h+pXSLlKDqDDSSlCyDPrqUSZdgAnBtSkJkEgBIACQNgHAQmYqxNbYYsQ6tG+uHJpt2Zy1H6ytoSNsExfMjE7j5dS+y2j+CTbtlsdhJSVedUV9jt3otfApcujK2LOjCBBbwnj1FbeTZXraLe6V+CUj8E8fqyPkL7OBgyTnGlOrGpF2evFFwmp2sPtL3ie0cY2GWV7t4HYeqfCHzCnHW5xb2jyqt1hLUpFDF4oYk5zIw8I0xh4QANqisWVFDCGYRFZmLE5RSAYu24+2Vl8U+tUbcXW7d3SW1LVp1THkp4yzkc8uERLWsWN0pDlk8y6tac2VLCHemW7Mic9sSw7fmf8ANkj86PMWh2uSnqhgXtwlIQWFqUB1l6SEzmBMSTnxB8Iq9cVEpc028ghQAKdWpRHESUnhEhT12jjuUeKh87ghpd6pPG6skfsjfzrMGYWV9V3jJVfbxxQae0vJVxMigzIEhq6vGcI3NBYZwoW58X2055nbC2upNjjUbEfsrMFTmlftO0NlCby3uPtpkNOJXpkBmdPCHmBxssUc4eOhDquhB9kHrlm1owzabJlavOYIV47K2fP72qDlhPFVKpNCsrdxNypSGhq0NgiZz46hGtOSjiZrRhzSMocAhGtccUB5QSt15ics3Wjp86SqFlh1q4aS4y426g5haFBQPpG3sjRSTwKumaEyzjZRYCM2dsODM69PBowCUbA2xojSzMgCLjZGARYCBAWTF08YqIsnjFIGXjYwRogYjRG7Y0QIABFhwisWHCAGARsYI2ADJSjRAgQACNnGQJQWTxQXaN1EQNZgSjDC5cOiHmfU0OEiBrMZAhcmPiCkCcCBAilFLgLUE4E4ECKFcECBAgAyBAgQxGKhIvx/O3Z9IhWiJULJTx3iPKlmOmNNnNQrK/E5fV6M6+zkoq7i1K3UTiAZTAUBwmAZeEwYwtMqVqLbSlbVFtBUfSROLaFAyKSJbDFkNOOmSEE+iOz7KWrSdzxoutB2WdW4K5XgJDh0cB5o0atXZ0z+aJdvSirNxWnsH0xNYtGGvJQJ9J4xE9zRpYW7Dooel7rc/VJNLrJiezY3DxyTIdJyiYzSmxIrOo+YRKTFxlGNTe1JaR+k7dv6Lt6OtR538hlNhbjg3OHkNBAkmSR2RZPCLyjKVerJWcmdMNrt6bvGnFPyG1JkIbIh5Qhs8Ig0G4rFzGQx3BFSJGG3rplhPWMz0CIjtVXPqJl4xcKFWeETGvv9tt9JTV+nEnEmcDVCb8KPn6sWTVVjykpP6fCKezrLgjKPrOzk7Xa7CdAyhhm+Zd26T2w+DEOEoPVM6KdelWV4SjIrAPCBAPCJKKznAgHIxkAwdkWSZRWNSJjzwDRHWvUtR6TFYAjFqCEqUeCQVeaNFoj06KUaMP2TnnM+sLva53NK5s2SQnTsLqgCSfDIQrcrrilMU27bVctC5ccJeZc0oIbAIGkk9YcYK1rbHEWK904tUru7cClDiEzPDZkANkK1Q5X1i2eJsX2btv4pWvdPeBnMHzxz1HKVTNa9jC8pzbtfETKPNWL7c2/+sSW9PRvD7YMPNy9A+DrPjNTlwv8AapyHDbD+C8BvUm8FQqK0b5A+xZQdYQojy1LymeiQhD5l3PeMUONzmGGG25fdEThrNCNSTWOlh5Wqeulw0ctLIW2GkuyOq4eWufSBkmDBEGiNM0vD1OQ4ttlDdq2VKWoITM9biogbYarldskUGp3VrdMPKZZUBunULko5DyZyz4dMo029qdFdrNItRpq+hz/GdZXXK/cuBX2LKiwwNgSjiejrHbBtwDUaFUqT8Gs2bbTjDY7wy5pcFwCSC4CUifamXVgq4Lw6ziGqlm5UvcoZcdcUlUjr+LMyO0xiE1HBmItoXbL/ADX2j8yh5jGLcnN1cVexjf6sz4m4opow7iV5q1JQ2labi3l8QK62kEbEmYA6I6RTbk3lPtLkym6y2tUuGqXW9c45riuss16uKu2UrQhTbTYSsZ6gM/bHSaQyq2pViyrJSLZoKHQdMz7Y0pK9e8dEy6DTlKw8REieptBhjbDzA+xlx6x+aNqqTXTzJ38fsb21ujDtjDGnbGGMjhMMVMWMVJgGUVFDwiyjFYGCKmKGLmG3lBptbh4IQpZ6ZJEzCKNRh6jpdDLhu3nQQFPtkBKVEDMJHADbDd9hGsFX81uFXbJ8kqeUlQ7FAmXmhfSlLJUCAlRW4oyMuKiQrgciOJjEDf6ilc2yolOcgQMp+kx5c7JanWqCatG68gqLwZXDxt2leLoMYMC1lX8WtU+K0/RBs7uDt9ZHtMAW6dpT6zEZo9H+ewPYnxnP89oUjgCrD/QkeKz/AEIL+PaHcUOzt0PKt1l1zUNyZ+TkdWQ6co6Ypls5dWfhBB5vqSlynoH1CqKhKOZXXzE9ooqUs7enUIV7/gVwZbEiXylCDxRcJ0JNLtn6hdraU4yhc1PBpKZjYOMEW+M7aX1nWk/yhBxpODK1U2mlulu2bKRIvKK1yMuCAT+2EdEXphf8+RC/ybWKdhFhtYs6ncLdHko0KeQT0FRSmXiDFMHVi9ptWtm2VKU1cOJbdZzKSDPrDoKeM4W7XlxYJlv7y4dPQ2EIT65mFik4Yo1IUHLa2AdA/CuFTjg8ConT6Iqz6JDjGWbQUYzbFoyUNYly1TKkZxoEaQMoEbJ3RzSVpNGpiwjAIsBDEaIumKgQ4IaBgEaIEaIBGiNHGAIqt1tpOpagmDUUpKKu2kvHQcgREdqzSMkjWenZEdVVuFeSEiNI7arLCJzVvVNnQdnUu/DUVOMCEj4Sup5r9QhxFTuEeUQqK9hreBmvXNm3+PzsKcCIrNTacyX1T6olAhQmIznSnTf1Jo6qG6obhXpzT+80cIBEaIEoRoZAlGiNlABWBFoAgAyUZKLShu4uEW6Zq4nIDbDim8CZyjCOaTskWiq322x1lBPphPfv3niQOonoEMHMxvDYzfxOx5+49do09KSz+IqG+th8eAi6Yc4LEJWUCL/l8feMf/2Cs3/bQsxkJ1tfraISslSOHamFBC0rSCDOfAxjVoTovXDqd2z9Qo72P0fTJYxeJkCLQzdXbduM5k7ANsQotuyNp1I04uUnZIuUA8ROAEgbIgmrO8QhPnMPW1RbeOkjQron88aSo7iMb628znhv/T5zsnHM8NCUmKqfZblqWE/p7IQcR8wcPUVSrdy+SXR5TTILzvhJM0pPylCC6vmtSCqfcaisfWIYz9BfMKMIN3nNR88R7jdTpfTRpSqeKWgfhf2wPlj1/RDzT7To6igqCLa8y8Mvy3i7m2J/hWZjztFYhcptTtL5oXFjdNXCPrsrSoDsMsx4GNVt6M9IVE2cr9T3lF3q7eUY8dP9Qyo4RcCIdOvUvp0ryWP5UTxGFSnKnLK/9Tu225pbqnnptPqunmUWiGlJMSYopuINSIrhEG8qHW3bR8VfRF6ndapttnLaensEFTGOMmMNNi3t0ouL5aeqiY0tDYpeXHoEdFGgormVNFwR5+/9QlKfs22vKbxlHWwo1atU6ktF2/um2QcwFGa1fJSMzBZqPNK3Ssop1kt8T/Cvq3aT4JE1eeEakYer+Nb1d2+4oonNy6eJ0D7ltO3wTBtpfLzD1Ob+2aVfObVOkhM+xCeHni1Ur1f7MbR6swltNrtrS3lVzqPVxV3YLv6p1a1/4JZgfnk+ecSbTmirWBe07qbVsLPsXl64NJw9RNOn4PtJf7JM/PEK/wAC4cvkGVr3VR+OwdB83A+EDo71a50/AXP9Jby8mUV7w5SsU0OsHTb3SUO/wT32bnmJz9EKjN2/b8DMdHEQQqzy4qliVP2DnfWk5yRNL6R4bZdkNUHHFWozotqhvbu3B0lDgO/b8CrM+Bhc+UXlrw8L20LWzvHmbKvdrXLfXuOnsVBl7I9VXQYdhBsb60qFq3dWjqXWnBNKhs+5PQRtBidY32hW7cM0ngeiFV20ZRz032dTTaerTjNUdzGzvbN+8UFZGMgTnnA2RgeitQRqJbYyM2wuIyP8Y+MRqw7uaTfuzlpt3iPHSYlvJ0Oq7TOE7E0/vdqZHEWy4u94dh6NOebbryCDy5aL+KLdUvIbed9MsoP99U6dTEt99u2bbeKkjeGRV4ATMu3hHNsM1tWHb7viWA+vcKaSkmQClgSJyPCJFjTq7jqqKdcUV5zduFfgbdJ+KgbD9UCMYVHFy0u7mdOpkurXudLbUlxCVoIUlQmlSTNJB4EEdkcsr12i6xRfPOH7NV7pJ6EpUBHS7W2aotISw2VKRaWypKUc1aU8THJXnd86659dxa/OZxVdvlK/HUdad4rgLWJa/f4uqTVlZhfdWyli0YBPXIy1qA4kyn2CIFZolQoF4bK7khakJWd2olCwdnAT6DMQa+WeHG2GFVm4RNa5t2oUOA2uD2RTmzahTVNuxKaVuMnpIOftETCEpU227WWhDg3DO2+Ct5g5T22VSfOzdtj05n2QY69hymYgZS3dtkLRPdvtnS6iewK2jsMInKtGmk3y/rXCf2pg0xptl9D8WaUYqUHdBcpXLml02+TdOvvXu7M22nEpSgEHIrkTrl0ZCcGMRkbsjSNKEXdJIqEIxd0VMP2/4H84/NDESEDQ0hPZPzxVTBmW9aVC3WSMMVixisZHCYTFVRYxhGUAxpUZF1JipEJgjDFFp1ocR9ZCkflAiLkRhEIZNVeXjj6lJVpmokDSkyTIyGYPq7YxsuspkhQAzMpTHrGUBBZHTGPXDLYymtSvIbTmpX0DpMeT8R7aoU6eCHWHXHXUoW5pGc1AIEvPFzonmt9PbvLWIcqkR+Dt0bZHUZfyhGKbqZy/mo/NUf8A8SFlRM6cZPoPuBAJ+2d9LrHs0xz7mw4DVLZCHC4Es+UpSVbdkoO62KoZ/wCDdHkH/KxzzmSp0V1LbgSFIbE9IkM5dpiqcFnRjuYqFKTuwuXTSVLsm0rCt5ds7OHHtjr1MTJhkfcJ9gjkCFITUKXr8nvaVq8EQcb3GVVv3BaUtLjCFdVIbGq6d83k9so6KbUcTkT1D4lMOASjnvwLjVA7xub+flTDwU5+SHNXqiVQceVOm3It6qpb7EwhZcErhk9M8ie0KisxSqJYph30xukxrLjdw0h1pQW2tIWhQ4FJE4vFXLKAceyMIi6UeV4CMjSngc+4VpgAjUwAIsBFkGpi4jAI0CEBoi0oAEoDi0toKlHgJw8RN5VdsZurpFuiZ4ngITHn1vq1KPgNgjX3lvrKlf8AZFNsdm32ygryxPE9T9TnuKjhTbVNf/YyMdfZtmlOvONsoTmVuKCUj0mEHEmObWkLXa2aU3d2Mlmf2THyiPKV9yILrVpinGVzqWXX0g+Ws7u2aB6Pi+aZMOruadJ5Y3lLojPbenVtylOdqdP3pBiv+YlEtnCi3RcX0stTSUpR+U6pJ9UNW/MmiLdG/tL23+Lr0Icl+LWVeqHKZy6pVu3/AD9x28ckNSUqLTQPZLrGXSfNDl7y7oD6fsF3VqrYQsOJHilQmfyohy301mSSNeV6NB5HOTfvLAUbDEFIq0u531u6T8TWEOjxbVpVCizd3FvwOXQeEECs8uK1Yo31ktu/SmZk2C2+kdIQSZn5JJ7Icwnjq8pz6bGrqcetyd2HFzLtseHWn1lI2KBmRLKE67WlenbxH7HZOpsNxe2uS+p0+yvm7puU5L2iJAhBtbgIcQ60oLQQFApM0qSRsInlC2y6l1CVA8REV6KhacfhZ2el+oPcZqNXSrD5l4YuajbW2Tigk7JkJn542+udw1McTkI5nzVee+Eqejer092KtAUQArWRPIjoiYwTpym8FY13O7yV6dCHxzv2WOkoqbMxMET28YlIWlwTBnlBWw065c4dprrqita7ZsknOZlKfp4wtUp8h3dnaMo0ltVKiqkelzmo+rVIb17esk/qyqSJz7iWWSo+iEhx1brhKjP5vCJlWeyQj8+E7Xt/T0n1ReyppRcmr9DD17eTdRUYvS134kWuV6nYeszcXi5TmGmk5uvLAnpQPaeAgj3/ADDxRVXVNU8d0QfJRbN7x6XSVEKPmAiJfXFRx5ipttK9KX3izbA+Qwwkkk6Z8dI1qjodAw9TaDbC3s2BqCRvXykbx1Us1KURw6AMhsglVqV6jhTdlF2bJpbXb7LbU624jnnNZoQemnjj9xz/AODuYdz9v/f49pXcj5xAYxhjLDz6UXTlysDqli+bKvGRMlg9oVHTNewQk4yXT28OXz97aJu0NtzSjyVBZOkFK5EpzIzED29aKcua9O77wp+obSpJQltKersrY/chvC+L6dihghsd3ukCbtstQJl9Zs5ak9OQI2iDLSXtSd2o5p4eEcSotSepFVt75tRTu3ElSfrIJkpJ8UzyjsdMuEl1l1J6rqUkfnJmIKNd7qnKMlrHiXW2v8t3lGrTbVOo7WfC9hWMI1y6pxxSifjEegQs8YRbptTby0n6xPnidklzXfpobeuSqLbQy4N/V/gbglY8xlU2b96k09e4Q2lKXnECTy1EZpSuc0CX1c4Ok+2IT+H6Jc1FNQdsm13IIIcmqRKeBUkdVR8RHTXjOVNqLtc83aVKVKvGdZZorh1fiFLDvLa6qLKbupPqs23OuGwNdwsHOalKmEg9szC+nlrhfRpKb1R+t3hIPm3Mh5oXRnFwIzp7GlBfV9Tx1Ndz6vuqs/okoRWiS6BWueVFKcB7pf3LB+KHktuo9JShCvE5wW3WMQ4CqyTqU0uc0lMyxdIBzBHBU+3MR09OUIHM22t3cNKeWmbjDze6VtTrMj54Vba04qUoXjJK+hWz9UrSqxp18tSE9HdCxhmvW9dpltfsdUnJxG1tY4p9GyDPaPh9lKhx2xzLk+p3cVNsmbYW2oJ2BRSNUdCoritTidmXzxK/4jbKUvihe7NKbWw9XdGH9uray6XV0KMRKlebhrQk9dfqESlKkJwi3j2+fWrZOQ8Iy21Lm1V0Wp2eq7z2Xatx+KWiE3ENXaolJuqg5nuk9RP13FTCR5451hykXWNMQLculLU2Vb+6cnwTqOlscePkjsELPN+rdaxpaFcJ3L0uk5IB9E4VeW1JFPw8l8pk7eq3yiRnoz0DzZxrXtUrQox0S1fYcOwXsuzq72etRvLBvxvdi1bW7Fmwi3YbS002AlCEiQEPs263lST6SYva2qrlyQ8kcTCm20lpASnhGlWvDbRUYYmez2VX1Go6lSUrX1k/8EVNKZ0daZPTEe4pLiZltQUOjgYVIwiOdbyqpXvc9GfpGznTUclrcRAWhSCQoFJhBxZhC2rbDj9shLV6kFQKQEh+XxVgDNXQYO79qy+JLT6dsJd3artVy2bDG8KtLdRyyVn0f+Dhr7Lc+myVSnJuPh/lHMcL4husL1M211qFstzd3DR/clTlvB88dBSpK0haSFJUApJHAgiYME3mfRUsXTVTbTJNzNt4JGSXEiYV+cPXCvy/qy6lQww6rW7Zr3SieJRxQT6MpxnSk6Fd0pfC/hNN5ThvNnHd019UdKiXhxDXT7grQW1HNPDtES9sJDTpacCxs4wrMqS4gKEG9pZJ50tH95v6Lu+dB0Zu7jh4o0iMPCNMZHOegN3SNQSsbMojvMN3LLjLidSHEKQsdIUJRMkOHEQw40WlyPA8DFwZ07GsknTl2BUHK2koud6u4u3mpzDIDYMugryUR4Sgx2llZ09hFvaMIYaSJBCBIeJ6T0mHs4ECpxUrpG6pQTuhOxZcm0w3UnQZHclAPavKOZUimLqlStbJHF1xIV2J+N6tsdWqtOaq1OubF0lKH0adQ4pM5g9sjCNhfA7WHrpy6cuBdPEFDZDehLaTxyK1Znpyia8JVMvRE1IOcrpC1bsM2jDTDQCW2kBtPgOJ+eCxzTBVTqb/AL0r9pBqlDV5YWdRtzb3bDb7RIOlYmARwI6COkRSj9nlw0sVKD5agl0YgcsE/wB5rn/ecujJMGaGbOytrFgMWzTbLQzCECSfGHoqhDlwte4orLGwIyNMa22XFdm0xd7BOahFtvADLe8VP4o4w9qjJpA0pgDhGc6jk8Th3O4daWj0WBkZKLSjdIibmQ3AKYc0T2Q1Ubhum2FzePGTbDS3FZZ5DIekw74gmJGJsY0/DmlpSO9XShqSwk6dI6XFZyB2SzhAt+aF9vR3mnW6myc90pxK0j88kHzQW7q5uajePXdwouOOrU4o8ZT2dgHAQs0NijVqjX9NdZbaqbKHLuxuElKHHtI1FpR2y6DMyOXCMKtWbnbA2jBWv/gONIrNhXLXvNmskT0uNqyW0rjpUO0cDwMSTBF5d1FdtX2GNR0XjbjK0z6pUlKlIMuEwpOR45mDyYdGTknfFCqRs/BkpKVOOBlsArImpR8ltP1lfMNsOik2iV7xRfU6RJS96tJPoQQAOgSi9OaCLVLkuu/9oexPBtPgE+skw9HjValnZdp69eu5SaWCGO4MbVXEv94e/pwyizt1J1HfSV1kgvPTA2fH28YlPfgXPkn15RUyn2cInmS692hmnLqMfB9t0O/j3v8AKRyzmIoffJdISTJBCRMk8O05x1rLojkGOXd5iW/UP4YxrtZN1LeBlvG+V+eojKGqpWA6N8r2R1HBlBapNih9xAVdPJC1rIzQDmEJ6B09MczsdBxFYb0ybQhKl/JU4AfVHXkXTNtYLuRJTTbRdSQclJCZiR7Y7qKTdzGK1uXva1TaWEm9u27fV5IMys/mpBMvGCrjlzD1UYRUqbeW630q0PtpmhTqVcFaVSJI4TAhPptneYvry0uvFBd1uuOkFWhA4AAn0AQMT4SvMOraWV96t1zk8lsgIV9VeapT2QSd8ETKXgGTljVHLqmv2Lqpm2UFNz+ovZ6DwgzwS+VST3upK/emk/yjB0gjh3l03eKNA8r5MUIzhwfG+TFTxjWlgZ7n4kZF0gxgi44RZlYAjRGCNEADg4REqh02/ioRLHCIdXMkIT2zi6P92HmYeoSy7Os8PpYnQmYtqqqPRH3m1Sec+xaO0KV8YfJGcKkoKXM11Wum288jvXpeHVHtjt3E+XRk1ppieHsqUa+7pRldpy1IuBcMNVl968vQV27Ch1CT9u6c+sdoHxumDuhCGkJbbQltCAAlKEgJHYAITMD2ybXDVpp4ulx1R6SpUvmhWjPZUly1Ulq5cTf1ncye4dCDywhplWiMS0pfATh0WNyR5B9X0xMpbEm9ZHlRLlBW3TpSypFbH0ZbqjzZycb4fvEJQW2opVx7YKXMHC6XWlViybktH+GISPwif4SQ2j40HusW4Gl4DsMJykIdbU2tIWhYKVg7QRIxX07qlqjKarelbtJO6T70FnlziFVwwqkXK5uMzXbE8VN7W/Rsg70l8yLZPDh4GOU39pe4PxKCwFDduB23In9qyo8PRmI6TSroOqYdkpBcSklJyI1CYjOknKnUoyxjdxOjcShQ3W23dJ/TVaUkvHEUKseq2O0/NHNeaDuqusD6lqkedSjHSKqrNA7PnEcw5lL1YnWn6rDPrTOJ+HZz8WjVy5nrFPwjf5B6oCBb0KmtS4WbI/kwo2KtN03+nZCfTDppFhP/AEVj9qIm07rXjR455eYxvSV9ov2EefVl/wCKz/8AXX/mHaqFl/8AM+iIxZ1gJnKYUPOkj54n1Rn7MOjwMQSrriWwQtq1y7dGyvWITW8ba0lGLRy7DlwcO4utzd9QW925bOT/AHMK1tT9E46qhX2apfGAz7IJPMnBNzduLrVOb3hKR3xhI6ytI/DJA4mUtYAnthLo3MiuUqzTautNXqWQEoW8VpcQkAAIUQoFQAyBMz2xlTl7PuJ5lpJ3vwOirCXqOyoSpNOdKORxb1fiv3HRtHbBJ5nYoY3PwHbKC1qUld2sHJAGaWvlEyUeiUJ1S5iYmqqSxbBFoFzTK1SpTkuxSioj0SMScKcu7u6um76tpU00FB3cLVN55XHrznJM+OozMaVdzzIuMFKTemBntfTvZ6irbmcIqOtsW30tcK13bXFoptt9otLcbQ6kHa2vyVeBkZR12iCVnTNXEW9tP8hMc3xi58KYzum2pBIdZtGgBkA0EokOyc5R06zRue7o2IDae3qiXCMtnScatZdEzp9arKrtdpJaXndeQtiIlSsS8jWnyh/KiWNkQqhe6RukcTx7BCp5lW+nqdG6dJ7J83Bw+dhNUJGNCZxoBnMxS4ubeyYdubhYaaaSVLWrgB9PRHdwPBxei8hwCUWBkIIda5o37zqmaQ2i2RMgPuJ3jyu1KDJCfSlUQE07HOKlalpqN0hWYLyltW8j0BRQ3L5KYxnvYRdoxc34HVS9JrzipTlGkv6g+VDF2HaSCLmo2+sT+ybUHnfDS3qIPyiBBMxhjh7E4bsbK3cZtUuBQCs3rk8EzSjyQNg49MSqbylqT0jf3lvag56GgXnB2GckeYmDRQsGULD+lxhjf3Ev8Ifk4sHpQJaU+jOJlPc19FDJF43x+40jS9P2MlOVV16iwjH4bjWAaA7QaMO8J0XFyreuI/gxlpR6Bxg00ae8dOyQiIlLjqwlImTCrZ24tmgnb8Y9sOpk2+3yX1eJO25/qHqartZVGWbDS3BFrx/dWy+k9UemEfjE6rudVtA2zJ9UJd9ci0srm4OQZZcc/JSTBs4ZYOXUPXq3M3EKV9Ir7zmGLLhVdxpctp6wVdN2qNuSV6Ppjp1qwm0tmWEiQaaQ2PzUyjmWBLZVVxlbOr6wC3LpU+wz9pjqbadbyB0rSfR+kRO1+qtWqdi7i/Vfstrs9thpmkKVmyGWUjpzMORuyMjCrNznK56O0oxo7enGOn0oECBAiTVGGEupXCXju0jyTmfmifeLLdstQ4ykPTCPxUI22dPNJzfA4PW926VLkpK9TG/BBb5hVSjN0a4p1w+O9LDbjLSRqUFg8VS8kEThC5Y3ZbrVxbfFuLckjtbUDPzEwmXyV4gxW40tZndXxb18dKNZG2eQEHjDuC7DDj67ht1y4fWjQFOBICEkiYAHTLjBJyr7lZV8D17xU1S2XpTVSWteN4oVYUKW5Nso+r7DEEiJdI8t3okPnjo3CvRl+eBxemzcN5Ttpd27ybKMIi0YY4T3zDwipSlY0mLERkoYXaaaGVslvtHTFOESpKiimml7CPD6JShxnbE6aG9sstS/mMKEVIh9VqdiwfH/ALIobd0dB9M4vNF8TWO5pSwkNQIc7u70Rot3DxIEK66lPcUveXeUkIyJCbRO1Wr1RcDSJASEVnXAynvqa+G7GEW5lNeXZ9MXkAJCNMZKFKbZy1dxOs9cOhXTGyMWjZRJkV0xdDRMalEzEllmeyEMo1b9kIHNV5VlhVaEqkbl5pn0T1KHpCTBtQzKCTztWUWFJZn5Vw6s/moAH7YwSdhxV2JPKegsVN6rPXLaXWhbi3IUP4Wc5dsk5GIGIMA17D99vLJq4urfUVsv26VF1HY4EEqSR08DBt5P2oZw1d3G1670+IbSP6UL1VrFMo7SXL+6atErJCS4qWo9AEiT6IzhFSi2/PyLlLLNHOMD4Yq3w0xeXFq/a29pNzU62pvWrSQEJ1BPTnxlBzVxMTF3VvdsNv27yLhpwEtuIVqSR4/NERwdYw4wUQnPPbS1hQsnmjZWp3iB9i2CCoZFKQkjziNS+11gXG5pWoHrDpmPVKGGXqWyy0jfMEoSAo6OspXEnh0xZq7poTMutTUok9RZz6PJ2CPCnBubfU9S2vaXdeZU2tO9bzSoDrp47NsVRcsOJCg63mJkFacj4TjF31hI6FgmWxpyU/xcBF7ZpSACsyEvwLv+TgUZIFoXL9uE/h2/y0/THGcQuh6r3i+l5Zn6Y6/dVOzTbPfhcm1n8A99U/vccZqbmq7uT0uL9sbbRWqdhlu39HyMo1PuKpXls26UrWm0SqR6swFqJkTt8YWrau1ml2VzTVOKSy4C2th4at38kHNPoyMR+XA/96L97+CsxP8AJnChh9n4WxPbb4bzeXK3l9EkzOfplHWtIruOaV3Yvgms2lFq5eu1FDLrRaLkidE8wSBnKFLHeKbKp2zVhT3d+2Vb15wAhJl5KU6gDPjOFSq8v6ZU3nLi3cXYuLzUltKVtKV06DKU9ukiMo3LmnWTyX7u4XeqSZpb0htrLhqSCSrzyisrSBRkO8vaOum0Yvup0vXit5mJENjyJjt4wYIwAJEgJAZADZFhDS0saR+mKBPJR8BFdsW+L4mKxrTWncZbh3mWgCBGiLRmWEaIwRogAunhEGrn7VHhE8Qm1U/zhPhGu0V60Tl9XlbY1OwjGCTzIc1Vq1R9S2n+Wo/RB2MEPmGrViRQ+pasD9uY33ztt5HlejRvvod4cMMtlvD1NTL+LoPnzieBMxFoyd3R6cn/ANkYPnbBibaoDj6BsmIrb/TtoeELme9Tqb+qutTKKrDe7aSnoAi0ARaOOrLPNvxPd20OVRhDokiNUNPdlavRCTw4Qr1BsuW6gNkj5oSeEdOy+B+Z5n6wr7eD6xI7trbOuJW7bsOqR5CnGkrUj5JUDL0Q+gydbMpnUI3SFCcOWDKnHSSJJEaysot24M4aOerUpwu/iVvAtUnNRSOz545rjtQfxTcdiGUeZAjotQGi80nhKOb4vBVii8l/DoT6wI5qum185Hp0NfVW+lP/AAdAtk6bK1b4aUNJ8yBE+mn+cTSfIQr2QnqISlMsgAhX8iGPh+3s05LSk/WKuPmjZSUdov2DjhFz9Sk//dv82GC7fAQ2yk63CkEIMpS6TEC6/m58oZ8ZbT0Qi3GKWkErLgKiPKCgCroAlshNusQO/wCELvNxp8gOLTpI+5SJ/wAqMIbnJLtPV3Ppq3VHsXYGbvhcEtBI6DnOI1xSaRdK1XFOp6lETmttOr2QWhjdZCm13DSFIE9aFgJXPhkNsRvv0dLkkvKUZ+UFI0+dSZxt7RQl8WV+Z5v8t3tGf0ZlboHG1plNtR/Nra0Z/wBk2gfMIdvLlqzs3319VLTTjijlsTBWtsQPvKTO5bOeYDoSseIGR9sRMcYjT8Gpp1qQpy4kp9aFT+yHkon91xPZFc+hCEstvJEvZbytVhGo5PzuJeDLdytYuaedGoJdXeOduer9tHUbYa7hI+6Hsgo8tKEq0p6qi4nSu6GloEZ7pPR8owc6YzNRcOzh4xntllp1ar/G3Y39Q+23W320MKeVMUHVhtBJ2CcIziitxSieMKV6v+bqz2fPCZFbKClKcvEPXKklGlST0t9yBBH5p1pSnrekIUQhI378siSZ6U5ekweRHM7pK6/jlbRzS7UEM559VCpS9UVv6jp0dHa+hh6Nto7jexzaqH1Bw5d4DZtaazUbu3bXd3ADiS6kL3CD5ISFZaiOJEG5qmIT5aiuWzgPVEhtlDLTbaMkoSEgDoGUXjmp1nThaKS6u2rPUq7KnVqOVS8lwjfRdg0LO1/gk+mNTZW/8GmHYtD51X32L2La/oodxVtCG/JQE+AhyKhUbqiZOUsW2a06dOGkIxXkiBVlfaoHQmfnMFzHF2bbCtTXw1N7ofnqhfqy/wCcy6EJgoc0393hgIHF26bSfBKVGOqDybS/9Nzx96ub6rl6zgvmI3KK2C6lULrYywhtPitUz6hHQ6eC5dI7AT5oJHKFnTT6k9tNwhH5LaT88Hmkj7cnoTEbL/azl1zGvqlqnqlGHCKghS2QIEZHMetHQ0GBOUZOMmYEDGKkf5ovxT7RCUOMKdSP81X4p9ohMT5Qjr2P9uZ5Pr+u4p/snMKHL787T/iCvauOmfG88cypyt1jRg8NNUI/8xQjp20+J+aI2f8Afr/tD9Y/2ux/Y/xEs2y49JKROcKNrbIt29I47TDrSUbtMsjKLGDc7hzbgtEb+memQoqFaTzSaTXgmUjI2BHOd5koyLRh4QDKq4RkAkxXOBAzYEhGRYQyTIwcYsYzOGhlpxmcACNhivcpAi2njGSlDiS3ZmCNECAIQDiMyIn2qZgRARkRE62XICAZLCI55z0J71REfF3d2r0gsj546IDNIMI+MsG2GMLNtq4dXbvMkqZfQkKKJiSgUkiYVtExEyHHEIuE+YlJwvhRNk4xcXV53h5e7QA23JYRIlxU/Ukwg1aq1zHNYaU42XHZ7u2tmAS20gnaeM/rKMG5PJumMKncVO6fT9VtpDJ/KK3PZCvTaDS6E1urC1QzsUvi4vtWs9Y9MpyGyISlayduw0zRUr2vjboMUCl/e5QmbRxYdU0HHXVCZSFK6xSmZ4J4AwRapjvEN/dFdtcKsmEn7JplKZy2FZKVFSjHRbprfW7jf10KT5xKOX0V74GrNk5doI7ndAPp4HqK0LylshVrxh9L7Qp2m3fgdbrbdxZUx96wbefuEhASnypAqAUoJ0gmQmZQjNvVxTGpdxcpcWhJCTZuSbVPMHS1nllnBhvLoM62zqE20lK0DUesqRkmR4SzM+gRRNSKU9dpYUN3kTInUkGZCUcc/JE44OXHodntFQLxer+rT3qoadZTr7jIcJzA3RVLZONSmvautc369Mif5opCD2T3euF5VSXqkGFqzXnNQTpTPMkpynpMh0xZF24q5WypsJ0Na1KBUQkn4pJlPLOHy4dELnT6hWqQrabS4WbmpaQ2onVb6ES2pmWxsOftjmNwvW6tXSo+2Oy4ivS5hSpXBTp+wcEutmJgT9Iji7nFXpgjBKSt0ZFepKS1FjlyNT+JXz8RgpB8ESha5cN68QNnjptnVDxyhI5bIlR8TP8AEq1p80xC1y1l8OdH80c9ojZYR8yI/HEP6eECAnhGxRoAxsZtgJEzPYILXC9kzFHMDsgJiqs1kxojWK0OebvJlkw4OEUSIuIbEaIsmKiNHGGA5CXUlarpXYAIU4Sb46rhfj9Ea7Nfa9hw+uNrZeckNQQMcq14ouB0NsJ9R+mD/tjnuMDrxddj7thP8hP0xtv/AOx2xPP9F/3vlGQf7JO7sLRPRbMD/wAtMTKYNVwD0AmIrSSlhlJ2NNjzJETqS2JuK4SkB64pPLtl+x/gzUeZ6q1/7zfzFAERsVKR2xVTiG/KcQgcZrUkDzqIjjPfHZCIdzTELUVoOmeyW3zwn1HmJhSlLLVxUWVOfwbAU+4PENpIB8TCLU+clolpXwZS3Lg7HLle7Qe0JTqX6CBDhVlTd07dTOvtaW6p5Kkb9Hxi+qF28TZUm3Nzf3aWGQR1iDnnwEuJPQJwlXPNTCFmC2ld24oTlJhY9ajw6II1fxnV8Qvocu3UtBv8EyzNLSO2R29vGE4u7wlRWFKPGecFbeVJaC23pO2oK6WtrXDhV+Z9jdp12lq/rnlrUEgS6QDn6oKl3VHr+9du3Ujeuq1qIEhPZ0wxGbYynuJuOW5rDY0o1nUxbVibcYorSg2kXK06U6ePHP6ITrq7v7k6lvuZ9CiB7YcWieyGXRoTlxhc+q1a5cdnQhLMoK5HdcUnylrJ+UfphlTo4klR2TJPtjblSgcojp6VcIWZviXkiuBdx2Z9EVSuKrdBiocEK76haPQfbBCvLPnh9F06gpBUVS4TMQkvAHbDyZKE55w1OXUTpQfBHQsNY/sLjdsPJXZy0o3eoFjYBoJM0wfabcocbTuVBSSBxInw4xwNCykwacGcxb2gOttXmu4tMkkzm60OlJPEDaDsjenu5uOR2scs/TKUa/Pi25PE6rUlTYl0kRBgJrdOq1i3cWjzbyHJGaT+2TxSYCSCMo7NhblvxZ5frkn7Sr8ImPLDTDrn1G1r/JSTHOuXrRqGPLRZzBuX3vMTB4xPciyw/Unpy026wD2qEhBU5J2pdxM7cKE9xbKz7VmUR6m/7a6v7jX9XIrPXqdEl3nVuMbKAn0wIwPQb4ggExsj+mUWIgBcSgi8VSDF4TKQk1QzuleCfZBL5tLlRrFP1rpR/wDLMHOpn+cufp2QSubn/dFP/wB6c/aR1v8A2L/YZ40tfWV/6yHOVAAw/cf725PzIg6Ujy3PR88E3lUkDDjx6bt32CDnSP3X0RFB/wDAf8xpulm9dX7UfkidGRaMlHMesjIEaIEoEDIVWMmZdKhCck5phRq6fsk/LEJwEpR2bL+0/Nnj+uv/AIqK/pRyx4qt8YCfxaq', 'Upload', 1, '38.73 MB', 11, '2025-12-11 09:44:30');
INSERT INTO `tbl_gallery` (`id`, `cat_id`, `video_title`, `video_url`, `video_id`, `video_thumbnail`, `video_duration`, `video_description`, `video_type`, `video_status`, `size`, `total_views`, `date_time`) VALUES
(108, 6, '[Facebook ]สื่อสำหรับเด็กปฐมวัย', '1765472651_media_for_early_childhood_education_video.mp4', 'cda11up', '1765472651_สื่อสำหรับเด็กปฐมวัย pic .jpg', '5:16', '<p>สื่อสำหรับเด็กปฐมวัย</p>\r\n\r\n<p>สื่อของเด็กคืออะไร ทำไมเด็กต้องเล่นของเล่น? การเรียนรู้เกิดจากการเล่นได้จริงหรือ?&nbsp;แล้วสื่อออนไลน์ใช่สิ่งที่เหมาะสำหรับเด็กหรือไม่?</p>\r\n\r\n<p>.</p>\r\n\r\n<p>TK Team ชวน อาจารย์ ดร.พรพิมล รอดเคราะห์ ผู้ช่วยหัวหน้าภาคหลักสูตรและวิธีสอน ฝ่ายเทคโนโลยีและนวัตกรรม คณะศึกษาศาสตร์ มหาวิทยาลัยศิลปากร ผู้เชี่ยวชาญด้านการออกแบบ และพัฒนานวัตกรรมสื่อการเรียนการสอน และการพัฒนาเกมดิจิทัลเพื่อการศึกษาสำหรับเด็ก สู่การนำไปปรับใช้และสร้างสรรค์สื่อการเรียนรู้ที่เหมาะสมสำหรับเด็ก มาเฉลยว่าสื่อที่เหมาะสมสำหรับเด็กปฐมวัยยุคนี้คือสิ่งใด และเราจะมีวิธีผลิตสื่อได้อย่างไร</p>\r\n\r\n<p>.</p>\r\n\r\n<p><a href=\"https://www.facebook.com/watch/hashtag/tkpark?__eep__=6%2F&amp;__tn__=*NK-R\">#TKPark</a>&nbsp;<a href=\"https://www.facebook.com/watch/hashtag/%E0%B9%81%E0%B8%AD%E0%B8%9B?__eep__=6%2F&amp;__tn__=*NK-R\">#แอป</a>&nbsp;<a href=\"https://www.facebook.com/watch/hashtag/%E0%B8%AA%E0%B8%B7%E0%B9%88%E0%B8%AD%E0%B8%81%E0%B8%B2%E0%B8%A3%E0%B8%AA%E0%B8%AD%E0%B8%99?__eep__=6%2F&amp;__tn__=*NK-R\">#สื่อการสอน</a>&nbsp;<a href=\"https://www.facebook.com/watch/hashtag/%E0%B9%80%E0%B8%94%E0%B9%87%E0%B8%81?__eep__=6%2F&amp;__tn__=*NK-R\">#เด็ก</a>&nbsp;<a href=\"https://www.facebook.com/watch/hashtag/%E0%B9%80%E0%B8%94%E0%B9%87%E0%B8%81%E0%B8%9B%E0%B8%90%E0%B8%A1%E0%B8%A7%E0%B8%B1%E0%B8%A2?__eep__=6%2F&amp;__tn__=*NK-R\">#เด็กปฐมวัย</a></p>\r\n\r\n<p>&nbsp;</p>\r\n\r\n<p>cr :&nbsp;</p>\r\n\r\n<h2><a href=\"https://www.facebook.com/tkparkclub?__tn__=-UC-R\"><strong>TK Park อุทยานการเรียนรู้</strong></a>&nbsp;</h2>\r\n\r\n<p>&nbsp;</p>\r\n', 'Upload', 1, '42.87 MB', 22, '2025-12-11 10:04:11'),
(109, 6, '[Facebook] ตอนที่ ๑ การอ่านนั้นสำคัญอย่างไร\\\"ปลุกสมรรถนะการอ่าน ปลุกการเรียนรู้สู่การพัฒนาสมรรถนะการอ่านขั้นสูง\\\" ', '1765474024_AQMzxk56puRdXQnM27UlHx1auIlnsuL3wqmi7ljwR2wyyB9_yhy0mOeWdDMtw_Kw2WsYwfZGJyiaISkdRknyHA.mp4', 'cda11up', '1765474024_294446435_1482807195494160_7227256804394614254_n.jpg', '14:30', '<p><img alt=\"\" src=\"https://scontent.fhan5-6.fna.fbcdn.net/v/t15.13418-10/294446435_1482807195494160_7227256804394614254_n.jpg?stp=dst-jpg_s526x296_tt6&amp;_nc_cat=105&amp;ccb=1-7&amp;_nc_sid=1727f7&amp;_nc_ohc=yvObbcX31coQ7kNvwEN7dwP&amp;_nc_oc=AdlwsXPxL-XkHWia1hoFV3RBpsYMsgSjGc8LOcdn22bQzJZXNbh8wBoCbRXbpErsNl0&amp;_nc_zt=23&amp;_nc_ht=scontent.fhan5-6.fna&amp;edm=AGo2L-IEAAAA&amp;_nc_gid=UyfopJHZarqHHHwHdJfTfQ&amp;oh=00_AfNKr7uNCQ1zSsykE3weSs1ng2ev4z4Rxh0DFFC1EIuJHg&amp;oe=685A1A0F\" /></p>\r\n\r\n<p>ตอนที่ ๑ การอ่านนั้นสำคัญอย่างไร&quot;ปลุกสมรรถนะการอ่าน ปลุกการเรียนรู้สู่การพัฒนาสมรรถนะการอ่านขั้นสูง&quot;&nbsp;ด้วยวีดิทัศน์การพัฒนาสมรรถนะการอ่านขั้นสูงสำหรับนักเรียนชั้นมัธยมศึกษาตอนต้นผ่านการจัดการเรียนรู้เชิงรุก (Active Learning)&nbsp;</p>\r\n\r\n<p>&nbsp;</p>\r\n\r\n<p>cr :&nbsp;https://web.facebook.com/thaiobec/videos/859913668323804</p>\r\n\r\n<h2><a href=\"https://web.facebook.com/thaiobec?__tn__=-UC-R\"><strong>สถาบันภาษาไทย สำนักวิชาการและมาตรฐานการศึกษา สพฐ.</strong></a></h2>\r\n\r\n<p>&nbsp;</p>\r\n', 'Upload', 1, '10.95 MB', 6, '2025-12-11 10:27:04'),
(112, 6, 'ตอนที่ ๒ อ่านเรื่องให้จบ\\\" ปลุกสมรรถนะการอ่าน ปลุกการเรียนรู้สู่การพัฒนาสมรรถนะการอ่านขั้นสูง\\\"', '1765474952_AQMson16Ad2noPnmjCR-AZaIaJPz_VVBTogyg00HwHcLTFjvPC0FzeuLj1bAn1_Pf2wG0r0UVBJk9tDpcjFLmT68iMAO40ac6DXP9I4LZUB0YA.mp4', 'cda11up', '1765474952_294903033_152145174070799_3887817956404413795_n.jpg', '14:20', '<h2>&nbsp;</h2>\r\n\r\n<p>ตอนที่ ๒ อ่านเรื่องให้จบ&quot; ปลุกสมรรถนะการอ่าน ปลุกการเรียนรู้สู่การพัฒนาสมรรถนะการอ่านขั้นสูง&quot;</p>\r\n\r\n<p>ด้วยวีดิทัศน์การพัฒนาสมรรถนะการอ่านขั้นสูงสำหรับนักเรียนชั้นมัธยมศึกษาตอนต้นผ่านการจัดการเรียนรู้เชิงรุก (Active Learning)</p>\r\n\r\n<p>&nbsp;</p>\r\n\r\n<p>หลังจากชมวีดิทัศน์แล้วรบกวนทำแบบสอบถามให้ด้วยนะคะ ขอบคุณค่ะ <a href=\"https://forms.gle/UEiVwVUmTXDASRmY7?fbclid=IwZXh0bgNhZW0CMTAAYnJpZBExS1VlbjlwS25vYTBFenVPSHNydGMGYXBwX2lkEDIyMjAzOTE3ODgyMDA4OTIAAR70Ho3dojgNCcrkpMgyv1xQArk9TYptRd2DQZ6UCWH_zuzHAvDs2fr8zWLEmw_aem_3qGK3uIQNydWPC1OBHM5XA\" target=\"_blank\">https://forms.gle/UEiVwVUmTXDASRmY7</a></p>\r\n\r\n<h1>&nbsp;</h1>\r\n\r\n<h2><a href=\"https://www.facebook.com/profile.php?id=100075714378865&amp;sk=reels_tab&amp;__cft__[0]=AZaHiLFOWvb2IyJnLtAWh8IJUwFT4zSOnwgnIPap8gm8q1TlrsDduv4YlebYjsfjCAH9DGhy0YY3tjI6dF77OQZKgmRbAyrhn781gHiTnfla6A2ZGRnAkxRXDxQ0xi2vQVt9lEhzPTbp_HipiFzwf5uW7PhNLPP2Xz2qB1Nrs1M3xw&amp;__tn__=-]F\" target=\"_blank\">สถาบันภาษาไทย สำนักวิชาการและมาตรฐานการศึกษา สพฐ.</a></h2>\r\n\r\n<p>&nbsp;</p>\r\n', 'Upload', 1, '41.32 MB', 13, '2025-12-11 10:42:32'),
(113, 6, ' เพลงเด็กฟังยาวๆ | เป็ดอาบน้ำในคลอง ช้าง ลิง กุ๊กไก่ กบ | เปิดฟังยาวๆเพลินๆเลยจ้า', 'https://www.youtube.com/watch?v=PlVV2QdudjA', 'PlVV2QdudjA', '1766117356_เพลงเด็กฟังยาวๆ - เป็ดอาบน้ำในคลอง ช้าง ลิง กุ๊กไก่.jpg', '99:99:99', '<p><img alt=\"\" src=\"https://i.ytimg.com/vi/PlVV2QdudjA/hqdefault.jpg\" /></p>\r\n\r\n<p>&nbsp;</p>\r\n\r\n<p>&nbsp;#เพลงเด็กอนุบาล #เพลงเป็ด #เพลงเด็กในตำนาน<br />\r\nเป็ดอาบน้ำในคลอง / ไก่ กุ๊ก กุ๊ก ไก่ / เต่าเอ๋ยเต่า / นกเขาบินข้ามเขา / กบเอยทำไมจึงร้อง<br />\r\nอึ่งอ่างมานั่งข้างโอ่ง / ม้า วิ่ง กรับ กรับ / จับปูดำขยำปูนา / แมงมุมลายตัวนั้น / ลิง เจี๊ยก เจี๊ยก<br />\r\n&hellip;.<br />\r\nฟังเพลงเพิ่มเติมในช่อง<br />\r\nเพลงเด็กรวมฮิต เป็ด ช้าง ลิง กบ กุ๊กไก่ เต่า แมงมุมลาย<br />\r\nhttps://www.youtube.com/watch?v=bsxTR...<br />\r\nสื่อการเรียนการสอน กไก่ / &nbsp;ABC / 7 วัน 7 สี / 1ปีมี 12 เดือน<br />\r\nhttps://www.youtube.com/watch?v=AcLn8...<br />\r\nเพลงเด็กภาษาอังกฤษ 5 little duck / Wheels On The Bus &nbsp;/Baby Shark<br />\r\nhttps://www.youtube.com/watch?v=64M5W...</p>\r\n\r\n<p><br />\r\nช่องเพลงเด็ก<br />\r\nสนับสนุนพัฒนาการเด็กไทย<br />\r\nเพื่อให้เรียนรู้เกี่ยวกับ เพลง และ สัตว์ ต่างๆ<br />\r\nเป็ด ลิง กบ ช้าง เต่า แมงมุม<br />\r\nเราทำเป็นเพลงออกมามากมายเพื่อให้เรียนรู้<br />\r\nผ่านเพลงได้ง่าย ส่งเสริมพัฒนาการ และอารมณ์<br />\r\nของเด็กไทย มีทั้งเพลงช้าง เพลงเป็ด เพลงเต่า<br />\r\nเพลงกบเอยทำไมจึงร้อง เพลงรถไฟ เพลงแมงมุมลาย<br />\r\nเพลงหนอนผีเสื้อ เพลงลิงเจี๊ยก เจี๊ยก และยังมี<br />\r\nเพลงสำหรับกล่อมนอน เพลงฟังก่อนนอน<br />\r\nเพลงกล่อมเด็กอีกด้วย ทั้งเพลง นกขมิ้นเหลืองอ่อน<br />\r\nเพลง เจ้านกกาเหว่าเอย อีกทั้งเพลงพื้นบ้าน<br />\r\nก็มีให้ฟังเพื่อร่วมอนุรักษ์วัฒนธรรมพื้นบ้านสืบไป<br />\r\nเช่น เพลงรีรี ข้าวสาร เพลงแม่งูเอ๋ย กินน้ำบ่อไหน<br />\r\nทั้งเด็กอนุบาล เด็กก่อนวัยเรียน เด็กปฐมวัย<br />\r\nจะได้เรียนรู้ไปพร้อมๆกัน<br />\r\n&nbsp; เพลงเด็ก ช่องเรา เป็น เพลงฮิต ที่ได้รับความนิยม<br />\r\nเป็น เพลงเด็กอนุบาล มีทั้งเพลงไทย และเพลงสากล<br />\r\nเรามี เพลงภาษาอังกฤษ ให้เด็กได้เรียนรู้ด้วย<br />\r\n#เพลงเด็กอนุบาล #เพลงเป็ด #เพลงเด็กในตำนาน<br />\r\n&nbsp;</p>\r\n', 'Youtube', 1, '', 4, '2025-12-18 21:09:16'),
(114, 6, 'ก เอ๋ย ก ไก่ (ฉบับอนุบาล) 🐔 ฝึกท่อง ก-ฮ ร้องตามง่าย ภาพการ์ตูน 3D | SUNZEN KIDS', 'https://www.youtube.com/watch?v=KQiiQZKm2uU', 'KQiiQZKm2uU', '1766118033_hqdefault.jpg', '2:26', '<p>&nbsp;</p>\r\n\r\n<p>ก เอ๋ย ก ไก่ (ฉบับอนุบาล) 🐔 ฝึกท่อง ก-ฮ ร้องตามง่าย ภาพการ์ตูน 3D | SUNZEN KIDS</p>\r\n\r\n<p>&nbsp;</p>\r\n\r\n<p><img alt=\"\" src=\"https://i.ytimg.com/vi/KQiiQZKm2uU/hqdefault.jpg\" /></p>\r\n\r\n<p>&nbsp;</p>\r\n\r\n<hr />\r\n<p>มาแล้วจ้า! เพลง ก เอ๋ย ก ไก่ ฉบับเด็กอนุบาลร้องประสานเสียงสุดน่ารัก! 🎶🎓 SUNZEN KIDS MELODY ชวนน้องๆ มาฝึกท่องพยัญชนะไทยทั้ง 44 ตัว ตั้งแต่ ก.ไก่ ถึง ฮ.นกฮูก ไปพร้อมๆ กับเพื่อนๆ ในห้องเรียน</p>\r\n\r\n<p>คลิปนี้มาพร้อมกับภาพการ์ตูน 3D Animation สีสันสดใส ตัวการ์ตูนน่ารัก ดุ๊กดิ๊ก ช่วยให้น้องๆ จำตัวอักษรได้ง่ายขึ้นและสนุกกับการเรียนรู้ เหมาะสำหรับเปิดให้น้องๆ ฝึกร้องตามที่บ้าน หรือคุณครูใช้เปิดประกอบการสอนในห้องเรียนก็ได้นะครับ</p>\r\n\r\n<p>📝 เนื้อเพลง ก เอ๋ย ก ไก่ (Lyrics):<br />\r\nก เอ๋ย ก ไก่ ข ไข่ อยู่ในเล้า ฃ ขวด ของเรา ค ควาย เข้านา</p>\r\n\r\n<p>ฅ คน ขึงขัง ฆ ระฆัง ข้างฝา ง งู ใจกล้า จ จาน ใช้ดี</p>\r\n\r\n<p>ฉ ฉิ่ง ตีดัง ช ช้าง วิ่งหนี ซ โซ่ ล่ามที ฌ เฌอ คู่กัน</p>\r\n\r\n<p>ญ หญิง โสภา ฎ ชฎา สวมพลัน ฏ ปฏัก หุนหัน ฐ ฐาน เข้ามารอง</p>\r\n\r\n<p>ฑ นางมณโฑ หน้าขาว ฒ ผู้เฒ่า เดินย่อง ณ เณร ไม่มอง ด เด็ก ต้องนิมนต์</p>\r\n\r\n<p>ต เต่า หลังตุง ถ ถุง แบกขน ท ทหาร อดทน ธ ธง คนนิยม</p>\r\n\r\n<p>น หนู ขวักไขว่ บ ใบไม้ ทับถม ป ปลา ตากลม ผ ผึ้ง ทำรัง</p>\r\n\r\n<p>ฝ ฝา ทนทาน พ พาน วางตั้ง ฟ ฟัน สะอาดจัง ภ สำเภา กางใบ</p>\r\n\r\n<p>ม ม้า คึกคัก ย ยักษ์ เขี้ยวใหญ่ ร เรือ พายไป ล ลิง ไต่ราว</p>\r\n\r\n<p>ว แหวน ลงยา ศ ศาลา เงียบเหงา ษ ฤๅษี หนวดยาว ส เสือ ดาวคะนอง</p>\r\n\r\n<p>ห หีบ ใส่ผ้า ฬ จุฬา ท่าผยอง อ อ่าง เนืองนอง ฮ นกฮูก ตาโต<br />\r\n🌟 อย่าลืมกดติดตามช่อง SUNZEN KIDS MELODY เพื่อดูการ์ตูนใหม่ๆ: 👉 Youtube: &nbsp; &nbsp;/ @sunzenkids &nbsp;</p>\r\n\r\n<p>ขอบคุณที่รับชมครับ! ❤️</p>\r\n\r\n<p>#กเอ๋ยกไก่ #เพลงเด็ก #ฝึกอ่านไทย #ThaiAlphabet #เพลงเด็กอนุบาล #SUNZENKIDS #สื่อการสอนปฐมวัย #การ์ตูน3D #เรียนภาษาไทย<br />\r\ncr :&nbsp;<a href=\"https://www.youtube.com/@sunzenkids\"><img alt=\"\" src=\"https://yt3.ggpht.com/WOFvuF0rivtmOZsr5q5Vlmn3sQGqKht83-jARizAE1x2Z9xArG9Bp95WvlMSlNN2u1sH7Hxy=s88-c-k-c0x00ffffff-no-rj\" style=\"width:40px\" /></a></p>\r\n\r\n<p><a href=\"https://www.youtube.com/@sunzenkids\">SUNZEN KIDS MELODY</a></p>\r\n\r\n<p>&nbsp;</p>\r\n\r\n<p>&nbsp;</p>\r\n', 'Youtube', 1, '', 0, '2025-12-18 21:20:33'),
(115, 6, '[FB] อ่านจับตา นวัตกรรมเพื่อพัฒนาทักษะเริ่มต้นการอ่านจับใจความ', '1766647610_อ่านจับตา นวัตกรรมเพื่อพัฒนาทักษะเริ่มต้นการอ่านจับใจความ.mp4', 'cda11up', '1766647610_อ่านจับตา นวัตกรรมเพื่อพัฒนาทักษะเริ่มต้นการอ่านจับใจความ.jpg', '12:02', '<p><a href=\"https://web.facebook.com/watch/hashtag/%E0%B8%AD%E0%B9%88%E0%B8%B2%E0%B8%99%E0%B8%88%E0%B8%B1%E0%B8%9A%E0%B8%95%E0%B8%B2?__eep__=6%2F&amp;__tn__=*NK\">#อ่านจับตา</a></p>\r\n\r\n<p>นวัตกรรมเพื่อพัฒนาทักษะเริ่มต้นการอ่านจับใจความ</p>\r\n\r\n<p>- ผลที่ได้น่าพึงพอใจดังนี้</p>\r\n\r\n<p>1.ผู้เรียน ไม่กลัวการอ่านเรื่องตอบคำถาม (มองเป็นเกมจับตา)</p>\r\n\r\n<p>2.ผู้เรียนได้ทักษะการหาคำตอบ จากโจทย์ตรงตามจุดประสงค์การสร้างนวัตกรรม</p>\r\n\r\n<p>3.ผู้เรียน เลิกนิสัยขี้เกียจอ่านโจทย์ / เลิกเดาตอบทันที</p>\r\n\r\n<p>4.ผู้เรียนส่วนใหญ่มีผลการทดสอบได้เต็ม 10 คะแนน</p>\r\n\r\n<p>และที่เหลือเกาะกลุ่มในช่วง 9 8 7 ทั้งหมด</p>\r\n\r\n<p>(มีเพียง 2 คนที่ได้ต่ำคือ 5 กับ 3 ต้องพัฒนาต่อไป)</p>\r\n\r\n<p>5.ผู้เรียนสนุกและมีความสุขในการเรียน&nbsp;<img alt=\"♥\" src=\"https://static.xx.fbcdn.net/images/emoji.php/v9/tac/1/16/2665.png\" style=\"height:16px; width:16px\" />&nbsp;<img alt=\"♥\" src=\"https://static.xx.fbcdn.net/images/emoji.php/v9/tac/1/16/2665.png\" style=\"height:16px; width:16px\" />&nbsp;<img alt=\"♥\" src=\"https://static.xx.fbcdn.net/images/emoji.php/v9/tac/1/16/2665.png\" style=\"height:16px; width:16px\" />&nbsp;&lt;ข้อนี้สำคัญสุดครับ</p>\r\n\r\n<p><a href=\"https://web.facebook.com/watch/hashtag/%E0%B8%AD%E0%B9%88%E0%B8%B2%E0%B8%99%E0%B8%AD%E0%B8%AD%E0%B8%81%E0%B9%80%E0%B8%82%E0%B8%B5%E0%B8%A2%E0%B8%99%E0%B9%84%E0%B8%94%E0%B9%89?__eep__=6%2F&amp;__tn__=*NK\">#อ่านออกเขียนได้</a>&nbsp;<a href=\"https://web.facebook.com/watch/hashtag/%E0%B8%8B%E0%B9%88%E0%B8%AD%E0%B8%A1%E0%B8%9A%E0%B8%B1%E0%B8%99%E0%B9%84%E0%B8%94%E0%B8%A0%E0%B8%B2%E0%B8%A9%E0%B8%B2?__eep__=6%2F&amp;__tn__=*NK\">#ซ่อมบันไดภาษา</a></p>\r\n\r\n<p>&nbsp;</p>\r\n\r\n<p>ดาวน์โหลด :&nbsp;<a href=\"https://drive.google.com/file/d/1Qm54hYX8-tsm6Fezqtwjmq8eeiqXDYdA/view?usp=sharing&amp;fbclid=IwY2xjawO5xa9leHRuA2FlbQIxMABicmlkETFrcnR5ZkNVYnhKSVk2SHlpc3J0YwZhcHBfaWQQMjIyMDM5MTc4ODIwMDg5MgABHoEk-S01YQjdFATSXipSu7Ut5SUzBAmlzE1FOvBHcpMxwjdUsswJb76tyePN_aem_arO6MWQ3or1t1s5l0kje6g\">https://drive.google.com/file/d/1Qm54hYX8-tsm6Fezqtwjmq8eeiqXDYdA/view?usp=sharing&amp;fbclid=IwY2xjawO5xa9leHRuA2FlbQIxMABicmlkETFrcnR5ZkNVYnhKSVk2SHlpc3J0YwZhcHBfaWQQMjIyMDM5MTc4ODIwMDg5MgABHoEk-S01YQjdFATSXipSu7Ut5SUzBAmlzE1FOvBHcpMxwjdUsswJb76tyePN_aem_arO6MWQ3or1t1s5l0kje6g</a></p>\r\n\r\n<p>ลิงก์สำรอง</p>\r\n\r\n<p><a href=\"https://drive.google.com/file/d/1Qm54hYX8-tsm6Fezqtwjmq8eeiqXDYdA/view?fbclid=IwY2xjawO5xcJleHRuA2FlbQIxMABicmlkETFrcnR5ZkNVYnhKSVk2SHlpc3J0YwZhcHBfaWQQMjIyMDM5MTc4ODIwMDg5MgABHgITHXyfwNZaTT74W4wx3keuVHmBojqRtZQUvafOF3_inJwZ5pUeTRG9947-_aem_4gkk3-Fg-PlQwikTUCn1aQ&amp;brid=G4Pe8Dbti-TlNuqINlW0uQ\">https://drive.google.com/file/d/1Qm54hYX8-tsm6Fezqtwjmq8eeiqXDYdA/view?fbclid=IwY2xjawO5xcJleHRuA2FlbQIxMABicmlkETFrcnR5ZkNVYnhKSVk2SHlpc3J0YwZhcHBfaWQQMjIyMDM5MTc4ODIwMDg5MgABHgITHXyfwNZaTT74W4wx3keuVHmBojqRtZQUvafOF3_inJwZ5pUeTRG9947-_aem_4gkk3-Fg-PlQwikTUCn1aQ&amp;brid=G4Pe8Dbti-TlNuqINlW0uQ</a></p>\r\n\r\n<p>&nbsp;</p>\r\n\r\n<p>cr:&nbsp;&nbsp;<a href=\"https://web.facebook.com/champ.dackula?__tn__=-UC\"><strong>พุฒิพงศ์ ห้องสวัสดิ์</strong></a></p>\r\n\r\n<p><a href=\"https://web.facebook.com/watch?v=859104730132004\">https://web.facebook.com/watch?v=859104730132004</a></p>\r\n', 'Upload', 1, '102.87 MB', 13, '2025-12-25 00:26:50'),
(116, 6, '[FB] สร้างความเข้าใจให้กับผู้เรียนระยะยาว #สระเอะเตะกระเด็น สอน+เกม', '1766651875_สร้างความเข้าใจให้กับผู้เรียนระยะยาว #สระเอะเตะกระเด็น สอน+เกม.mp4', 'cda11up', '1766651875_578068222_2406581446403614_2765545813671149511_n.jpg', '7:33', '<p><strong>สร้างความเข้าใจให้กับผู้เรียนระยะยาว <a href=\"https://web.facebook.com/watch/hashtag/%E0%B8%AA%E0%B8%A3%E0%B8%B0%E0%B9%80%E0%B8%AD%E0%B8%B0%E0%B9%80%E0%B8%95%E0%B8%B0%E0%B8%81%E0%B8%A3%E0%B8%B0%E0%B9%80%E0%B8%94%E0%B9%87%E0%B8%99?__eep__=6%2F&amp;__cft__[0]=AZYoL2DQWC3HHYe27hINditgYGrNhm2BzVe5oupLIMqQBQvTktW2Kn0RpSLjwVYzTe6b471HbVw8lmT2kra-RXwfxFZF0IDFXk0my7Qnr_pTJFdxyHZ8LQpRzVazGj7jGVhxDJxDKRoKoWt1LK25IxLXZ6Q949HgG9oX3BaAJ-1pIA&amp;__tn__=KF\">#สระเอะเตะกระเด็น</a> สอน+เกม</strong></p>\r\n\r\n<p>&nbsp;</p>\r\n\r\n<p><strong><img alt=\"\" src=\"https://scontent-lga3-2.xx.fbcdn.net/v/t15.5256-10/578068222_2406581446403614_2765545813671149511_n.jpg?_nc_cat=101&amp;ccb=1-7&amp;_nc_sid=a27664&amp;_nc_ohc=ONVwxX1pJYwQ7kNvwGf7x9e&amp;_nc_oc=AdngV8PKGa_hYI2plSskUGn_rduc1kdGay4SisfadfTyXu88WAmm8lujaqmHklDR6l4&amp;_nc_zt=23&amp;_nc_ht=scontent-lga3-2.xx&amp;_nc_gid=EbCXo1VLfNXx90pfnIQO0w&amp;oh=00_AfmjRd-TyhR3IuU8epG3ogOEjdzoHytDuMOuP7R6TjlMxQ&amp;oe=6952B78B\" /></strong></p>\r\n\r\n<p><a href=\"https://drive.google.com/file/d/1K8Fruv-IxsHZxFsvEBtoD9-hsjLb8qA8/view?fbclid=IwZXh0bgNhZW0CMTAAYnJpZBExa3J0eWZDVWJ4SklZNkh5aXNydGMGYXBwX2lkEDIyMjAzOTE3ODgyMDA4OTIAAR6BJPktNWEI3RQE0l4qUru1LeUlMwQJpcxNRTrwR3KTMcI3VLLMCW--rcnjzQ_aem_arO6MWQ3or1t1s5l0kje6g\" target=\"_blank\">https://drive.google.com/file/d/1K8Fruv-IxsHZxFsvEBtoD9-hsjLb8qA8/view?fbclid=IwY2xjawN8PcdleHRuA2FlbQIxMABicmlkETFkR2d5ZUV0OURNVmVUcDVwc3J0YwZhcHBfaWQQMjIyMDM5MTc4ODIwMDg5MgABHgx1aHCi_2jbPeLzYR3ktEulxInpE3MgUoZUhbd-18Vi6zLtoW0Pb57KCQwp_aem_yzn9iCBHQ4k-NcIwkD4gjw</a> บรรยากาศการใช้ <a href=\"https://web.facebook.com/watch/hashtag/%E0%B8%AA%E0%B8%A3%E0%B8%B0%E0%B9%80%E0%B8%AD%E0%B8%B0%E0%B9%80%E0%B8%95%E0%B8%B0%E0%B8%81%E0%B8%A3%E0%B8%B0%E0%B9%80%E0%B8%94%E0%B9%87%E0%B8%99?__eep__=6%2F&amp;__cft__[0]=AZYoL2DQWC3HHYe27hINditgYGrNhm2BzVe5oupLIMqQBQvTktW2Kn0RpSLjwVYzTe6b471HbVw8lmT2kra-RXwfxFZF0IDFXk0my7Qnr_pTJFdxyHZ8LQpRzVazGj7jGVhxDJxDKRoKoWt1LK25IxLXZ6Q949HgG9oX3BaAJ-1pIA&amp;__tn__=KF\">#สระเอะเตะกระเด็น</a> เพื่อสร้างความเข้าใจให้กับผู้เรียนเมื่อสระเอะต้องมีตัวสะกด &hearts;</p>\r\n\r\n<p>เกมสระเอะเตะจุดโทษ <a href=\"https://drive.google.com/file/d/17G4WcNG_rIAaJNYULObMGygUfLIe24BT/view?usp=sharing&amp;fbclid=IwZXh0bgNhZW0CMTAAYnJpZBExa3J0eWZDVWJ4SklZNkh5aXNydGMGYXBwX2lkEDIyMjAzOTE3ODgyMDA4OTIAAR5UFp38crkFg-AoSqmazKMcULZ5FXuFsw0cE4w9TYg_rSEuPsMpNtZkLZQpjQ_aem_GRQFUHnldWvzBU2vku0YHw\" target=\"_blank\">https://drive.google.com/file/d/17G4WcNG_rIAaJNYULObMGygUfLIe24BT/view?usp=sharing</a></p>\r\n\r\n<p>&nbsp;</p>\r\n\r\n<p>CR:&nbsp;&nbsp;<a href=\"https://web.facebook.com/reel/1153980463514715\">https://web.facebook.com/reel/1153980463514715</a></p>\r\n', 'Upload', 1, '56.96 MB', 5, '2025-12-25 01:35:09'),
(117, 7, ' สอน Wordpress ขั้นพื้นฐาน เข้าใจได้ใน 30 นาที 🎉', 'https://www.youtube.com/watch?v=EmH7osreiyk', 'EmH7osreiyk', '1768358252_สอน Wordpress ขั้นพื้นฐาน เข้าใจได้ใน 30 นาที.jpg', '34:11', '<p><strong>สอน Wordpress ขั้นพื้นฐาน เข้าใจได้ใน 30 นาที</strong></p>\r\n\r\n<p>&nbsp;</p>\r\n\r\n<p><strong><img alt=\"\" src=\"https://i.ytimg.com/vi/EmH7osreiyk/0.jpg\" style=\"height:360px; width:480px\" /></strong></p>\r\n\r\n<p>&nbsp;</p>\r\n\r\n<p>วีดีโอนี้ เป็น วีดีโอ Remaster ความรู้การสร้างเว็บไซต์ด้วย Wordpress โดยจะสอน Wordpress ขั้นพื้นฐาน ให้เห็นภาพรวมว่า แต่ละ Module ของ Wordpress มีการใช้งานอย่างไร และ มีไว้ทำอะไร</p>\r\n\r\n<p>วิธีการติดตั้ง Wordpress บนเครื่องตัวเอง<br />\r\n&nbsp; &nbsp;&bull; สอนติดตั้ง Wordpress บนเครื่องตัวเอง แบบหล... &nbsp;</p>\r\n\r\n<p>วิธีการติดตั้ง Wordpress บนเว็บโฮสติ้ง<br />\r\n&nbsp; &nbsp;&bull; สอนวิธีติดตั้ง Wordpress บนเว็บโฮสติ้ง แบบ... &nbsp;</p>\r\n\r\n<p>เนื้อหาในวีดีโอ<br />\r\n00:00 เริ่มต้น<br />\r\n00:25 หน้าบ้านของ Wordpress<br />\r\n01:39 วิธีเข้าระบบหลังบ้านของ Wordpress<br />\r\n03:53 Module ต่างๆของ Wordpress<br />\r\n04:05 ข้อมูลใน Wordpress Pages กับ Posts ต่างกันอย่างไร<br />\r\n05:20 เข้าใช้งาน Pages<br />\r\n06:08 วิธีการเปลี่ยนภาษา Admin<br />\r\n07:06 วางโครงสร้างเว็บไซต์ด้วย Pages<br />\r\n09:49 การตั้งค่าที่จำเป็น<br />\r\n16:31 การเลือกและเปลี่ยนธีมใน Wordpress<br />\r\n22:16 การจัดการเมนูในเว็บไซต์<br />\r\n24:26 การเปิดใช้งาน Widgets<br />\r\n28:52 ส่วนของ Tools<br />\r\n29:27 การสร้างผู้ใช้งานใน Wordpress<br />\r\n31:06 การติดตั้ง และ เปิดใช้งาน Plugins<br />\r\n33:18 สรุปและติดตาม</p>\r\n\r\n<p>ติดตามเราได้ที่<br />\r\n=============================================<br />\r\nFacebook : &nbsp; / palamike.web &nbsp;<br />\r\nYoutube : &nbsp; &nbsp;/ palamike &nbsp;<br />\r\nTwitter : &nbsp; / palamikeweb &nbsp;<br />\r\nWebsite : https://palamike.com<br />\r\nPodcasts : https://podcasts.palamike.com/<br />\r\nLine : @palamike<br />\r\n=============================================</p>\r\n', 'Youtube', 1, '', 0, '2026-01-13 19:37:32'),
(118, 6, 'กไก่ | เพลงเด็ก ก เอ๋ย กอไก่ | แบบเรียนกไก่ถึงฮนกฮูก สำหรับเด็กอนุบาล', 'https://www.youtube.com/watch?v=TyuU2Yd1dLI', 'TyuU2Yd1dLI', '', '2:11', 'เพลงเด็กสอนพยัญชนะไทย ก เอ๋ย กอไก่ ถึง ฮ นกฮูก เหมาะสำหรับเด็กอนุบาลและเด็กประถมต้น ช่วยให้จดจำพยัญชนะได้ง่ายขึ้น', 'youtube', 1, '', 0, '2026-07-15 17:56:48'),
(119, 6, 'เรียนรู้สระภาษาไทย สระอา สระอิ สระอี สระอู | สื่อการเรียนการสอน ป.1', 'https://www.youtube.com/watch?v=1SU7P9KMXeA', '1SU7P9KMXeA', '', '9:25', 'สื่อการเรียนการสอนภาษาไทย เรียนรู้สระ 10 ตัวพื้นฐาน พร้อมตัวอย่างคำและการออกเสียงที่ถูกต้อง เหมาะสำหรับชั้นประถมศึกษาปีที่ 1', 'youtube', 1, '', 0, '2026-07-15 17:56:48'),
(120, 6, 'My Name Song | เพลงภาษาไทยสำหรับเด็ก | สอนแนะนำตัวเอง', 'https://www.youtube.com/watch?v=95EFNsXgRhQ', '95EFNsXgRhQ', '', '4:01', 'เพลงสอนเด็กให้รู้จักการแนะนำตัวเอง บอกชื่อ อายุ และข้อมูลพื้นฐาน ผ่านบทเพลงสนุกสนานสำหรับเด็กปฐมวัย', 'youtube', 1, '', 0, '2026-07-15 17:56:48'),
(121, 6, 'ความหมายและประเภทของสื่อการเรียนการสอน | สื่อการสอนภาษาไทย ป.1', 'https://www.youtube.com/watch?v=Njr2ZJCkSL4', 'Njr2ZJCkSL4', '', '12:29', 'วิดีโอสื่อการเรียนการสอน อธิบายความหมายและประเภทของสื่อการสอน เหมาะสำหรับนักเรียนและครูผู้สอน เนื้อหาครอบคลุมตามหลักสูตร', 'youtube', 1, '', 0, '2026-07-15 17:56:48'),
(122, 6, 'Dinosaur Day Song | เพลงเรียนรู้ไดโนเสาร์ สนุกสนาน สำหรับเด็ก', 'https://www.youtube.com/watch?v=P10p7ALXkcU', 'P10p7ALXkcU', '', '3:20', 'เรียนรู้ชื่อไดโนเสาร์ต่างๆ ผ่านเพลงสนุกๆ ทั้ง T-Rex, Triceratops, Brachiosaurus เหมาะสำหรับเด็กอนุบาลถึงประถมต้น', 'youtube', 1, '', 0, '2026-07-15 17:56:48'),
(123, 6, 'เพลง สิทธิร่างกายเด็กๆ | สอนลูกปกป้องตัวเอง | เพลงเด็กเจ้าตัวเล็ก', 'https://www.youtube.com/watch?v=mia51UBAx6c', 'mia51UBAx6c', '', '2:45', 'เพลงสอนเด็กเรื่องสิทธิในร่างกายและการปกป้องตัวเองจากคนแปลกหน้า เรียนรู้อย่างสนุกและปลอดภัยสำหรับเจ้าตัวเล็ก', 'youtube', 1, '', 0, '2026-07-15 18:09:22'),
(124, 6, 'สื่อการเรียนรู้สำหรับเด็กปฐมวัย เรื่อง ผลไม้แต่ละฤดู', 'https://www.youtube.com/watch?v=FjBBB58jBV0', 'FjBBB58jBV0', '', '3:15', 'สื่อการสอนวิชาวิทยาศาสตร์และธรรมชาติรอบตัว เรื่อง ผลไม้ตามฤดูกาลต่างๆ ในประเทศไทย เหมาะสำหรับเด็กปฐมวัย', 'youtube', 1, '', 0, '2026-07-15 18:09:22'),
(125, 6, 'รวมเพลงเด็กสนุกๆ 5 เพลง | สื่อการเรียนการสอน | funkidsThesong', 'https://www.youtube.com/watch?v=H9jEZi9McGs', 'H9jEZi9McGs', '', '12:30', 'รวมเพลงเด็กอนุบาลยอดนิยม 5 เพลง เพื่อส่งเสริมจินตนาการ การเคลื่อนไหว และการเรียนรู้ภาษาไทยของเด็กวัยปฐมวัย', 'youtube', 1, '', 0, '2026-07-15 18:09:22'),
(126, 6, 'เพลง ก เอ๋ย ก ไก่ และม้าวิ่งกับกับ การ์ตูน 3D น่ารักๆ', 'https://www.youtube.com/watch?v=APvPcaobQhw', 'APvPcaobQhw', '', '3:00', 'หัดเรียนและท่องจำพยัญชนะไทย ก-ฮ ไปกับเพลง ก เอ๋ย ก ไก่ ในรูปแบบแอนิเมชัน 3 มิติสีสันสดใสชวนติดตาม', 'youtube', 1, '', 0, '2026-07-15 18:09:22'),
(127, 6, 'สื่อการเรียนรู้ทักษะทางภาษาสำหรับเด็กออทิสติกระดับปฐมวัย เรื่องการไปโรงเรียน', 'https://www.youtube.com/watch?v=cTqMRq_3RYA', 'cTqMRq_3RYA', '', '4:50', 'สื่อการเรียนรู้และเตรียมความพร้อมในการไปโรงเรียน เพื่อช่วยพัฒนาทักษะทางภาษาและการเข้าสังคมของเด็กเล็ก', 'youtube', 1, '', 0, '2026-07-15 18:09:22'),
(128, 6, 'เป็ดก้าบก้าบ เพลงเป็ดทำขนมหวานให้ฝูงปลา | Doodeekids เพลงเด็กการ์ตูน', 'https://www.youtube.com/watch?v=rCG_Zxghckg', 'rCG_Zxghckg', '', '2:15', 'เพลงเป็ดก้าบก้าบแสนสนุก สอนคำศัพท์ภาษาไทย เรื่อง สัตว์บก สัตว์น้ำ และอาหาร ผ่านแอนิเมชันเรื่องราวสุดน่ารัก', 'youtube', 1, '', 0, '2026-07-15 18:09:22'),
(129, 6, 'เต่าเอ๋ยเต่า เพลงเต่าเต้นกับเป็ดน้อย | Doodeekids การ์ตูนเด็กเล็ก', 'https://www.youtube.com/watch?v=Vu1eWXbpO5g', 'Vu1eWXbpO5g', '', '2:05', 'เพลงเด็กสอนเรื่องลักษณะและอวัยวะของเต่า เต่าเอ๋ยเต่าเต่ามันมีสี่ขา ร้องสนุกและเต้นตามได้ง่าย', 'youtube', 1, '', 0, '2026-07-15 18:09:22'),
(130, 6, 'เพลงก้าบก้าบเป็ดอาบน้ำ in คลอง | เพลงเด็กปฐมวัย เพลงเด็กอนุบาล', 'https://www.youtube.com/watch?v=Pdhx9zPnpUQ', 'Pdhx9zPnpUQ', '', '2:20', 'เพลงเด็กปฐมวัยในตำนาน เป็ดอาบน้ำในคลอง สอนให้เด็กๆ สังเกตสิ่งแวดล้อมรอบตัวและรักการอาบน้ำ', 'youtube', 1, '', 0, '2026-07-15 18:09:22'),
(131, 6, 'เพลงตุ๊กแก | เพลงเด็กปฐมวัย เพลงเด็กอนุบาลและการ์ตูน', 'https://www.youtube.com/watch?v=UQWUhhWCDJs', 'UQWUhhWCDJs', '', '2:10', 'เพลงตุ๊กแกสอนเด็กๆ ให้รู้จักเสียงร้องของตุ๊กแก พร้อมเรื่องราวแอนิเมชันสนุกสนาน ช่วยให้เด็กไม่กลัวสัตว์รอบบ้าน', 'youtube', 1, '', 0, '2026-07-15 18:09:22'),
(132, 6, 'พระอาทิตย์ยิ้มแฉ่ง & Finger Family | เพลงเด็กเจ้าตัวเล็ก', 'https://www.youtube.com/watch?v=87YwdWpCP-c', '87YwdWpCP-c', '', '4:40', 'รวมเพลงเด็กเสริมทักษะความรู้ทั่วไป เช่น เพลงพระอาทิตย์ยิ้มแฉ่ง และเพลงครอบครัวนิ้วมือเพื่อเรียนรู้ภาษาอังกฤษเบื้องต้น', 'youtube', 1, '', 0, '2026-07-15 18:09:22'),
(133, 6, 'เพลง หากว่าเรากำลังสบายจงปรบมือพลัน | เพลงเด็ก KidsMeSong', 'https://www.youtube.com/watch?v=XuLLmxoNY1A', 'XuLLmxoNY1A', '', '2:50', 'เพลงสันทนาการยอดนิยมสำหรับเด็กอนุบาลและกิจกรรมในห้องเรียน ช่วยฝึกทักษะการฟังและการเคลื่อนไหว', 'youtube', 1, '', 0, '2026-07-15 18:13:17'),
(134, 6, 'เพลง ก เอ๋ย ก ไก่ | พยัญชนะไทย | เพลงเด็กสอนสนุก', 'https://www.youtube.com/watch?v=DrPPWiC-LoI', 'DrPPWiC-LoI', '', '3:05', 'หัดออกเสียงและท่องจำตัวอักษรภาษาไทยทั้ง 44 ตัวผ่านบทเพลงและแอนิเมชันการ์ตูนสุดสนุก', 'youtube', 1, '', 2, '2026-07-15 18:13:17'),
(135, 6, 'เพลง เต่า เต่า เต่า มันมีสี่ขา | เพลงเด็กอนุบาลร้องสนุก', 'https://www.youtube.com/watch?v=sutjYYCZVkc', 'sutjYYCZVkc', '', '2:20', 'เพลงเต่าเอ๋ยเต่า เวอร์ชั่นสนุกสนานร้องและเต้นตามได้ง่าย สำหรับเด็กวัยเตาะแตะและอนุบาล', 'youtube', 1, '', 0, '2026-07-15 18:13:17'),
(136, 6, 'เพลงหนอนผีเสื้อ + รวมฮิตเพลงเด็กในตำนาน 13 เพลง | ฟังยาว 30 นาที', 'https://www.youtube.com/watch?v=wtVyLAjr8eQ', 'wtVyLAjr8eQ', '', '30:00', 'เพลงวงจรชีวิตของผีเสื้อ หนอนตัวใหญ่คลานต้วมเตี้ยม พร้อมรวมเพลงเด็กฮิตในตำนานสำหรับโรงเรียนปฐมวัย', 'youtube', 1, '', 0, '2026-07-15 18:13:17'),
(137, 6, 'รวมเพลงเด็กสุดสนุก 30 นาที | ไก่กุ๊กกุ๊กไก่ + เต่าเอ๋ยเต่า + ฝนเทลงมา', 'https://www.youtube.com/watch?v=XlR-V8JpKb8', 'XlR-V8JpKb8', '', '30:00', 'รวมเพลงเด็กอนุบาลร้องเต้นเล่นสนุก สำหรับเปืดเป็นสื่อการสอนหรือให้เด็กๆ ฟังผ่อนคลาย', 'youtube', 1, '', 0, '2026-07-15 18:13:17'),
(138, 6, 'เพลงไก่กุ๊กกุ๊กไก่ | เพลงเด็กปฐมวัย เพลงเด็กอนุบาลและการ์ตูน', 'https://www.youtube.com/watch?v=yo1YpPSZgoc', 'yo1YpPSZgoc', '', '2:10', 'เพลงไก่กุ๊กกุ๊กไก่ สอนให้เด็กๆ รู้จักแม่ไก่กับการเลี้ยงลูกเจี๊ยบ แอนิเมชันสดใสน่ารัก', 'youtube', 1, '', 0, '2026-07-15 18:13:17'),
(139, 6, 'เพลง ค ควาย เรียนรู้พยัญชนะไทย ก-ฮ สำหรับเด็ก | การ์ตูน 3D', 'https://www.youtube.com/watch?v=rxDL7nLxIEI', 'rxDL7nLxIEI', '', '2:40', 'เรียนรู้ตัวอักษร ค ควาย และพยัญชนะไทยอื่นๆ ไปกับแอนิเมชันการ์ตูน 3 มิติสีสันสดใส', 'youtube', 1, '', 0, '2026-07-15 18:13:17'),
(140, 6, 'เพลง ช้าง ช้าง ช้าง น้องเคยเห็นช้างหรือเปล่า | Callie Kids Songs', 'https://www.youtube.com/watch?v=kB4iwK6Vjk0', 'kB4iwK6Vjk0', '', '2:25', 'เพลงเด็กในตำนาน ช้างช้างช้าง เวอร์ชั่นใหม่ สีสันสวยงาม สอนความรู้รอบตัวเรื่องสัตว์และช้างให้เด็กๆ', 'youtube', 1, '', 0, '2026-07-15 18:13:17'),
(141, 6, 'เพลงเด็กอนุบาล เพลงจับปูดำ ขยำปูนา | เพลงเด็ก kiku kidsong', 'https://www.youtube.com/watch?v=8A910sic9iE', '8A910sic9iE', '', '2:15', 'เพลงจับปูดำขยำปูนา เพลงกิจกรรมสนุกๆ เพื่อฝึกกล้ามเนื้อมือและการเคลื่อนไหวประกอบบทเพลง', 'youtube', 1, '', 0, '2026-07-15 18:13:17'),
(142, 6, 'เพลง กบเอยทำไมจึงร้อง | เพลงเด็กอนุบาลแสนสนุก', 'https://www.youtube.com/watch?v=i4QDksV1Jk8', 'i4QDksV1Jk8', '', '2:35', 'เพลงกบเอยทำไมจึงร้อง สอนเรื่องปรากฏการณ์ธรรมชาติและระบบนิเวศง่ายๆ เช่น เมฆ ฝน และกบ ให้เด็กเข้าใจผ่านเพลง', 'youtube', 1, '', 0, '2026-07-15 18:13:17');

COMMIT;

-- --------------------------------------------------------

--
-- Table structure for table `tests`
--

CREATE TABLE `tests` (
  `id` int(10) UNSIGNED NOT NULL,
  `user_id` int(11) NOT NULL,
  `topic_id` int(11) NOT NULL,
  `marks` int(11) NOT NULL,
  `total_marks` int(11) NOT NULL,
  `created_at` timestamp NULL DEFAULT NULL,
  `updated_at` timestamp NULL DEFAULT NULL
) ENGINE=InnoDB DEFAULT CHARSET=utf8mb4 COLLATE=utf8mb4_unicode_ci;

--
-- Dumping data for table `tests`
--

INSERT INTO `tests` (`id`, `user_id`, `topic_id`, `marks`, `total_marks`, `created_at`, `updated_at`) VALUES
(1, 4, 2, 9, 10, '2026-01-15 03:30:00', '2026-01-15 03:30:00'),
(2, 4, 3, 15, 20, '2026-02-10 07:15:00', '2026-02-10 07:15:00'),
(3, 5, 2, 10, 10, '2026-02-28 02:00:00', '2026-02-28 02:00:00'),
(4, 5, 4, 8, 10, '2026-03-05 04:45:00', '2026-03-05 04:45:00'),
(5, 6, 2, 8, 10, '2026-03-22 09:20:00', '2026-03-22 09:20:00'),
(6, 6, 5, 18, 20, '2026-04-12 06:00:00', '2026-04-12 06:00:00'),
(7, 7, 3, 12, 20, '2026-04-29 08:30:00', '2026-04-29 08:30:00'),
(8, 7, 4, 9, 10, '2026-05-02 03:00:00', '2026-05-02 03:00:00'),
(9, 8, 2, 7, 10, '2026-05-18 04:10:00', '2026-05-18 04:10:00'),
(10, 8, 5, 14, 20, '2026-06-05 07:40:00', '2026-06-05 07:40:00'),
(11, 3, 2, 10, 10, '2026-06-20 02:30:00', '2026-06-20 02:30:00'),
(12, 3, 3, 18, 20, '2026-07-10 09:00:00', '2026-07-10 09:00:00');

-- --------------------------------------------------------

--
-- Table structure for table `topics`
--

CREATE TABLE `topics` (
  `id` int(10) UNSIGNED NOT NULL,
  `title` varchar(191) COLLATE utf8mb4_unicode_ci NOT NULL,
  `description` text COLLATE utf8mb4_unicode_ci,
  `per_q_mark` int(11) NOT NULL,
  `timer` int(11) DEFAULT NULL,
  `show_ans` varchar(10) COLLATE utf8mb4_unicode_ci DEFAULT NULL,
  `amount` float DEFAULT NULL,
  `created_at` timestamp NULL DEFAULT NULL,
  `updated_at` timestamp NULL DEFAULT NULL
) ENGINE=InnoDB DEFAULT CHARSET=utf8mb4 COLLATE=utf8mb4_unicode_ci;

--
-- Dumping data for table `topics`
--

INSERT INTO `topics` (`id`, `title`, `description`, `per_q_mark`, `timer`, `show_ans`, `amount`, `created_at`, `updated_at`) VALUES
(1, 'tesy', 'testttt', 2, 2, '0', NULL, '2026-07-15 10:04:11', '2026-07-15 10:04:11'),
(2, 'แบบทดสอบวิชาภาษาไทย ป.1', 'ทบทวนสระและพยัญชนะไทย', 1, 15, '1', NULL, '2026-07-05 18:24:16', '2026-07-05 18:24:16'),
(3, 'แบบทดสอบคณิตศาสตร์เบื้องต้น', 'การบวกและลบเลขไม่เกิน 100', 2, 20, '1', NULL, '2026-06-25 18:24:16', '2026-06-25 18:24:16'),
(4, 'ควิซความรู้ทั่วไปสำหรับเด็ก', 'สิ่งต่างๆ รอบตัวและธรรมชาติ', 1, 10, '1', NULL, '2026-06-15 18:24:16', '2026-06-15 18:24:16'),
(5, 'แบบทดสอบคำศัพท์ภาษาอังกฤษสัตว์ป่า', 'คำศัพท์ภาษาอังกฤษสัตว์และผลไม้', 2, 12, '1', NULL, '2026-06-05 18:24:16', '2026-06-05 18:24:16');

-- --------------------------------------------------------

--
-- Table structure for table `topic_user`
--

CREATE TABLE `topic_user` (
  `id` int(10) UNSIGNED NOT NULL,
  `user_id` int(10) UNSIGNED NOT NULL,
  `topic_id` int(10) UNSIGNED NOT NULL,
  `transaction_id` varchar(191) COLLATE utf8mb4_unicode_ci DEFAULT NULL,
  `status` tinyint(1) DEFAULT NULL,
  `amount` varchar(10) COLLATE utf8mb4_unicode_ci DEFAULT NULL,
  `created_at` timestamp NULL DEFAULT NULL,
  `updated_at` timestamp NULL DEFAULT NULL
) ENGINE=InnoDB DEFAULT CHARSET=utf8mb4 COLLATE=utf8mb4_unicode_ci;

-- --------------------------------------------------------

--
-- Table structure for table `users`
--

CREATE TABLE `users` (
  `id` int(10) UNSIGNED NOT NULL,
  `name` varchar(191) COLLATE utf8mb4_unicode_ci NOT NULL,
  `email` varchar(191) COLLATE utf8mb4_unicode_ci NOT NULL,
  `password` varchar(191) COLLATE utf8mb4_unicode_ci NOT NULL,
  `mobile` varchar(191) COLLATE utf8mb4_unicode_ci DEFAULT NULL,
  `address` text COLLATE utf8mb4_unicode_ci,
  `city` varchar(191) COLLATE utf8mb4_unicode_ci DEFAULT NULL,
  `role` char(191) COLLATE utf8mb4_unicode_ci DEFAULT NULL,
  `image` longtext COLLATE utf8mb4_unicode_ci,
  `remember_token` varchar(100) COLLATE utf8mb4_unicode_ci DEFAULT NULL,
  `delete_request` varchar(255) COLLATE utf8mb4_unicode_ci DEFAULT NULL,
  `delete_reason` varchar(255) COLLATE utf8mb4_unicode_ci DEFAULT NULL,
  `created_at` timestamp NULL DEFAULT NULL,
  `updated_at` timestamp NULL DEFAULT NULL
) ENGINE=InnoDB DEFAULT CHARSET=utf8mb4 COLLATE=utf8mb4_unicode_ci;

--
-- Dumping data for table `users`
--

INSERT INTO `users` (`id`, `name`, `email`, `password`, `mobile`, `address`, `city`, `role`, `image`, `remember_token`, `delete_request`, `delete_reason`, `created_at`, `updated_at`) VALUES
(1, 'Admin', 'admin@mediacity.co.in', '$2y$10$quNYU5xkfLey157jBYLT3ONQMMezoebsylBq1q4/1jGTmy67ogfXm', NULL, NULL, NULL, 'A', NULL, 'eAoyixdo9JKQGH5XgTGIeudrSbJO4mnGF6tXPMre2xNXDtb6eEacN4CyjPpl', NULL, NULL, '2017-12-10 17:16:00', '2019-02-12 15:07:00'),
(3, 'User', 'user@mediacity.co.in', '$2y$10$quNYU5xkfLey157jBYLT3ONQMMezoebsylBq1q4/1jGTmy67ogfXm', '1234567890', 'New Dehli', 'New Dehli', 'S', NULL, 'RlYiJM3RQeSqmhCarUjO1zYsTdguD3njfZMdh3HpIYDC4HSdxoKBYEh3i7lf', NULL, NULL, '2017-12-10 17:19:47', '2021-02-11 06:30:48'),
(4, 'Nong Kong', 'kong@quickquiz.com', '$2y$10$92IXUNpkjO0rOQ5byMi.Ye4oKoEa3Ro9llC/.og/at2.uheWG/igi', NULL, NULL, NULL, 'S', NULL, NULL, NULL, NULL, '2026-07-03 18:24:48', '2026-07-03 18:24:48'),
(5, 'Nong Kaem', 'kaem@quickquiz.com', '$2y$10$92IXUNpkjO0rOQ5byMi.Ye4oKoEa3Ro9llC/.og/at2.uheWG/igi', NULL, NULL, NULL, 'S', NULL, NULL, NULL, NULL, '2026-07-06 18:24:48', '2026-07-06 18:24:48'),
(6, 'Nong Fah', 'fah@quickquiz.com', '$2y$10$92IXUNpkjO0rOQ5byMi.Ye4oKoEa3Ro9llC/.og/at2.uheWG/igi', NULL, NULL, NULL, 'S', NULL, NULL, NULL, NULL, '2026-07-08 18:24:48', '2026-07-08 18:24:48'),
(7, 'Nong Dan', 'dan@quickquiz.com', '$2y$10$92IXUNpkjO0rOQ5byMi.Ye4oKoEa3Ro9llC/.og/at2.uheWG/igi', NULL, NULL, NULL, 'S', NULL, NULL, NULL, NULL, '2026-07-11 18:24:48', '2026-07-11 18:24:48'),
(8, 'Nong Bee', 'bee@quickquiz.com', '$2y$10$92IXUNpkjO0rOQ5byMi.Ye4oKoEa3Ro9llC/.og/at2.uheWG/igi', NULL, NULL, NULL, 'S', NULL, NULL, NULL, NULL, '2026-07-13 18:24:48', '2026-07-13 18:24:48'),
(9, 'Ponglang Petrung', 'pong@gmail.com', '$2y$12$77OyJU7h9RK83ChqcRAwi.d/nlBQ0zjGTeyFasYhWMxLj4BVOekMm', NULL, NULL, NULL, 'S', NULL, NULL, NULL, NULL, '2026-07-15 11:49:22', '2026-07-15 11:49:22');

--
-- Indexes for dumped tables
--

--
-- Indexes for table `answers`
--
ALTER TABLE `answers`
  ADD PRIMARY KEY (`id`),
  ADD KEY `answers_topic_id_foreign` (`topic_id`);

--
-- Indexes for table `authentication_log`
--
ALTER TABLE `authentication_log`
  ADD PRIMARY KEY (`id`);

--
-- Indexes for table `configs`
--
ALTER TABLE `configs`
  ADD PRIMARY KEY (`id`);

--
-- Indexes for table `copyrighttexts`
--
ALTER TABLE `copyrighttexts`
  ADD PRIMARY KEY (`id`);

--
-- Indexes for table `faq`
--
ALTER TABLE `faq`
  ADD PRIMARY KEY (`id`),
  ADD UNIQUE KEY `faq_title_unique` (`title`);

--
-- Indexes for table `migrations`
--
ALTER TABLE `migrations`
  ADD PRIMARY KEY (`id`);

--
-- Indexes for table `pages`
--
ALTER TABLE `pages`
  ADD PRIMARY KEY (`id`),
  ADD UNIQUE KEY `pages_name_unique` (`name`);

--
-- Indexes for table `password_resets`
--
ALTER TABLE `password_resets`
  ADD KEY `password_resets_email_index` (`email`);

--
-- Indexes for table `p_w_a_settings`
--
ALTER TABLE `p_w_a_settings`
  ADD PRIMARY KEY (`id`);

--
-- Indexes for table `questions`
--
ALTER TABLE `questions`
  ADD PRIMARY KEY (`id`),
  ADD KEY `questions_topic_id_foreign` (`topic_id`);

--
-- Indexes for table `sessions`
--
ALTER TABLE `sessions`
  ADD UNIQUE KEY `sessions_id_unique` (`id`);

--
-- Indexes for table `settings`
--
ALTER TABLE `settings`
  ADD PRIMARY KEY (`id`);

--
-- Indexes for table `social_icons`
--
ALTER TABLE `social_icons`
  ADD PRIMARY KEY (`id`);

--
-- Indexes for table `tests`
--
ALTER TABLE `tests`
  ADD PRIMARY KEY (`id`);

--
-- Indexes for table `topics`
--
ALTER TABLE `topics`
  ADD PRIMARY KEY (`id`);

--
-- Indexes for table `topic_user`
--
ALTER TABLE `topic_user`
  ADD PRIMARY KEY (`id`),
  ADD KEY `topic_user_user_id_foreign` (`user_id`),
  ADD KEY `topic_user_topic_id_foreign` (`topic_id`);

--
-- Indexes for table `users`
--
ALTER TABLE `users`
  ADD PRIMARY KEY (`id`),
  ADD UNIQUE KEY `users_email_unique` (`email`),
  ADD UNIQUE KEY `users_mobile_unique` (`mobile`);

--
-- AUTO_INCREMENT for dumped tables
--

--
-- AUTO_INCREMENT for table `answers`
--
ALTER TABLE `answers`
  MODIFY `id` int(10) UNSIGNED NOT NULL AUTO_INCREMENT, AUTO_INCREMENT=31;

--
-- AUTO_INCREMENT for table `authentication_log`
--
ALTER TABLE `authentication_log`
  MODIFY `id` bigint(20) UNSIGNED NOT NULL AUTO_INCREMENT, AUTO_INCREMENT=54;

--
-- AUTO_INCREMENT for table `configs`
--
ALTER TABLE `configs`
  MODIFY `id` int(10) UNSIGNED NOT NULL AUTO_INCREMENT;

--
-- AUTO_INCREMENT for table `copyrighttexts`
--
ALTER TABLE `copyrighttexts`
  MODIFY `id` int(10) UNSIGNED NOT NULL AUTO_INCREMENT, AUTO_INCREMENT=2;

--
-- AUTO_INCREMENT for table `faq`
--
ALTER TABLE `faq`
  MODIFY `id` int(10) UNSIGNED NOT NULL AUTO_INCREMENT;

--
-- AUTO_INCREMENT for table `migrations`
--
ALTER TABLE `migrations`
  MODIFY `id` int(10) UNSIGNED NOT NULL AUTO_INCREMENT, AUTO_INCREMENT=20;

--
-- AUTO_INCREMENT for table `pages`
--
ALTER TABLE `pages`
  MODIFY `id` int(10) UNSIGNED NOT NULL AUTO_INCREMENT;

--
-- AUTO_INCREMENT for table `p_w_a_settings`
--
ALTER TABLE `p_w_a_settings`
  MODIFY `id` bigint(20) UNSIGNED NOT NULL AUTO_INCREMENT;

--
-- AUTO_INCREMENT for table `questions`
--
ALTER TABLE `questions`
  MODIFY `id` int(10) UNSIGNED NOT NULL AUTO_INCREMENT, AUTO_INCREMENT=11;

--
-- AUTO_INCREMENT for table `settings`
--
ALTER TABLE `settings`
  MODIFY `id` int(10) UNSIGNED NOT NULL AUTO_INCREMENT, AUTO_INCREMENT=2;

--
-- AUTO_INCREMENT for table `social_icons`
--
ALTER TABLE `social_icons`
  MODIFY `id` int(10) UNSIGNED NOT NULL AUTO_INCREMENT;

--
-- AUTO_INCREMENT for table `topics`
--
ALTER TABLE `topics`
  MODIFY `id` int(10) UNSIGNED NOT NULL AUTO_INCREMENT, AUTO_INCREMENT=6;

--
-- AUTO_INCREMENT for table `topic_user`
--
ALTER TABLE `topic_user`
  MODIFY `id` int(10) UNSIGNED NOT NULL AUTO_INCREMENT;

--
-- AUTO_INCREMENT for table `users`
--
ALTER TABLE `users`
  MODIFY `id` int(10) UNSIGNED NOT NULL AUTO_INCREMENT, AUTO_INCREMENT=10;
COMMIT;

/*!40101 SET CHARACTER_SET_CLIENT=@OLD_CHARACTER_SET_CLIENT */;
/*!40101 SET CHARACTER_SET_RESULTS=@OLD_CHARACTER_SET_RESULTS */;
/*!40101 SET COLLATION_CONNECTION=@OLD_COLLATION_CONNECTION */;
